image_path,label
data/processed/driver_images_real/other_activities_0000.png,other_activities
data/processed/driver_images_real/other_activities_0001.png,other_activities
data/processed/driver_images_real/other_activities_0002.png,other_activities
data/processed/driver_images_real/other_activities_0003.png,other_activities
data/processed/driver_images_real/other_activities_0004.png,other_activities
data/processed/driver_images_real/other_activities_0005.png,other_activities
data/processed/driver_images_real/other_activities_0006.png,other_activities
data/processed/driver_images_real/other_activities_0007.png,other_activities
data/processed/driver_images_real/other_activities_0008.png,other_activities
data/processed/driver_images_real/other_activities_0009.png,other_activities
data/processed/driver_images_real/other_activities_0010.png,other_activities
data/processed/driver_images_real/other_activities_0011.png,other_activities
data/processed/driver_images_real/other_activities_0012.png,other_activities
data/processed/driver_images_real/other_activities_0013.png,other_activities
data/processed/driver_images_real/other_activities_0014.png,other_activities
data/processed/driver_images_real/other_activities_0015.png,other_activities
data/processed/driver_images_real/other_activities_0016.png,other_activities
data/processed/driver_images_real/other_activities_0017.png,other_activities
data/processed/driver_images_real/other_activities_0018.png,other_activities
data/processed/driver_images_real/other_activities_0019.png,other_activities
data/processed/driver_images_real/other_activities_0020.png,other_activities
data/processed/driver_images_real/other_activities_0021.png,other_activities
data/processed/driver_images_real/other_activities_0022.png,other_activities
data/processed/driver_images_real/other_activities_0023.png,other_activities
data/processed/driver_images_real/other_activities_0024.png,other_activities
data/processed/driver_images_real/other_activities_0025.png,other_activities
data/processed/driver_images_real/other_activities_0026.png,other_activities
data/processed/driver_images_real/other_activities_0027.png,other_activities
data/processed/driver_images_real/other_activities_0028.png,other_activities
data/processed/driver_images_real/other_activities_0029.png,other_activities
data/processed/driver_images_real/other_activities_0030.png,other_activities
data/processed/driver_images_real/other_activities_0031.png,other_activities
data/processed/driver_images_real/other_activities_0032.png,other_activities
data/processed/driver_images_real/other_activities_0033.png,other_activities
data/processed/driver_images_real/other_activities_0034.png,other_activities
data/processed/driver_images_real/other_activities_0035.png,other_activities
data/processed/driver_images_real/other_activities_0036.png,other_activities
data/processed/driver_images_real/other_activities_0037.png,other_activities
data/processed/driver_images_real/other_activities_0038.png,other_activities
data/processed/driver_images_real/other_activities_0039.png,other_activities
data/processed/driver_images_real/other_activities_0040.png,other_activities
data/processed/driver_images_real/other_activities_0041.png,other_activities
data/processed/driver_images_real/other_activities_0042.png,other_activities
data/processed/driver_images_real/other_activities_0043.png,other_activities
data/processed/driver_images_real/other_activities_0044.png,other_activities
data/processed/driver_images_real/other_activities_0045.png,other_activities
data/processed/driver_images_real/other_activities_0046.png,other_activities
data/processed/driver_images_real/other_activities_0047.png,other_activities
data/processed/driver_images_real/other_activities_0048.png,other_activities
data/processed/driver_images_real/other_activities_0049.png,other_activities
data/processed/driver_images_real/other_activities_0050.png,other_activities
data/processed/driver_images_real/other_activities_0051.png,other_activities
data/processed/driver_images_real/other_activities_0052.png,other_activities
data/processed/driver_images_real/other_activities_0053.png,other_activities
data/processed/driver_images_real/other_activities_0054.png,other_activities
data/processed/driver_images_real/other_activities_0055.png,other_activities
data/processed/driver_images_real/other_activities_0056.png,other_activities
data/processed/driver_images_real/other_activities_0057.png,other_activities
data/processed/driver_images_real/other_activities_0058.png,other_activities
data/processed/driver_images_real/other_activities_0059.png,other_activities
data/processed/driver_images_real/other_activities_0060.jpg,other_activities
data/processed/driver_images_real/other_activities_0061.jpg,other_activities
data/processed/driver_images_real/other_activities_0062.jpg,other_activities
data/processed/driver_images_real/other_activities_0063.jpg,other_activities
data/processed/driver_images_real/other_activities_0064.jpg,other_activities
data/processed/driver_images_real/other_activities_0065.jpg,other_activities
data/processed/driver_images_real/other_activities_0066.jpg,other_activities
data/processed/driver_images_real/other_activities_0067.jpg,other_activities
data/processed/driver_images_real/other_activities_0068.jpg,other_activities
data/processed/driver_images_real/other_activities_0069.jpg,other_activities
data/processed/driver_images_real/other_activities_0070.jpg,other_activities
data/processed/driver_images_real/other_activities_0071.jpg,other_activities
data/processed/driver_images_real/other_activities_0072.jpg,other_activities
data/processed/driver_images_real/other_activities_0073.jpg,other_activities
data/processed/driver_images_real/other_activities_0074.jpg,other_activities
data/processed/driver_images_real/other_activities_0075.jpg,other_activities
data/processed/driver_images_real/other_activities_0076.jpg,other_activities
data/processed/driver_images_real/other_activities_0077.jpg,other_activities
data/processed/driver_images_real/other_activities_0078.jpg,other_activities
data/processed/driver_images_real/other_activities_0079.jpg,other_activities
data/processed/driver_images_real/other_activities_0080.jpg,other_activities
data/processed/driver_images_real/other_activities_0081.jpg,other_activities
data/processed/driver_images_real/other_activities_0082.jpg,other_activities
data/processed/driver_images_real/other_activities_0083.jpg,other_activities
data/processed/driver_images_real/other_activities_0084.jpg,other_activities
data/processed/driver_images_real/other_activities_0085.jpg,other_activities
data/processed/driver_images_real/other_activities_0086.jpg,other_activities
data/processed/driver_images_real/other_activities_0087.jpg,other_activities
data/processed/driver_images_real/other_activities_0088.jpg,other_activities
data/processed/driver_images_real/other_activities_0089.jpg,other_activities
data/processed/driver_images_real/other_activities_0090.jpg,other_activities
data/processed/driver_images_real/other_activities_0091.jpg,other_activities
data/processed/driver_images_real/other_activities_0092.jpg,other_activities
data/processed/driver_images_real/other_activities_0093.jpg,other_activities
data/processed/driver_images_real/other_activities_0094.jpg,other_activities
data/processed/driver_images_real/other_activities_0095.jpg,other_activities
data/processed/driver_images_real/other_activities_0096.jpg,other_activities
data/processed/driver_images_real/other_activities_0097.jpg,other_activities
data/processed/driver_images_real/other_activities_0098.jpg,other_activities
data/processed/driver_images_real/other_activities_0099.jpg,other_activities
data/processed/driver_images_real/other_activities_0100.jpg,other_activities
data/processed/driver_images_real/other_activities_0101.jpg,other_activities
data/processed/driver_images_real/other_activities_0102.jpg,other_activities
data/processed/driver_images_real/other_activities_0103.jpg,other_activities
data/processed/driver_images_real/other_activities_0104.jpg,other_activities
data/processed/driver_images_real/other_activities_0105.jpg,other_activities
data/processed/driver_images_real/other_activities_0106.jpg,other_activities
data/processed/driver_images_real/other_activities_0107.jpg,other_activities
data/processed/driver_images_real/other_activities_0108.jpg,other_activities
data/processed/driver_images_real/other_activities_0109.jpg,other_activities
data/processed/driver_images_real/other_activities_0110.jpg,other_activities
data/processed/driver_images_real/other_activities_0111.jpg,other_activities
data/processed/driver_images_real/other_activities_0112.jpg,other_activities
data/processed/driver_images_real/other_activities_0113.jpg,other_activities
data/processed/driver_images_real/other_activities_0114.jpg,other_activities
data/processed/driver_images_real/other_activities_0115.jpg,other_activities
data/processed/driver_images_real/other_activities_0116.jpg,other_activities
data/processed/driver_images_real/other_activities_0117.jpg,other_activities
data/processed/driver_images_real/other_activities_0118.jpg,other_activities
data/processed/driver_images_real/other_activities_0119.jpg,other_activities
data/processed/driver_images_real/other_activities_0120.jpg,other_activities
data/processed/driver_images_real/other_activities_0121.jpg,other_activities
data/processed/driver_images_real/other_activities_0122.jpg,other_activities
data/processed/driver_images_real/other_activities_0123.jpg,other_activities
data/processed/driver_images_real/other_activities_0124.jpg,other_activities
data/processed/driver_images_real/other_activities_0125.jpg,other_activities
data/processed/driver_images_real/other_activities_0126.jpg,other_activities
data/processed/driver_images_real/other_activities_0127.jpg,other_activities
data/processed/driver_images_real/other_activities_0128.jpg,other_activities
data/processed/driver_images_real/other_activities_0129.jpg,other_activities
data/processed/driver_images_real/other_activities_0130.jpg,other_activities
data/processed/driver_images_real/other_activities_0131.jpg,other_activities
data/processed/driver_images_real/other_activities_0132.jpg,other_activities
data/processed/driver_images_real/other_activities_0133.jpg,other_activities
data/processed/driver_images_real/other_activities_0134.jpg,other_activities
data/processed/driver_images_real/other_activities_0135.jpg,other_activities
data/processed/driver_images_real/other_activities_0136.jpg,other_activities
data/processed/driver_images_real/other_activities_0137.jpg,other_activities
data/processed/driver_images_real/other_activities_0138.jpg,other_activities
data/processed/driver_images_real/other_activities_0139.jpg,other_activities
data/processed/driver_images_real/other_activities_0140.jpg,other_activities
data/processed/driver_images_real/other_activities_0141.jpg,other_activities
data/processed/driver_images_real/other_activities_0142.jpg,other_activities
data/processed/driver_images_real/other_activities_0143.jpg,other_activities
data/processed/driver_images_real/other_activities_0144.jpg,other_activities
data/processed/driver_images_real/other_activities_0145.jpg,other_activities
data/processed/driver_images_real/other_activities_0146.jpg,other_activities
data/processed/driver_images_real/other_activities_0147.jpg,other_activities
data/processed/driver_images_real/other_activities_0148.jpg,other_activities
data/processed/driver_images_real/other_activities_0149.jpg,other_activities
data/processed/driver_images_real/other_activities_0150.jpg,other_activities
data/processed/driver_images_real/other_activities_0151.jpg,other_activities
data/processed/driver_images_real/other_activities_0152.jpg,other_activities
data/processed/driver_images_real/other_activities_0153.jpg,other_activities
data/processed/driver_images_real/other_activities_0154.jpg,other_activities
data/processed/driver_images_real/other_activities_0155.jpg,other_activities
data/processed/driver_images_real/other_activities_0156.jpg,other_activities
data/processed/driver_images_real/other_activities_0157.jpg,other_activities
data/processed/driver_images_real/other_activities_0158.jpg,other_activities
data/processed/driver_images_real/other_activities_0159.jpg,other_activities
data/processed/driver_images_real/other_activities_0160.jpg,other_activities
data/processed/driver_images_real/other_activities_0161.jpg,other_activities
data/processed/driver_images_real/other_activities_0162.jpg,other_activities
data/processed/driver_images_real/other_activities_0163.jpg,other_activities
data/processed/driver_images_real/other_activities_0164.jpg,other_activities
data/processed/driver_images_real/other_activities_0165.jpg,other_activities
data/processed/driver_images_real/other_activities_0166.jpg,other_activities
data/processed/driver_images_real/other_activities_0167.jpg,other_activities
data/processed/driver_images_real/other_activities_0168.jpg,other_activities
data/processed/driver_images_real/other_activities_0169.jpg,other_activities
data/processed/driver_images_real/other_activities_0170.jpg,other_activities
data/processed/driver_images_real/other_activities_0171.jpg,other_activities
data/processed/driver_images_real/other_activities_0172.jpg,other_activities
data/processed/driver_images_real/other_activities_0173.jpg,other_activities
data/processed/driver_images_real/other_activities_0174.jpg,other_activities
data/processed/driver_images_real/other_activities_0175.jpg,other_activities
data/processed/driver_images_real/other_activities_0176.jpg,other_activities
data/processed/driver_images_real/other_activities_0177.jpg,other_activities
data/processed/driver_images_real/other_activities_0178.jpg,other_activities
data/processed/driver_images_real/other_activities_0179.jpg,other_activities
data/processed/driver_images_real/other_activities_0180.jpg,other_activities
data/processed/driver_images_real/other_activities_0181.jpg,other_activities
data/processed/driver_images_real/other_activities_0182.jpg,other_activities
data/processed/driver_images_real/other_activities_0183.jpg,other_activities
data/processed/driver_images_real/other_activities_0184.jpg,other_activities
data/processed/driver_images_real/other_activities_0185.jpg,other_activities
data/processed/driver_images_real/other_activities_0186.jpg,other_activities
data/processed/driver_images_real/other_activities_0187.jpg,other_activities
data/processed/driver_images_real/other_activities_0188.jpg,other_activities
data/processed/driver_images_real/other_activities_0189.jpg,other_activities
data/processed/driver_images_real/other_activities_0190.jpg,other_activities
data/processed/driver_images_real/other_activities_0191.jpg,other_activities
data/processed/driver_images_real/other_activities_0192.jpg,other_activities
data/processed/driver_images_real/other_activities_0193.jpg,other_activities
data/processed/driver_images_real/other_activities_0194.jpg,other_activities
data/processed/driver_images_real/other_activities_0195.jpg,other_activities
data/processed/driver_images_real/other_activities_0196.jpg,other_activities
data/processed/driver_images_real/other_activities_0197.jpg,other_activities
data/processed/driver_images_real/other_activities_0198.jpg,other_activities
data/processed/driver_images_real/other_activities_0199.jpg,other_activities
data/processed/driver_images_real/other_activities_0200.jpg,other_activities
data/processed/driver_images_real/other_activities_0201.jpg,other_activities
data/processed/driver_images_real/other_activities_0202.jpg,other_activities
data/processed/driver_images_real/other_activities_0203.jpg,other_activities
data/processed/driver_images_real/other_activities_0204.jpg,other_activities
data/processed/driver_images_real/other_activities_0205.jpg,other_activities
data/processed/driver_images_real/other_activities_0206.jpg,other_activities
data/processed/driver_images_real/other_activities_0207.jpg,other_activities
data/processed/driver_images_real/other_activities_0208.jpg,other_activities
data/processed/driver_images_real/other_activities_0209.jpg,other_activities
data/processed/driver_images_real/other_activities_0210.jpg,other_activities
data/processed/driver_images_real/other_activities_0211.jpg,other_activities
data/processed/driver_images_real/other_activities_0212.jpg,other_activities
data/processed/driver_images_real/other_activities_0213.jpg,other_activities
data/processed/driver_images_real/other_activities_0214.jpg,other_activities
data/processed/driver_images_real/other_activities_0215.jpg,other_activities
data/processed/driver_images_real/other_activities_0216.jpg,other_activities
data/processed/driver_images_real/other_activities_0217.jpg,other_activities
data/processed/driver_images_real/other_activities_0218.jpg,other_activities
data/processed/driver_images_real/other_activities_0219.jpg,other_activities
data/processed/driver_images_real/other_activities_0220.jpg,other_activities
data/processed/driver_images_real/other_activities_0221.jpg,other_activities
data/processed/driver_images_real/other_activities_0222.jpg,other_activities
data/processed/driver_images_real/other_activities_0223.jpg,other_activities
data/processed/driver_images_real/other_activities_0224.jpg,other_activities
data/processed/driver_images_real/other_activities_0225.jpg,other_activities
data/processed/driver_images_real/other_activities_0226.jpg,other_activities
data/processed/driver_images_real/other_activities_0227.jpg,other_activities
data/processed/driver_images_real/other_activities_0228.jpg,other_activities
data/processed/driver_images_real/other_activities_0229.jpg,other_activities
data/processed/driver_images_real/other_activities_0230.jpg,other_activities
data/processed/driver_images_real/other_activities_0231.jpg,other_activities
data/processed/driver_images_real/other_activities_0232.jpg,other_activities
data/processed/driver_images_real/other_activities_0233.jpg,other_activities
data/processed/driver_images_real/other_activities_0234.jpg,other_activities
data/processed/driver_images_real/other_activities_0235.jpg,other_activities
data/processed/driver_images_real/other_activities_0236.jpg,other_activities
data/processed/driver_images_real/other_activities_0237.jpg,other_activities
data/processed/driver_images_real/other_activities_0238.jpg,other_activities
data/processed/driver_images_real/other_activities_0239.jpg,other_activities
data/processed/driver_images_real/other_activities_0240.jpg,other_activities
data/processed/driver_images_real/other_activities_0241.jpg,other_activities
data/processed/driver_images_real/other_activities_0242.jpg,other_activities
data/processed/driver_images_real/other_activities_0243.jpg,other_activities
data/processed/driver_images_real/other_activities_0244.jpg,other_activities
data/processed/driver_images_real/other_activities_0245.jpg,other_activities
data/processed/driver_images_real/other_activities_0246.jpg,other_activities
data/processed/driver_images_real/other_activities_0247.jpg,other_activities
data/processed/driver_images_real/other_activities_0248.jpg,other_activities
data/processed/driver_images_real/other_activities_0249.jpg,other_activities
data/processed/driver_images_real/other_activities_0250.jpg,other_activities
data/processed/driver_images_real/other_activities_0251.jpg,other_activities
data/processed/driver_images_real/other_activities_0252.jpg,other_activities
data/processed/driver_images_real/other_activities_0253.jpg,other_activities
data/processed/driver_images_real/other_activities_0254.jpg,other_activities
data/processed/driver_images_real/other_activities_0255.jpg,other_activities
data/processed/driver_images_real/other_activities_0256.jpg,other_activities
data/processed/driver_images_real/other_activities_0257.jpg,other_activities
data/processed/driver_images_real/other_activities_0258.jpg,other_activities
data/processed/driver_images_real/other_activities_0259.jpg,other_activities
data/processed/driver_images_real/other_activities_0260.jpg,other_activities
data/processed/driver_images_real/other_activities_0261.jpg,other_activities
data/processed/driver_images_real/other_activities_0262.jpg,other_activities
data/processed/driver_images_real/other_activities_0263.jpg,other_activities
data/processed/driver_images_real/other_activities_0264.jpg,other_activities
data/processed/driver_images_real/other_activities_0265.jpg,other_activities
data/processed/driver_images_real/other_activities_0266.jpg,other_activities
data/processed/driver_images_real/other_activities_0267.jpg,other_activities
data/processed/driver_images_real/other_activities_0268.jpg,other_activities
data/processed/driver_images_real/other_activities_0269.jpg,other_activities
data/processed/driver_images_real/other_activities_0270.jpg,other_activities
data/processed/driver_images_real/other_activities_0271.jpg,other_activities
data/processed/driver_images_real/other_activities_0272.jpg,other_activities
data/processed/driver_images_real/other_activities_0273.jpg,other_activities
data/processed/driver_images_real/other_activities_0274.jpg,other_activities
data/processed/driver_images_real/other_activities_0275.jpg,other_activities
data/processed/driver_images_real/other_activities_0276.jpg,other_activities
data/processed/driver_images_real/other_activities_0277.jpg,other_activities
data/processed/driver_images_real/other_activities_0278.jpg,other_activities
data/processed/driver_images_real/other_activities_0279.jpg,other_activities
data/processed/driver_images_real/other_activities_0280.jpg,other_activities
data/processed/driver_images_real/other_activities_0281.jpg,other_activities
data/processed/driver_images_real/other_activities_0282.jpg,other_activities
data/processed/driver_images_real/other_activities_0283.jpg,other_activities
data/processed/driver_images_real/other_activities_0284.jpg,other_activities
data/processed/driver_images_real/other_activities_0285.jpg,other_activities
data/processed/driver_images_real/other_activities_0286.jpg,other_activities
data/processed/driver_images_real/other_activities_0287.jpg,other_activities
data/processed/driver_images_real/other_activities_0288.jpg,other_activities
data/processed/driver_images_real/other_activities_0289.jpg,other_activities
data/processed/driver_images_real/other_activities_0290.jpg,other_activities
data/processed/driver_images_real/other_activities_0291.jpg,other_activities
data/processed/driver_images_real/other_activities_0292.jpg,other_activities
data/processed/driver_images_real/other_activities_0293.jpg,other_activities
data/processed/driver_images_real/other_activities_0294.jpg,other_activities
data/processed/driver_images_real/other_activities_0295.jpg,other_activities
data/processed/driver_images_real/other_activities_0296.jpg,other_activities
data/processed/driver_images_real/other_activities_0297.jpg,other_activities
data/processed/driver_images_real/other_activities_0298.jpg,other_activities
data/processed/driver_images_real/other_activities_0299.jpg,other_activities
data/processed/driver_images_real/other_activities_0300.jpg,other_activities
data/processed/driver_images_real/other_activities_0301.jpg,other_activities
data/processed/driver_images_real/other_activities_0302.jpg,other_activities
data/processed/driver_images_real/other_activities_0303.jpg,other_activities
data/processed/driver_images_real/other_activities_0304.jpg,other_activities
data/processed/driver_images_real/other_activities_0305.jpg,other_activities
data/processed/driver_images_real/other_activities_0306.jpg,other_activities
data/processed/driver_images_real/other_activities_0307.jpg,other_activities
data/processed/driver_images_real/other_activities_0308.jpg,other_activities
data/processed/driver_images_real/other_activities_0309.jpg,other_activities
data/processed/driver_images_real/other_activities_0310.jpg,other_activities
data/processed/driver_images_real/other_activities_0311.jpg,other_activities
data/processed/driver_images_real/other_activities_0312.jpg,other_activities
data/processed/driver_images_real/other_activities_0313.jpg,other_activities
data/processed/driver_images_real/other_activities_0314.jpg,other_activities
data/processed/driver_images_real/other_activities_0315.jpg,other_activities
data/processed/driver_images_real/other_activities_0316.jpg,other_activities
data/processed/driver_images_real/other_activities_0317.jpg,other_activities
data/processed/driver_images_real/other_activities_0318.jpg,other_activities
data/processed/driver_images_real/other_activities_0319.jpg,other_activities
data/processed/driver_images_real/other_activities_0320.jpg,other_activities
data/processed/driver_images_real/other_activities_0321.jpg,other_activities
data/processed/driver_images_real/other_activities_0322.jpg,other_activities
data/processed/driver_images_real/other_activities_0323.jpg,other_activities
data/processed/driver_images_real/other_activities_0324.jpg,other_activities
data/processed/driver_images_real/other_activities_0325.jpg,other_activities
data/processed/driver_images_real/other_activities_0326.jpg,other_activities
data/processed/driver_images_real/other_activities_0327.jpg,other_activities
data/processed/driver_images_real/other_activities_0328.jpg,other_activities
data/processed/driver_images_real/other_activities_0329.jpg,other_activities
data/processed/driver_images_real/other_activities_0330.jpg,other_activities
data/processed/driver_images_real/other_activities_0331.jpg,other_activities
data/processed/driver_images_real/other_activities_0332.jpg,other_activities
data/processed/driver_images_real/other_activities_0333.jpg,other_activities
data/processed/driver_images_real/other_activities_0334.jpg,other_activities
data/processed/driver_images_real/other_activities_0335.jpg,other_activities
data/processed/driver_images_real/other_activities_0336.jpg,other_activities
data/processed/driver_images_real/other_activities_0337.jpg,other_activities
data/processed/driver_images_real/other_activities_0338.jpg,other_activities
data/processed/driver_images_real/other_activities_0339.jpg,other_activities
data/processed/driver_images_real/other_activities_0340.jpg,other_activities
data/processed/driver_images_real/other_activities_0341.jpg,other_activities
data/processed/driver_images_real/other_activities_0342.jpg,other_activities
data/processed/driver_images_real/other_activities_0343.jpg,other_activities
data/processed/driver_images_real/other_activities_0344.jpg,other_activities
data/processed/driver_images_real/other_activities_0345.jpg,other_activities
data/processed/driver_images_real/other_activities_0346.jpg,other_activities
data/processed/driver_images_real/other_activities_0347.jpg,other_activities
data/processed/driver_images_real/other_activities_0348.jpg,other_activities
data/processed/driver_images_real/other_activities_0349.jpg,other_activities
data/processed/driver_images_real/other_activities_0350.jpg,other_activities
data/processed/driver_images_real/other_activities_0351.jpg,other_activities
data/processed/driver_images_real/other_activities_0352.jpg,other_activities
data/processed/driver_images_real/other_activities_0353.jpg,other_activities
data/processed/driver_images_real/other_activities_0354.jpg,other_activities
data/processed/driver_images_real/other_activities_0355.jpg,other_activities
data/processed/driver_images_real/other_activities_0356.jpg,other_activities
data/processed/driver_images_real/other_activities_0357.jpg,other_activities
data/processed/driver_images_real/other_activities_0358.jpg,other_activities
data/processed/driver_images_real/other_activities_0359.jpg,other_activities
data/processed/driver_images_real/other_activities_0360.jpg,other_activities
data/processed/driver_images_real/other_activities_0361.jpg,other_activities
data/processed/driver_images_real/other_activities_0362.jpg,other_activities
data/processed/driver_images_real/other_activities_0363.jpg,other_activities
data/processed/driver_images_real/other_activities_0364.jpg,other_activities
data/processed/driver_images_real/other_activities_0365.jpg,other_activities
data/processed/driver_images_real/other_activities_0366.jpg,other_activities
data/processed/driver_images_real/other_activities_0367.jpg,other_activities
data/processed/driver_images_real/other_activities_0368.jpg,other_activities
data/processed/driver_images_real/other_activities_0369.jpg,other_activities
data/processed/driver_images_real/other_activities_0370.jpg,other_activities
data/processed/driver_images_real/other_activities_0371.jpg,other_activities
data/processed/driver_images_real/other_activities_0372.jpg,other_activities
data/processed/driver_images_real/other_activities_0373.jpg,other_activities
data/processed/driver_images_real/other_activities_0374.jpg,other_activities
data/processed/driver_images_real/other_activities_0375.jpg,other_activities
data/processed/driver_images_real/other_activities_0376.jpg,other_activities
data/processed/driver_images_real/other_activities_0377.jpg,other_activities
data/processed/driver_images_real/other_activities_0378.jpg,other_activities
data/processed/driver_images_real/other_activities_0379.jpg,other_activities
data/processed/driver_images_real/other_activities_0380.jpg,other_activities
data/processed/driver_images_real/other_activities_0381.jpg,other_activities
data/processed/driver_images_real/other_activities_0382.jpg,other_activities
data/processed/driver_images_real/other_activities_0383.jpg,other_activities
data/processed/driver_images_real/other_activities_0384.jpg,other_activities
data/processed/driver_images_real/other_activities_0385.jpg,other_activities
data/processed/driver_images_real/other_activities_0386.jpg,other_activities
data/processed/driver_images_real/other_activities_0387.jpg,other_activities
data/processed/driver_images_real/other_activities_0388.jpg,other_activities
data/processed/driver_images_real/other_activities_0389.jpg,other_activities
data/processed/driver_images_real/other_activities_0390.jpg,other_activities
data/processed/driver_images_real/other_activities_0391.jpg,other_activities
data/processed/driver_images_real/other_activities_0392.jpg,other_activities
data/processed/driver_images_real/other_activities_0393.jpg,other_activities
data/processed/driver_images_real/other_activities_0394.jpg,other_activities
data/processed/driver_images_real/other_activities_0395.jpg,other_activities
data/processed/driver_images_real/other_activities_0396.jpg,other_activities
data/processed/driver_images_real/other_activities_0397.jpg,other_activities
data/processed/driver_images_real/other_activities_0398.jpg,other_activities
data/processed/driver_images_real/other_activities_0399.jpg,other_activities
data/processed/driver_images_real/other_activities_0400.jpg,other_activities
data/processed/driver_images_real/other_activities_0401.jpg,other_activities
data/processed/driver_images_real/other_activities_0402.jpg,other_activities
data/processed/driver_images_real/other_activities_0403.jpg,other_activities
data/processed/driver_images_real/other_activities_0404.jpg,other_activities
data/processed/driver_images_real/other_activities_0405.jpg,other_activities
data/processed/driver_images_real/other_activities_0406.jpg,other_activities
data/processed/driver_images_real/other_activities_0407.jpg,other_activities
data/processed/driver_images_real/other_activities_0408.jpg,other_activities
data/processed/driver_images_real/other_activities_0409.jpg,other_activities
data/processed/driver_images_real/other_activities_0410.jpg,other_activities
data/processed/driver_images_real/other_activities_0411.jpg,other_activities
data/processed/driver_images_real/other_activities_0412.jpg,other_activities
data/processed/driver_images_real/other_activities_0413.jpg,other_activities
data/processed/driver_images_real/other_activities_0414.jpg,other_activities
data/processed/driver_images_real/other_activities_0415.jpg,other_activities
data/processed/driver_images_real/other_activities_0416.jpg,other_activities
data/processed/driver_images_real/other_activities_0417.jpg,other_activities
data/processed/driver_images_real/other_activities_0418.jpg,other_activities
data/processed/driver_images_real/other_activities_0419.jpg,other_activities
data/processed/driver_images_real/other_activities_0420.jpg,other_activities
data/processed/driver_images_real/other_activities_0421.jpg,other_activities
data/processed/driver_images_real/other_activities_0422.jpg,other_activities
data/processed/driver_images_real/other_activities_0423.jpg,other_activities
data/processed/driver_images_real/other_activities_0424.jpg,other_activities
data/processed/driver_images_real/other_activities_0425.jpg,other_activities
data/processed/driver_images_real/other_activities_0426.jpg,other_activities
data/processed/driver_images_real/other_activities_0427.jpg,other_activities
data/processed/driver_images_real/other_activities_0428.jpg,other_activities
data/processed/driver_images_real/other_activities_0429.jpg,other_activities
data/processed/driver_images_real/other_activities_0430.jpg,other_activities
data/processed/driver_images_real/other_activities_0431.jpg,other_activities
data/processed/driver_images_real/other_activities_0432.jpg,other_activities
data/processed/driver_images_real/other_activities_0433.jpg,other_activities
data/processed/driver_images_real/other_activities_0434.jpg,other_activities
data/processed/driver_images_real/other_activities_0435.jpg,other_activities
data/processed/driver_images_real/other_activities_0436.jpg,other_activities
data/processed/driver_images_real/other_activities_0437.jpg,other_activities
data/processed/driver_images_real/other_activities_0438.jpg,other_activities
data/processed/driver_images_real/other_activities_0439.jpg,other_activities
data/processed/driver_images_real/other_activities_0440.jpg,other_activities
data/processed/driver_images_real/other_activities_0441.jpg,other_activities
data/processed/driver_images_real/other_activities_0442.jpg,other_activities
data/processed/driver_images_real/other_activities_0443.jpg,other_activities
data/processed/driver_images_real/other_activities_0444.jpg,other_activities
data/processed/driver_images_real/other_activities_0445.jpg,other_activities
data/processed/driver_images_real/other_activities_0446.jpg,other_activities
data/processed/driver_images_real/other_activities_0447.jpg,other_activities
data/processed/driver_images_real/other_activities_0448.jpg,other_activities
data/processed/driver_images_real/other_activities_0449.jpg,other_activities
data/processed/driver_images_real/other_activities_0450.jpg,other_activities
data/processed/driver_images_real/other_activities_0451.jpg,other_activities
data/processed/driver_images_real/other_activities_0452.jpg,other_activities
data/processed/driver_images_real/other_activities_0453.jpg,other_activities
data/processed/driver_images_real/other_activities_0454.jpg,other_activities
data/processed/driver_images_real/other_activities_0455.jpg,other_activities
data/processed/driver_images_real/other_activities_0456.jpg,other_activities
data/processed/driver_images_real/other_activities_0457.jpg,other_activities
data/processed/driver_images_real/other_activities_0458.jpg,other_activities
data/processed/driver_images_real/other_activities_0459.jpg,other_activities
data/processed/driver_images_real/other_activities_0460.jpg,other_activities
data/processed/driver_images_real/other_activities_0461.jpg,other_activities
data/processed/driver_images_real/other_activities_0462.jpg,other_activities
data/processed/driver_images_real/other_activities_0463.jpg,other_activities
data/processed/driver_images_real/other_activities_0464.jpg,other_activities
data/processed/driver_images_real/other_activities_0465.jpg,other_activities
data/processed/driver_images_real/other_activities_0466.jpg,other_activities
data/processed/driver_images_real/other_activities_0467.jpg,other_activities
data/processed/driver_images_real/other_activities_0468.jpg,other_activities
data/processed/driver_images_real/other_activities_0469.jpg,other_activities
data/processed/driver_images_real/other_activities_0470.jpg,other_activities
data/processed/driver_images_real/other_activities_0471.jpg,other_activities
data/processed/driver_images_real/other_activities_0472.jpg,other_activities
data/processed/driver_images_real/other_activities_0473.jpg,other_activities
data/processed/driver_images_real/other_activities_0474.jpg,other_activities
data/processed/driver_images_real/other_activities_0475.jpg,other_activities
data/processed/driver_images_real/other_activities_0476.jpg,other_activities
data/processed/driver_images_real/other_activities_0477.jpg,other_activities
data/processed/driver_images_real/other_activities_0478.jpg,other_activities
data/processed/driver_images_real/other_activities_0479.jpg,other_activities
data/processed/driver_images_real/other_activities_0480.jpg,other_activities
data/processed/driver_images_real/other_activities_0481.jpg,other_activities
data/processed/driver_images_real/other_activities_0482.jpg,other_activities
data/processed/driver_images_real/other_activities_0483.jpg,other_activities
data/processed/driver_images_real/other_activities_0484.jpg,other_activities
data/processed/driver_images_real/other_activities_0485.jpg,other_activities
data/processed/driver_images_real/other_activities_0486.jpg,other_activities
data/processed/driver_images_real/other_activities_0487.jpg,other_activities
data/processed/driver_images_real/other_activities_0488.jpg,other_activities
data/processed/driver_images_real/other_activities_0489.jpg,other_activities
data/processed/driver_images_real/other_activities_0490.jpg,other_activities
data/processed/driver_images_real/other_activities_0491.jpg,other_activities
data/processed/driver_images_real/other_activities_0492.jpg,other_activities
data/processed/driver_images_real/other_activities_0493.jpg,other_activities
data/processed/driver_images_real/other_activities_0494.jpg,other_activities
data/processed/driver_images_real/other_activities_0495.jpg,other_activities
data/processed/driver_images_real/other_activities_0496.jpg,other_activities
data/processed/driver_images_real/other_activities_0497.jpg,other_activities
data/processed/driver_images_real/other_activities_0498.jpg,other_activities
data/processed/driver_images_real/other_activities_0499.jpg,other_activities
data/processed/driver_images_real/other_activities_0500.jpg,other_activities
data/processed/driver_images_real/other_activities_0501.jpg,other_activities
data/processed/driver_images_real/other_activities_0502.jpg,other_activities
data/processed/driver_images_real/other_activities_0503.jpg,other_activities
data/processed/driver_images_real/other_activities_0504.jpg,other_activities
data/processed/driver_images_real/other_activities_0505.jpg,other_activities
data/processed/driver_images_real/other_activities_0506.jpg,other_activities
data/processed/driver_images_real/other_activities_0507.jpg,other_activities
data/processed/driver_images_real/other_activities_0508.jpg,other_activities
data/processed/driver_images_real/other_activities_0509.jpg,other_activities
data/processed/driver_images_real/other_activities_0510.jpg,other_activities
data/processed/driver_images_real/other_activities_0511.jpg,other_activities
data/processed/driver_images_real/other_activities_0512.jpg,other_activities
data/processed/driver_images_real/other_activities_0513.jpg,other_activities
data/processed/driver_images_real/other_activities_0514.jpg,other_activities
data/processed/driver_images_real/other_activities_0515.jpg,other_activities
data/processed/driver_images_real/other_activities_0516.jpg,other_activities
data/processed/driver_images_real/other_activities_0517.jpg,other_activities
data/processed/driver_images_real/other_activities_0518.jpg,other_activities
data/processed/driver_images_real/other_activities_0519.jpg,other_activities
data/processed/driver_images_real/other_activities_0520.jpg,other_activities
data/processed/driver_images_real/other_activities_0521.jpg,other_activities
data/processed/driver_images_real/other_activities_0522.jpg,other_activities
data/processed/driver_images_real/other_activities_0523.jpg,other_activities
data/processed/driver_images_real/other_activities_0524.jpg,other_activities
data/processed/driver_images_real/other_activities_0525.jpg,other_activities
data/processed/driver_images_real/other_activities_0526.jpg,other_activities
data/processed/driver_images_real/other_activities_0527.jpg,other_activities
data/processed/driver_images_real/other_activities_0528.jpg,other_activities
data/processed/driver_images_real/other_activities_0529.jpg,other_activities
data/processed/driver_images_real/other_activities_0530.jpg,other_activities
data/processed/driver_images_real/other_activities_0531.jpg,other_activities
data/processed/driver_images_real/other_activities_0532.jpg,other_activities
data/processed/driver_images_real/other_activities_0533.jpg,other_activities
data/processed/driver_images_real/other_activities_0534.jpg,other_activities
data/processed/driver_images_real/other_activities_0535.jpg,other_activities
data/processed/driver_images_real/other_activities_0536.jpg,other_activities
data/processed/driver_images_real/other_activities_0537.jpg,other_activities
data/processed/driver_images_real/other_activities_0538.jpg,other_activities
data/processed/driver_images_real/other_activities_0539.jpg,other_activities
data/processed/driver_images_real/other_activities_0540.jpg,other_activities
data/processed/driver_images_real/other_activities_0541.jpg,other_activities
data/processed/driver_images_real/other_activities_0542.jpg,other_activities
data/processed/driver_images_real/other_activities_0543.jpg,other_activities
data/processed/driver_images_real/other_activities_0544.jpg,other_activities
data/processed/driver_images_real/other_activities_0545.jpg,other_activities
data/processed/driver_images_real/other_activities_0546.jpg,other_activities
data/processed/driver_images_real/other_activities_0547.jpg,other_activities
data/processed/driver_images_real/other_activities_0548.jpg,other_activities
data/processed/driver_images_real/other_activities_0549.jpg,other_activities
data/processed/driver_images_real/other_activities_0550.jpg,other_activities
data/processed/driver_images_real/other_activities_0551.jpg,other_activities
data/processed/driver_images_real/other_activities_0552.jpg,other_activities
data/processed/driver_images_real/other_activities_0553.jpg,other_activities
data/processed/driver_images_real/other_activities_0554.jpg,other_activities
data/processed/driver_images_real/other_activities_0555.jpg,other_activities
data/processed/driver_images_real/other_activities_0556.jpg,other_activities
data/processed/driver_images_real/other_activities_0557.jpg,other_activities
data/processed/driver_images_real/other_activities_0558.jpg,other_activities
data/processed/driver_images_real/other_activities_0559.jpg,other_activities
data/processed/driver_images_real/other_activities_0560.jpg,other_activities
data/processed/driver_images_real/other_activities_0561.jpg,other_activities
data/processed/driver_images_real/other_activities_0562.jpg,other_activities
data/processed/driver_images_real/other_activities_0563.jpg,other_activities
data/processed/driver_images_real/other_activities_0564.jpg,other_activities
data/processed/driver_images_real/other_activities_0565.jpg,other_activities
data/processed/driver_images_real/other_activities_0566.jpg,other_activities
data/processed/driver_images_real/other_activities_0567.jpg,other_activities
data/processed/driver_images_real/other_activities_0568.jpg,other_activities
data/processed/driver_images_real/other_activities_0569.jpg,other_activities
data/processed/driver_images_real/other_activities_0570.jpg,other_activities
data/processed/driver_images_real/other_activities_0571.jpg,other_activities
data/processed/driver_images_real/other_activities_0572.jpg,other_activities
data/processed/driver_images_real/other_activities_0573.jpg,other_activities
data/processed/driver_images_real/other_activities_0574.jpg,other_activities
data/processed/driver_images_real/other_activities_0575.jpg,other_activities
data/processed/driver_images_real/other_activities_0576.jpg,other_activities
data/processed/driver_images_real/other_activities_0577.jpg,other_activities
data/processed/driver_images_real/other_activities_0578.jpg,other_activities
data/processed/driver_images_real/other_activities_0579.jpg,other_activities
data/processed/driver_images_real/other_activities_0580.jpg,other_activities
data/processed/driver_images_real/other_activities_0581.jpg,other_activities
data/processed/driver_images_real/other_activities_0582.jpg,other_activities
data/processed/driver_images_real/other_activities_0583.jpg,other_activities
data/processed/driver_images_real/other_activities_0584.jpg,other_activities
data/processed/driver_images_real/other_activities_0585.jpg,other_activities
data/processed/driver_images_real/other_activities_0586.jpg,other_activities
data/processed/driver_images_real/other_activities_0587.jpg,other_activities
data/processed/driver_images_real/other_activities_0588.jpg,other_activities
data/processed/driver_images_real/other_activities_0589.jpg,other_activities
data/processed/driver_images_real/other_activities_0590.jpg,other_activities
data/processed/driver_images_real/other_activities_0591.jpg,other_activities
data/processed/driver_images_real/other_activities_0592.jpg,other_activities
data/processed/driver_images_real/other_activities_0593.jpg,other_activities
data/processed/driver_images_real/other_activities_0594.jpg,other_activities
data/processed/driver_images_real/other_activities_0595.jpg,other_activities
data/processed/driver_images_real/other_activities_0596.jpg,other_activities
data/processed/driver_images_real/other_activities_0597.jpg,other_activities
data/processed/driver_images_real/other_activities_0598.jpg,other_activities
data/processed/driver_images_real/other_activities_0599.jpg,other_activities
data/processed/driver_images_real/other_activities_0600.jpg,other_activities
data/processed/driver_images_real/other_activities_0601.jpg,other_activities
data/processed/driver_images_real/other_activities_0602.jpg,other_activities
data/processed/driver_images_real/other_activities_0603.jpg,other_activities
data/processed/driver_images_real/other_activities_0604.jpg,other_activities
data/processed/driver_images_real/other_activities_0605.jpg,other_activities
data/processed/driver_images_real/other_activities_0606.jpg,other_activities
data/processed/driver_images_real/other_activities_0607.jpg,other_activities
data/processed/driver_images_real/other_activities_0608.jpg,other_activities
data/processed/driver_images_real/other_activities_0609.jpg,other_activities
data/processed/driver_images_real/other_activities_0610.jpg,other_activities
data/processed/driver_images_real/other_activities_0611.jpg,other_activities
data/processed/driver_images_real/other_activities_0612.jpg,other_activities
data/processed/driver_images_real/other_activities_0613.jpg,other_activities
data/processed/driver_images_real/other_activities_0614.jpg,other_activities
data/processed/driver_images_real/other_activities_0615.jpg,other_activities
data/processed/driver_images_real/other_activities_0616.jpg,other_activities
data/processed/driver_images_real/other_activities_0617.jpg,other_activities
data/processed/driver_images_real/other_activities_0618.jpg,other_activities
data/processed/driver_images_real/other_activities_0619.jpg,other_activities
data/processed/driver_images_real/other_activities_0620.jpg,other_activities
data/processed/driver_images_real/other_activities_0621.jpg,other_activities
data/processed/driver_images_real/other_activities_0622.jpg,other_activities
data/processed/driver_images_real/other_activities_0623.jpg,other_activities
data/processed/driver_images_real/other_activities_0624.jpg,other_activities
data/processed/driver_images_real/other_activities_0625.jpg,other_activities
data/processed/driver_images_real/other_activities_0626.jpg,other_activities
data/processed/driver_images_real/other_activities_0627.jpg,other_activities
data/processed/driver_images_real/other_activities_0628.jpg,other_activities
data/processed/driver_images_real/other_activities_0629.jpg,other_activities
data/processed/driver_images_real/other_activities_0630.jpg,other_activities
data/processed/driver_images_real/other_activities_0631.jpg,other_activities
data/processed/driver_images_real/other_activities_0632.jpg,other_activities
data/processed/driver_images_real/other_activities_0633.jpg,other_activities
data/processed/driver_images_real/other_activities_0634.jpg,other_activities
data/processed/driver_images_real/other_activities_0635.jpg,other_activities
data/processed/driver_images_real/other_activities_0636.jpg,other_activities
data/processed/driver_images_real/other_activities_0637.jpg,other_activities
data/processed/driver_images_real/other_activities_0638.jpg,other_activities
data/processed/driver_images_real/other_activities_0639.jpg,other_activities
data/processed/driver_images_real/other_activities_0640.jpg,other_activities
data/processed/driver_images_real/other_activities_0641.jpg,other_activities
data/processed/driver_images_real/other_activities_0642.jpg,other_activities
data/processed/driver_images_real/other_activities_0643.jpg,other_activities
data/processed/driver_images_real/other_activities_0644.jpg,other_activities
data/processed/driver_images_real/other_activities_0645.jpg,other_activities
data/processed/driver_images_real/other_activities_0646.jpg,other_activities
data/processed/driver_images_real/other_activities_0647.jpg,other_activities
data/processed/driver_images_real/other_activities_0648.jpg,other_activities
data/processed/driver_images_real/other_activities_0649.jpg,other_activities
data/processed/driver_images_real/other_activities_0650.jpg,other_activities
data/processed/driver_images_real/other_activities_0651.jpg,other_activities
data/processed/driver_images_real/other_activities_0652.jpg,other_activities
data/processed/driver_images_real/other_activities_0653.jpg,other_activities
data/processed/driver_images_real/other_activities_0654.jpg,other_activities
data/processed/driver_images_real/other_activities_0655.jpg,other_activities
data/processed/driver_images_real/other_activities_0656.jpg,other_activities
data/processed/driver_images_real/other_activities_0657.jpg,other_activities
data/processed/driver_images_real/other_activities_0658.jpg,other_activities
data/processed/driver_images_real/other_activities_0659.jpg,other_activities
data/processed/driver_images_real/other_activities_0660.jpg,other_activities
data/processed/driver_images_real/other_activities_0661.jpg,other_activities
data/processed/driver_images_real/other_activities_0662.jpg,other_activities
data/processed/driver_images_real/other_activities_0663.jpg,other_activities
data/processed/driver_images_real/other_activities_0664.jpg,other_activities
data/processed/driver_images_real/other_activities_0665.jpg,other_activities
data/processed/driver_images_real/other_activities_0666.jpg,other_activities
data/processed/driver_images_real/other_activities_0667.jpg,other_activities
data/processed/driver_images_real/other_activities_0668.jpg,other_activities
data/processed/driver_images_real/other_activities_0669.jpg,other_activities
data/processed/driver_images_real/other_activities_0670.jpg,other_activities
data/processed/driver_images_real/other_activities_0671.jpg,other_activities
data/processed/driver_images_real/other_activities_0672.jpg,other_activities
data/processed/driver_images_real/other_activities_0673.jpg,other_activities
data/processed/driver_images_real/other_activities_0674.jpg,other_activities
data/processed/driver_images_real/other_activities_0675.jpg,other_activities
data/processed/driver_images_real/other_activities_0676.jpg,other_activities
data/processed/driver_images_real/other_activities_0677.jpg,other_activities
data/processed/driver_images_real/other_activities_0678.jpg,other_activities
data/processed/driver_images_real/other_activities_0679.jpg,other_activities
data/processed/driver_images_real/other_activities_0680.jpg,other_activities
data/processed/driver_images_real/other_activities_0681.jpg,other_activities
data/processed/driver_images_real/other_activities_0682.jpg,other_activities
data/processed/driver_images_real/other_activities_0683.jpg,other_activities
data/processed/driver_images_real/other_activities_0684.jpg,other_activities
data/processed/driver_images_real/other_activities_0685.jpg,other_activities
data/processed/driver_images_real/other_activities_0686.jpg,other_activities
data/processed/driver_images_real/other_activities_0687.jpg,other_activities
data/processed/driver_images_real/other_activities_0688.jpg,other_activities
data/processed/driver_images_real/other_activities_0689.jpg,other_activities
data/processed/driver_images_real/other_activities_0690.jpg,other_activities
data/processed/driver_images_real/other_activities_0691.jpg,other_activities
data/processed/driver_images_real/other_activities_0692.jpg,other_activities
data/processed/driver_images_real/other_activities_0693.jpg,other_activities
data/processed/driver_images_real/other_activities_0694.jpg,other_activities
data/processed/driver_images_real/other_activities_0695.jpg,other_activities
data/processed/driver_images_real/other_activities_0696.jpg,other_activities
data/processed/driver_images_real/other_activities_0697.jpg,other_activities
data/processed/driver_images_real/other_activities_0698.jpg,other_activities
data/processed/driver_images_real/other_activities_0699.jpg,other_activities
data/processed/driver_images_real/other_activities_0700.jpg,other_activities
data/processed/driver_images_real/other_activities_0701.jpg,other_activities
data/processed/driver_images_real/other_activities_0702.jpg,other_activities
data/processed/driver_images_real/other_activities_0703.jpg,other_activities
data/processed/driver_images_real/other_activities_0704.jpg,other_activities
data/processed/driver_images_real/other_activities_0705.jpg,other_activities
data/processed/driver_images_real/other_activities_0706.jpg,other_activities
data/processed/driver_images_real/other_activities_0707.jpg,other_activities
data/processed/driver_images_real/other_activities_0708.jpg,other_activities
data/processed/driver_images_real/other_activities_0709.jpg,other_activities
data/processed/driver_images_real/other_activities_0710.jpg,other_activities
data/processed/driver_images_real/other_activities_0711.jpg,other_activities
data/processed/driver_images_real/other_activities_0712.jpg,other_activities
data/processed/driver_images_real/other_activities_0713.jpg,other_activities
data/processed/driver_images_real/other_activities_0714.jpg,other_activities
data/processed/driver_images_real/other_activities_0715.jpg,other_activities
data/processed/driver_images_real/other_activities_0716.jpg,other_activities
data/processed/driver_images_real/other_activities_0717.jpg,other_activities
data/processed/driver_images_real/other_activities_0718.jpg,other_activities
data/processed/driver_images_real/other_activities_0719.jpg,other_activities
data/processed/driver_images_real/other_activities_0720.jpg,other_activities
data/processed/driver_images_real/other_activities_0721.jpg,other_activities
data/processed/driver_images_real/other_activities_0722.jpg,other_activities
data/processed/driver_images_real/other_activities_0723.jpg,other_activities
data/processed/driver_images_real/other_activities_0724.jpg,other_activities
data/processed/driver_images_real/other_activities_0725.jpg,other_activities
data/processed/driver_images_real/other_activities_0726.jpg,other_activities
data/processed/driver_images_real/other_activities_0727.jpg,other_activities
data/processed/driver_images_real/other_activities_0728.jpg,other_activities
data/processed/driver_images_real/other_activities_0729.jpg,other_activities
data/processed/driver_images_real/other_activities_0730.jpg,other_activities
data/processed/driver_images_real/other_activities_0731.jpg,other_activities
data/processed/driver_images_real/other_activities_0732.jpg,other_activities
data/processed/driver_images_real/other_activities_0733.jpg,other_activities
data/processed/driver_images_real/other_activities_0734.jpg,other_activities
data/processed/driver_images_real/other_activities_0735.jpg,other_activities
data/processed/driver_images_real/other_activities_0736.jpg,other_activities
data/processed/driver_images_real/other_activities_0737.jpg,other_activities
data/processed/driver_images_real/other_activities_0738.jpg,other_activities
data/processed/driver_images_real/other_activities_0739.jpg,other_activities
data/processed/driver_images_real/other_activities_0740.jpg,other_activities
data/processed/driver_images_real/other_activities_0741.jpg,other_activities
data/processed/driver_images_real/other_activities_0742.jpg,other_activities
data/processed/driver_images_real/other_activities_0743.jpg,other_activities
data/processed/driver_images_real/other_activities_0744.jpg,other_activities
data/processed/driver_images_real/other_activities_0745.jpg,other_activities
data/processed/driver_images_real/other_activities_0746.jpg,other_activities
data/processed/driver_images_real/other_activities_0747.jpg,other_activities
data/processed/driver_images_real/other_activities_0748.jpg,other_activities
data/processed/driver_images_real/other_activities_0749.jpg,other_activities
data/processed/driver_images_real/other_activities_0750.jpg,other_activities
data/processed/driver_images_real/other_activities_0751.jpg,other_activities
data/processed/driver_images_real/other_activities_0752.jpg,other_activities
data/processed/driver_images_real/other_activities_0753.jpg,other_activities
data/processed/driver_images_real/other_activities_0754.jpg,other_activities
data/processed/driver_images_real/other_activities_0755.jpg,other_activities
data/processed/driver_images_real/other_activities_0756.jpg,other_activities
data/processed/driver_images_real/other_activities_0757.jpg,other_activities
data/processed/driver_images_real/other_activities_0758.jpg,other_activities
data/processed/driver_images_real/other_activities_0759.jpg,other_activities
data/processed/driver_images_real/other_activities_0760.jpg,other_activities
data/processed/driver_images_real/other_activities_0761.jpg,other_activities
data/processed/driver_images_real/other_activities_0762.jpg,other_activities
data/processed/driver_images_real/other_activities_0763.jpg,other_activities
data/processed/driver_images_real/other_activities_0764.jpg,other_activities
data/processed/driver_images_real/other_activities_0765.jpg,other_activities
data/processed/driver_images_real/other_activities_0766.jpg,other_activities
data/processed/driver_images_real/other_activities_0767.jpg,other_activities
data/processed/driver_images_real/other_activities_0768.jpg,other_activities
data/processed/driver_images_real/other_activities_0769.jpg,other_activities
data/processed/driver_images_real/other_activities_0770.jpg,other_activities
data/processed/driver_images_real/other_activities_0771.jpg,other_activities
data/processed/driver_images_real/other_activities_0772.jpg,other_activities
data/processed/driver_images_real/other_activities_0773.jpg,other_activities
data/processed/driver_images_real/other_activities_0774.jpg,other_activities
data/processed/driver_images_real/other_activities_0775.jpg,other_activities
data/processed/driver_images_real/other_activities_0776.jpg,other_activities
data/processed/driver_images_real/other_activities_0777.jpg,other_activities
data/processed/driver_images_real/other_activities_0778.jpg,other_activities
data/processed/driver_images_real/other_activities_0779.jpg,other_activities
data/processed/driver_images_real/other_activities_0780.jpg,other_activities
data/processed/driver_images_real/other_activities_0781.jpg,other_activities
data/processed/driver_images_real/other_activities_0782.jpg,other_activities
data/processed/driver_images_real/other_activities_0783.jpg,other_activities
data/processed/driver_images_real/other_activities_0784.jpg,other_activities
data/processed/driver_images_real/other_activities_0785.jpg,other_activities
data/processed/driver_images_real/other_activities_0786.jpg,other_activities
data/processed/driver_images_real/other_activities_0787.jpg,other_activities
data/processed/driver_images_real/other_activities_0788.jpg,other_activities
data/processed/driver_images_real/other_activities_0789.jpg,other_activities
data/processed/driver_images_real/other_activities_0790.jpg,other_activities
data/processed/driver_images_real/other_activities_0791.jpg,other_activities
data/processed/driver_images_real/other_activities_0792.jpg,other_activities
data/processed/driver_images_real/other_activities_0793.jpg,other_activities
data/processed/driver_images_real/other_activities_0794.jpg,other_activities
data/processed/driver_images_real/other_activities_0795.jpg,other_activities
data/processed/driver_images_real/other_activities_0796.jpg,other_activities
data/processed/driver_images_real/other_activities_0797.jpg,other_activities
data/processed/driver_images_real/other_activities_0798.jpg,other_activities
data/processed/driver_images_real/other_activities_0799.jpg,other_activities
data/processed/driver_images_real/other_activities_0800.jpg,other_activities
data/processed/driver_images_real/other_activities_0801.jpg,other_activities
data/processed/driver_images_real/other_activities_0802.jpg,other_activities
data/processed/driver_images_real/other_activities_0803.jpg,other_activities
data/processed/driver_images_real/other_activities_0804.jpg,other_activities
data/processed/driver_images_real/other_activities_0805.jpg,other_activities
data/processed/driver_images_real/other_activities_0806.jpg,other_activities
data/processed/driver_images_real/other_activities_0807.jpg,other_activities
data/processed/driver_images_real/other_activities_0808.jpg,other_activities
data/processed/driver_images_real/other_activities_0809.jpg,other_activities
data/processed/driver_images_real/other_activities_0810.jpg,other_activities
data/processed/driver_images_real/other_activities_0811.jpg,other_activities
data/processed/driver_images_real/other_activities_0812.jpg,other_activities
data/processed/driver_images_real/other_activities_0813.jpg,other_activities
data/processed/driver_images_real/other_activities_0814.jpg,other_activities
data/processed/driver_images_real/other_activities_0815.jpg,other_activities
data/processed/driver_images_real/other_activities_0816.jpg,other_activities
data/processed/driver_images_real/other_activities_0817.jpg,other_activities
data/processed/driver_images_real/other_activities_0818.jpg,other_activities
data/processed/driver_images_real/other_activities_0819.jpg,other_activities
data/processed/driver_images_real/other_activities_0820.jpg,other_activities
data/processed/driver_images_real/other_activities_0821.jpg,other_activities
data/processed/driver_images_real/other_activities_0822.jpg,other_activities
data/processed/driver_images_real/other_activities_0823.jpg,other_activities
data/processed/driver_images_real/other_activities_0824.jpg,other_activities
data/processed/driver_images_real/other_activities_0825.jpg,other_activities
data/processed/driver_images_real/other_activities_0826.jpg,other_activities
data/processed/driver_images_real/other_activities_0827.jpg,other_activities
data/processed/driver_images_real/other_activities_0828.jpg,other_activities
data/processed/driver_images_real/other_activities_0829.jpg,other_activities
data/processed/driver_images_real/other_activities_0830.jpg,other_activities
data/processed/driver_images_real/other_activities_0831.jpg,other_activities
data/processed/driver_images_real/other_activities_0832.jpg,other_activities
data/processed/driver_images_real/other_activities_0833.jpg,other_activities
data/processed/driver_images_real/other_activities_0834.jpg,other_activities
data/processed/driver_images_real/other_activities_0835.jpg,other_activities
data/processed/driver_images_real/other_activities_0836.jpg,other_activities
data/processed/driver_images_real/other_activities_0837.jpg,other_activities
data/processed/driver_images_real/other_activities_0838.jpg,other_activities
data/processed/driver_images_real/other_activities_0839.jpg,other_activities
data/processed/driver_images_real/other_activities_0840.jpg,other_activities
data/processed/driver_images_real/other_activities_0841.jpg,other_activities
data/processed/driver_images_real/other_activities_0842.jpg,other_activities
data/processed/driver_images_real/other_activities_0843.jpg,other_activities
data/processed/driver_images_real/other_activities_0844.jpg,other_activities
data/processed/driver_images_real/other_activities_0845.jpg,other_activities
data/processed/driver_images_real/other_activities_0846.jpg,other_activities
data/processed/driver_images_real/other_activities_0847.jpg,other_activities
data/processed/driver_images_real/other_activities_0848.jpg,other_activities
data/processed/driver_images_real/other_activities_0849.jpg,other_activities
data/processed/driver_images_real/other_activities_0850.jpg,other_activities
data/processed/driver_images_real/other_activities_0851.jpg,other_activities
data/processed/driver_images_real/other_activities_0852.jpg,other_activities
data/processed/driver_images_real/other_activities_0853.jpg,other_activities
data/processed/driver_images_real/other_activities_0854.jpg,other_activities
data/processed/driver_images_real/other_activities_0855.jpg,other_activities
data/processed/driver_images_real/other_activities_0856.jpg,other_activities
data/processed/driver_images_real/other_activities_0857.jpg,other_activities
data/processed/driver_images_real/other_activities_0858.jpg,other_activities
data/processed/driver_images_real/other_activities_0859.jpg,other_activities
data/processed/driver_images_real/other_activities_0860.jpg,other_activities
data/processed/driver_images_real/other_activities_0861.jpg,other_activities
data/processed/driver_images_real/other_activities_0862.jpg,other_activities
data/processed/driver_images_real/other_activities_0863.jpg,other_activities
data/processed/driver_images_real/other_activities_0864.jpg,other_activities
data/processed/driver_images_real/other_activities_0865.jpg,other_activities
data/processed/driver_images_real/other_activities_0866.jpg,other_activities
data/processed/driver_images_real/other_activities_0867.jpg,other_activities
data/processed/driver_images_real/other_activities_0868.jpg,other_activities
data/processed/driver_images_real/other_activities_0869.jpg,other_activities
data/processed/driver_images_real/other_activities_0870.jpg,other_activities
data/processed/driver_images_real/other_activities_0871.jpg,other_activities
data/processed/driver_images_real/other_activities_0872.jpg,other_activities
data/processed/driver_images_real/other_activities_0873.jpg,other_activities
data/processed/driver_images_real/other_activities_0874.jpg,other_activities
data/processed/driver_images_real/other_activities_0875.jpg,other_activities
data/processed/driver_images_real/other_activities_0876.jpg,other_activities
data/processed/driver_images_real/other_activities_0877.jpg,other_activities
data/processed/driver_images_real/other_activities_0878.jpg,other_activities
data/processed/driver_images_real/other_activities_0879.jpg,other_activities
data/processed/driver_images_real/other_activities_0880.jpg,other_activities
data/processed/driver_images_real/other_activities_0881.jpg,other_activities
data/processed/driver_images_real/other_activities_0882.jpg,other_activities
data/processed/driver_images_real/other_activities_0883.jpg,other_activities
data/processed/driver_images_real/other_activities_0884.jpg,other_activities
data/processed/driver_images_real/other_activities_0885.jpg,other_activities
data/processed/driver_images_real/other_activities_0886.jpg,other_activities
data/processed/driver_images_real/other_activities_0887.jpg,other_activities
data/processed/driver_images_real/other_activities_0888.jpg,other_activities
data/processed/driver_images_real/other_activities_0889.jpg,other_activities
data/processed/driver_images_real/other_activities_0890.jpg,other_activities
data/processed/driver_images_real/other_activities_0891.jpg,other_activities
data/processed/driver_images_real/other_activities_0892.jpg,other_activities
data/processed/driver_images_real/other_activities_0893.jpg,other_activities
data/processed/driver_images_real/other_activities_0894.jpg,other_activities
data/processed/driver_images_real/other_activities_0895.jpg,other_activities
data/processed/driver_images_real/other_activities_0896.jpg,other_activities
data/processed/driver_images_real/other_activities_0897.jpg,other_activities
data/processed/driver_images_real/other_activities_0898.jpg,other_activities
data/processed/driver_images_real/other_activities_0899.jpg,other_activities
data/processed/driver_images_real/other_activities_0900.jpg,other_activities
data/processed/driver_images_real/other_activities_0901.jpg,other_activities
data/processed/driver_images_real/other_activities_0902.jpg,other_activities
data/processed/driver_images_real/other_activities_0903.jpg,other_activities
data/processed/driver_images_real/other_activities_0904.jpg,other_activities
data/processed/driver_images_real/other_activities_0905.jpg,other_activities
data/processed/driver_images_real/other_activities_0906.jpg,other_activities
data/processed/driver_images_real/other_activities_0907.jpg,other_activities
data/processed/driver_images_real/other_activities_0908.jpg,other_activities
data/processed/driver_images_real/other_activities_0909.jpg,other_activities
data/processed/driver_images_real/other_activities_0910.jpg,other_activities
data/processed/driver_images_real/other_activities_0911.jpg,other_activities
data/processed/driver_images_real/other_activities_0912.jpg,other_activities
data/processed/driver_images_real/other_activities_0913.jpg,other_activities
data/processed/driver_images_real/other_activities_0914.jpg,other_activities
data/processed/driver_images_real/other_activities_0915.jpg,other_activities
data/processed/driver_images_real/other_activities_0916.jpg,other_activities
data/processed/driver_images_real/other_activities_0917.jpg,other_activities
data/processed/driver_images_real/other_activities_0918.jpg,other_activities
data/processed/driver_images_real/other_activities_0919.jpg,other_activities
data/processed/driver_images_real/other_activities_0920.jpg,other_activities
data/processed/driver_images_real/other_activities_0921.jpg,other_activities
data/processed/driver_images_real/other_activities_0922.jpg,other_activities
data/processed/driver_images_real/other_activities_0923.jpg,other_activities
data/processed/driver_images_real/other_activities_0924.jpg,other_activities
data/processed/driver_images_real/other_activities_0925.jpg,other_activities
data/processed/driver_images_real/other_activities_0926.jpg,other_activities
data/processed/driver_images_real/other_activities_0927.jpg,other_activities
data/processed/driver_images_real/other_activities_0928.jpg,other_activities
data/processed/driver_images_real/other_activities_0929.jpg,other_activities
data/processed/driver_images_real/other_activities_0930.jpg,other_activities
data/processed/driver_images_real/other_activities_0931.jpg,other_activities
data/processed/driver_images_real/other_activities_0932.jpg,other_activities
data/processed/driver_images_real/other_activities_0933.jpg,other_activities
data/processed/driver_images_real/other_activities_0934.jpg,other_activities
data/processed/driver_images_real/other_activities_0935.jpg,other_activities
data/processed/driver_images_real/other_activities_0936.jpg,other_activities
data/processed/driver_images_real/other_activities_0937.jpg,other_activities
data/processed/driver_images_real/other_activities_0938.jpg,other_activities
data/processed/driver_images_real/other_activities_0939.jpg,other_activities
data/processed/driver_images_real/other_activities_0940.jpg,other_activities
data/processed/driver_images_real/other_activities_0941.jpg,other_activities
data/processed/driver_images_real/other_activities_0942.jpg,other_activities
data/processed/driver_images_real/other_activities_0943.jpg,other_activities
data/processed/driver_images_real/other_activities_0944.jpg,other_activities
data/processed/driver_images_real/other_activities_0945.jpg,other_activities
data/processed/driver_images_real/other_activities_0946.jpg,other_activities
data/processed/driver_images_real/other_activities_0947.jpg,other_activities
data/processed/driver_images_real/other_activities_0948.jpg,other_activities
data/processed/driver_images_real/other_activities_0949.jpg,other_activities
data/processed/driver_images_real/other_activities_0950.jpg,other_activities
data/processed/driver_images_real/other_activities_0951.jpg,other_activities
data/processed/driver_images_real/other_activities_0952.jpg,other_activities
data/processed/driver_images_real/other_activities_0953.jpg,other_activities
data/processed/driver_images_real/other_activities_0954.jpg,other_activities
data/processed/driver_images_real/other_activities_0955.jpg,other_activities
data/processed/driver_images_real/other_activities_0956.jpg,other_activities
data/processed/driver_images_real/other_activities_0957.jpg,other_activities
data/processed/driver_images_real/other_activities_0958.jpg,other_activities
data/processed/driver_images_real/other_activities_0959.jpg,other_activities
data/processed/driver_images_real/other_activities_0960.jpg,other_activities
data/processed/driver_images_real/other_activities_0961.jpg,other_activities
data/processed/driver_images_real/other_activities_0962.jpg,other_activities
data/processed/driver_images_real/other_activities_0963.jpg,other_activities
data/processed/driver_images_real/other_activities_0964.jpg,other_activities
data/processed/driver_images_real/other_activities_0965.jpg,other_activities
data/processed/driver_images_real/other_activities_0966.jpg,other_activities
data/processed/driver_images_real/other_activities_0967.jpg,other_activities
data/processed/driver_images_real/other_activities_0968.jpg,other_activities
data/processed/driver_images_real/other_activities_0969.jpg,other_activities
data/processed/driver_images_real/other_activities_0970.jpg,other_activities
data/processed/driver_images_real/other_activities_0971.jpg,other_activities
data/processed/driver_images_real/other_activities_0972.jpg,other_activities
data/processed/driver_images_real/other_activities_0973.jpg,other_activities
data/processed/driver_images_real/other_activities_0974.jpg,other_activities
data/processed/driver_images_real/other_activities_0975.jpg,other_activities
data/processed/driver_images_real/other_activities_0976.jpg,other_activities
data/processed/driver_images_real/other_activities_0977.jpg,other_activities
data/processed/driver_images_real/other_activities_0978.jpg,other_activities
data/processed/driver_images_real/other_activities_0979.jpg,other_activities
data/processed/driver_images_real/other_activities_0980.jpg,other_activities
data/processed/driver_images_real/other_activities_0981.jpg,other_activities
data/processed/driver_images_real/other_activities_0982.jpg,other_activities
data/processed/driver_images_real/other_activities_0983.jpg,other_activities
data/processed/driver_images_real/other_activities_0984.jpg,other_activities
data/processed/driver_images_real/other_activities_0985.jpg,other_activities
data/processed/driver_images_real/other_activities_0986.jpg,other_activities
data/processed/driver_images_real/other_activities_0987.jpg,other_activities
data/processed/driver_images_real/other_activities_0988.jpg,other_activities
data/processed/driver_images_real/other_activities_0989.jpg,other_activities
data/processed/driver_images_real/other_activities_0990.jpg,other_activities
data/processed/driver_images_real/other_activities_0991.jpg,other_activities
data/processed/driver_images_real/other_activities_0992.jpg,other_activities
data/processed/driver_images_real/other_activities_0993.jpg,other_activities
data/processed/driver_images_real/other_activities_0994.jpg,other_activities
data/processed/driver_images_real/other_activities_0995.jpg,other_activities
data/processed/driver_images_real/other_activities_0996.jpg,other_activities
data/processed/driver_images_real/other_activities_0997.jpg,other_activities
data/processed/driver_images_real/other_activities_0998.jpg,other_activities
data/processed/driver_images_real/other_activities_0999.jpg,other_activities
data/processed/driver_images_real/other_activities_1000.jpg,other_activities
data/processed/driver_images_real/other_activities_1001.jpg,other_activities
data/processed/driver_images_real/other_activities_1002.jpg,other_activities
data/processed/driver_images_real/other_activities_1003.jpg,other_activities
data/processed/driver_images_real/other_activities_1004.jpg,other_activities
data/processed/driver_images_real/other_activities_1005.jpg,other_activities
data/processed/driver_images_real/other_activities_1006.jpg,other_activities
data/processed/driver_images_real/other_activities_1007.jpg,other_activities
data/processed/driver_images_real/other_activities_1008.jpg,other_activities
data/processed/driver_images_real/other_activities_1009.jpg,other_activities
data/processed/driver_images_real/other_activities_1010.jpg,other_activities
data/processed/driver_images_real/other_activities_1011.jpg,other_activities
data/processed/driver_images_real/other_activities_1012.jpg,other_activities
data/processed/driver_images_real/other_activities_1013.jpg,other_activities
data/processed/driver_images_real/other_activities_1014.jpg,other_activities
data/processed/driver_images_real/other_activities_1015.jpg,other_activities
data/processed/driver_images_real/other_activities_1016.jpg,other_activities
data/processed/driver_images_real/other_activities_1017.jpg,other_activities
data/processed/driver_images_real/other_activities_1018.jpg,other_activities
data/processed/driver_images_real/other_activities_1019.jpg,other_activities
data/processed/driver_images_real/other_activities_1020.jpg,other_activities
data/processed/driver_images_real/other_activities_1021.jpg,other_activities
data/processed/driver_images_real/other_activities_1022.jpg,other_activities
data/processed/driver_images_real/other_activities_1023.jpg,other_activities
data/processed/driver_images_real/other_activities_1024.jpg,other_activities
data/processed/driver_images_real/other_activities_1025.jpg,other_activities
data/processed/driver_images_real/other_activities_1026.jpg,other_activities
data/processed/driver_images_real/other_activities_1027.jpg,other_activities
data/processed/driver_images_real/other_activities_1028.jpg,other_activities
data/processed/driver_images_real/other_activities_1029.jpg,other_activities
data/processed/driver_images_real/other_activities_1030.jpg,other_activities
data/processed/driver_images_real/other_activities_1031.jpg,other_activities
data/processed/driver_images_real/other_activities_1032.jpg,other_activities
data/processed/driver_images_real/other_activities_1033.jpg,other_activities
data/processed/driver_images_real/other_activities_1034.jpg,other_activities
data/processed/driver_images_real/other_activities_1035.jpg,other_activities
data/processed/driver_images_real/other_activities_1036.jpg,other_activities
data/processed/driver_images_real/other_activities_1037.jpg,other_activities
data/processed/driver_images_real/other_activities_1038.jpg,other_activities
data/processed/driver_images_real/other_activities_1039.jpg,other_activities
data/processed/driver_images_real/other_activities_1040.jpg,other_activities
data/processed/driver_images_real/other_activities_1041.jpg,other_activities
data/processed/driver_images_real/other_activities_1042.jpg,other_activities
data/processed/driver_images_real/other_activities_1043.jpg,other_activities
data/processed/driver_images_real/other_activities_1044.jpg,other_activities
data/processed/driver_images_real/other_activities_1045.jpg,other_activities
data/processed/driver_images_real/other_activities_1046.jpg,other_activities
data/processed/driver_images_real/other_activities_1047.jpg,other_activities
data/processed/driver_images_real/other_activities_1048.jpg,other_activities
data/processed/driver_images_real/other_activities_1049.jpg,other_activities
data/processed/driver_images_real/other_activities_1050.jpg,other_activities
data/processed/driver_images_real/other_activities_1051.jpg,other_activities
data/processed/driver_images_real/other_activities_1052.jpg,other_activities
data/processed/driver_images_real/other_activities_1053.jpg,other_activities
data/processed/driver_images_real/other_activities_1054.jpg,other_activities
data/processed/driver_images_real/other_activities_1055.jpg,other_activities
data/processed/driver_images_real/other_activities_1056.jpg,other_activities
data/processed/driver_images_real/other_activities_1057.jpg,other_activities
data/processed/driver_images_real/other_activities_1058.jpg,other_activities
data/processed/driver_images_real/other_activities_1059.jpg,other_activities
data/processed/driver_images_real/other_activities_1060.jpg,other_activities
data/processed/driver_images_real/other_activities_1061.jpg,other_activities
data/processed/driver_images_real/other_activities_1062.jpg,other_activities
data/processed/driver_images_real/other_activities_1063.jpg,other_activities
data/processed/driver_images_real/other_activities_1064.jpg,other_activities
data/processed/driver_images_real/other_activities_1065.jpg,other_activities
data/processed/driver_images_real/other_activities_1066.jpg,other_activities
data/processed/driver_images_real/other_activities_1067.jpg,other_activities
data/processed/driver_images_real/other_activities_1068.jpg,other_activities
data/processed/driver_images_real/other_activities_1069.jpg,other_activities
data/processed/driver_images_real/other_activities_1070.jpg,other_activities
data/processed/driver_images_real/other_activities_1071.jpg,other_activities
data/processed/driver_images_real/other_activities_1072.jpg,other_activities
data/processed/driver_images_real/other_activities_1073.jpg,other_activities
data/processed/driver_images_real/other_activities_1074.jpg,other_activities
data/processed/driver_images_real/other_activities_1075.jpg,other_activities
data/processed/driver_images_real/other_activities_1076.jpg,other_activities
data/processed/driver_images_real/other_activities_1077.jpg,other_activities
data/processed/driver_images_real/other_activities_1078.jpg,other_activities
data/processed/driver_images_real/other_activities_1079.jpg,other_activities
data/processed/driver_images_real/other_activities_1080.jpg,other_activities
data/processed/driver_images_real/other_activities_1081.jpg,other_activities
data/processed/driver_images_real/other_activities_1082.jpg,other_activities
data/processed/driver_images_real/other_activities_1083.jpg,other_activities
data/processed/driver_images_real/other_activities_1084.jpg,other_activities
data/processed/driver_images_real/other_activities_1085.jpg,other_activities
data/processed/driver_images_real/other_activities_1086.jpg,other_activities
data/processed/driver_images_real/other_activities_1087.jpg,other_activities
data/processed/driver_images_real/other_activities_1088.jpg,other_activities
data/processed/driver_images_real/other_activities_1089.jpg,other_activities
data/processed/driver_images_real/other_activities_1090.jpg,other_activities
data/processed/driver_images_real/other_activities_1091.jpg,other_activities
data/processed/driver_images_real/other_activities_1092.jpg,other_activities
data/processed/driver_images_real/other_activities_1093.jpg,other_activities
data/processed/driver_images_real/other_activities_1094.jpg,other_activities
data/processed/driver_images_real/other_activities_1095.jpg,other_activities
data/processed/driver_images_real/other_activities_1096.jpg,other_activities
data/processed/driver_images_real/other_activities_1097.jpg,other_activities
data/processed/driver_images_real/other_activities_1098.jpg,other_activities
data/processed/driver_images_real/other_activities_1099.jpg,other_activities
data/processed/driver_images_real/other_activities_1100.jpg,other_activities
data/processed/driver_images_real/other_activities_1101.jpg,other_activities
data/processed/driver_images_real/other_activities_1102.jpg,other_activities
data/processed/driver_images_real/other_activities_1103.jpg,other_activities
data/processed/driver_images_real/other_activities_1104.jpg,other_activities
data/processed/driver_images_real/other_activities_1105.jpg,other_activities
data/processed/driver_images_real/other_activities_1106.jpg,other_activities
data/processed/driver_images_real/other_activities_1107.jpg,other_activities
data/processed/driver_images_real/other_activities_1108.jpg,other_activities
data/processed/driver_images_real/other_activities_1109.jpg,other_activities
data/processed/driver_images_real/other_activities_1110.jpg,other_activities
data/processed/driver_images_real/other_activities_1111.jpg,other_activities
data/processed/driver_images_real/other_activities_1112.jpg,other_activities
data/processed/driver_images_real/other_activities_1113.jpg,other_activities
data/processed/driver_images_real/other_activities_1114.jpg,other_activities
data/processed/driver_images_real/other_activities_1115.jpg,other_activities
data/processed/driver_images_real/other_activities_1116.jpg,other_activities
data/processed/driver_images_real/other_activities_1117.jpg,other_activities
data/processed/driver_images_real/other_activities_1118.jpg,other_activities
data/processed/driver_images_real/other_activities_1119.jpg,other_activities
data/processed/driver_images_real/other_activities_1120.jpg,other_activities
data/processed/driver_images_real/other_activities_1121.jpg,other_activities
data/processed/driver_images_real/other_activities_1122.jpg,other_activities
data/processed/driver_images_real/other_activities_1123.jpg,other_activities
data/processed/driver_images_real/other_activities_1124.jpg,other_activities
data/processed/driver_images_real/other_activities_1125.jpg,other_activities
data/processed/driver_images_real/other_activities_1126.jpg,other_activities
data/processed/driver_images_real/other_activities_1127.jpg,other_activities
data/processed/driver_images_real/other_activities_1128.jpg,other_activities
data/processed/driver_images_real/other_activities_1129.jpg,other_activities
data/processed/driver_images_real/other_activities_1130.jpg,other_activities
data/processed/driver_images_real/other_activities_1131.jpg,other_activities
data/processed/driver_images_real/other_activities_1132.jpg,other_activities
data/processed/driver_images_real/other_activities_1133.jpg,other_activities
data/processed/driver_images_real/other_activities_1134.jpg,other_activities
data/processed/driver_images_real/other_activities_1135.jpg,other_activities
data/processed/driver_images_real/other_activities_1136.jpg,other_activities
data/processed/driver_images_real/other_activities_1137.jpg,other_activities
data/processed/driver_images_real/other_activities_1138.jpg,other_activities
data/processed/driver_images_real/other_activities_1139.jpg,other_activities
data/processed/driver_images_real/other_activities_1140.jpg,other_activities
data/processed/driver_images_real/other_activities_1141.jpg,other_activities
data/processed/driver_images_real/other_activities_1142.jpg,other_activities
data/processed/driver_images_real/other_activities_1143.jpg,other_activities
data/processed/driver_images_real/other_activities_1144.jpg,other_activities
data/processed/driver_images_real/other_activities_1145.jpg,other_activities
data/processed/driver_images_real/other_activities_1146.jpg,other_activities
data/processed/driver_images_real/other_activities_1147.jpg,other_activities
data/processed/driver_images_real/other_activities_1148.jpg,other_activities
data/processed/driver_images_real/other_activities_1149.jpg,other_activities
data/processed/driver_images_real/other_activities_1150.jpg,other_activities
data/processed/driver_images_real/other_activities_1151.jpg,other_activities
data/processed/driver_images_real/other_activities_1152.jpg,other_activities
data/processed/driver_images_real/other_activities_1153.jpg,other_activities
data/processed/driver_images_real/other_activities_1154.jpg,other_activities
data/processed/driver_images_real/other_activities_1155.jpg,other_activities
data/processed/driver_images_real/other_activities_1156.jpg,other_activities
data/processed/driver_images_real/other_activities_1157.jpg,other_activities
data/processed/driver_images_real/other_activities_1158.jpg,other_activities
data/processed/driver_images_real/other_activities_1159.jpg,other_activities
data/processed/driver_images_real/other_activities_1160.jpg,other_activities
data/processed/driver_images_real/other_activities_1161.jpg,other_activities
data/processed/driver_images_real/other_activities_1162.jpg,other_activities
data/processed/driver_images_real/other_activities_1163.jpg,other_activities
data/processed/driver_images_real/other_activities_1164.JPG,other_activities
data/processed/driver_images_real/other_activities_1165.JPG,other_activities
data/processed/driver_images_real/other_activities_1166.JPG,other_activities
data/processed/driver_images_real/other_activities_1167.JPG,other_activities
data/processed/driver_images_real/other_activities_1168.JPG,other_activities
data/processed/driver_images_real/other_activities_1169.JPG,other_activities
data/processed/driver_images_real/other_activities_1170.JPG,other_activities
data/processed/driver_images_real/other_activities_1171.JPG,other_activities
data/processed/driver_images_real/other_activities_1172.JPG,other_activities
data/processed/driver_images_real/other_activities_1173.JPG,other_activities
data/processed/driver_images_real/other_activities_1174.JPG,other_activities
data/processed/driver_images_real/other_activities_1175.JPG,other_activities
data/processed/driver_images_real/other_activities_1176.jpg,other_activities
data/processed/driver_images_real/other_activities_1177.jpg,other_activities
data/processed/driver_images_real/other_activities_1178.jpg,other_activities
data/processed/driver_images_real/other_activities_1179.png,other_activities
data/processed/driver_images_real/other_activities_1180.png,other_activities
data/processed/driver_images_real/other_activities_1181.png,other_activities
data/processed/driver_images_real/other_activities_1182.png,other_activities
data/processed/driver_images_real/other_activities_1183.png,other_activities
data/processed/driver_images_real/safe_driving_0000.png,safe_driving
data/processed/driver_images_real/safe_driving_0001.png,safe_driving
data/processed/driver_images_real/safe_driving_0002.png,safe_driving
data/processed/driver_images_real/safe_driving_0003.png,safe_driving
data/processed/driver_images_real/safe_driving_0004.png,safe_driving
data/processed/driver_images_real/safe_driving_0005.png,safe_driving
data/processed/driver_images_real/safe_driving_0006.png,safe_driving
data/processed/driver_images_real/safe_driving_0007.png,safe_driving
data/processed/driver_images_real/safe_driving_0008.png,safe_driving
data/processed/driver_images_real/safe_driving_0009.png,safe_driving
data/processed/driver_images_real/safe_driving_0010.png,safe_driving
data/processed/driver_images_real/safe_driving_0011.png,safe_driving
data/processed/driver_images_real/safe_driving_0012.png,safe_driving
data/processed/driver_images_real/safe_driving_0013.png,safe_driving
data/processed/driver_images_real/safe_driving_0014.png,safe_driving
data/processed/driver_images_real/safe_driving_0015.png,safe_driving
data/processed/driver_images_real/safe_driving_0016.png,safe_driving
data/processed/driver_images_real/safe_driving_0017.png,safe_driving
data/processed/driver_images_real/safe_driving_0018.png,safe_driving
data/processed/driver_images_real/safe_driving_0019.png,safe_driving
data/processed/driver_images_real/safe_driving_0020.png,safe_driving
data/processed/driver_images_real/safe_driving_0021.png,safe_driving
data/processed/driver_images_real/safe_driving_0022.png,safe_driving
data/processed/driver_images_real/safe_driving_0023.png,safe_driving
data/processed/driver_images_real/safe_driving_0024.jpg,safe_driving
data/processed/driver_images_real/safe_driving_0025.jpg,safe_driving
data/processed/driver_images_real/safe_driving_0026.jpg,safe_driving
data/processed/driver_images_real/safe_driving_0027.jpg,safe_driving
data/processed/driver_images_real/safe_driving_0028.jpg,safe_driving
data/processed/driver_images_real/safe_driving_0029.jpg,safe_driving
data/processed/driver_images_real/safe_driving_0030.jpg,safe_driving
data/processed/driver_images_real/safe_driving_0031.jpg,safe_driving
data/processed/driver_images_real/safe_driving_0032.jpg,safe_driving
data/processed/driver_images_real/safe_driving_0033.jpg,safe_driving
data/processed/driver_images_real/safe_driving_0034.jpg,safe_driving
data/processed/driver_images_real/safe_driving_0035.jpg,safe_driving
data/processed/driver_images_real/safe_driving_0036.jpg,safe_driving
data/processed/driver_images_real/safe_driving_0037.jpg,safe_driving
data/processed/driver_images_real/safe_driving_0038.jpg,safe_driving
data/processed/driver_images_real/safe_driving_0039.jpg,safe_driving
data/processed/driver_images_real/safe_driving_0040.jpg,safe_driving
data/processed/driver_images_real/safe_driving_0041.jpg,safe_driving
data/processed/driver_images_real/safe_driving_0042.jpg,safe_driving
data/processed/driver_images_real/safe_driving_0043.jpg,safe_driving
data/processed/driver_images_real/safe_driving_0044.jpg,safe_driving
data/processed/driver_images_real/safe_driving_0045.jpg,safe_driving
data/processed/driver_images_real/safe_driving_0046.jpg,safe_driving
data/processed/driver_images_real/safe_driving_0047.jpg,safe_driving
data/processed/driver_images_real/safe_driving_0048.jpg,safe_driving
data/processed/driver_images_real/safe_driving_0049.jpg,safe_driving
data/processed/driver_images_real/safe_driving_0050.jpg,safe_driving
data/processed/driver_images_real/safe_driving_0051.jpg,safe_driving
data/processed/driver_images_real/safe_driving_0052.jpg,safe_driving
data/processed/driver_images_real/safe_driving_0053.jpg,safe_driving
data/processed/driver_images_real/safe_driving_0054.jpg,safe_driving
data/processed/driver_images_real/safe_driving_0055.jpg,safe_driving
data/processed/driver_images_real/safe_driving_0056.jpg,safe_driving
data/processed/driver_images_real/safe_driving_0057.jpg,safe_driving
data/processed/driver_images_real/safe_driving_0058.jpg,safe_driving
data/processed/driver_images_real/safe_driving_0059.jpg,safe_driving
data/processed/driver_images_real/safe_driving_0060.jpg,safe_driving
data/processed/driver_images_real/safe_driving_0061.jpg,safe_driving
data/processed/driver_images_real/safe_driving_0062.jpg,safe_driving
data/processed/driver_images_real/safe_driving_0063.jpg,safe_driving
data/processed/driver_images_real/safe_driving_0064.jpg,safe_driving
data/processed/driver_images_real/safe_driving_0065.jpg,safe_driving
data/processed/driver_images_real/safe_driving_0066.jpg,safe_driving
data/processed/driver_images_real/safe_driving_0067.jpg,safe_driving
data/processed/driver_images_real/safe_driving_0068.jpg,safe_driving
data/processed/driver_images_real/safe_driving_0069.jpg,safe_driving
data/processed/driver_images_real/safe_driving_0070.jpg,safe_driving
data/processed/driver_images_real/safe_driving_0071.jpg,safe_driving
data/processed/driver_images_real/safe_driving_0072.jpg,safe_driving
data/processed/driver_images_real/safe_driving_0073.jpg,safe_driving
data/processed/driver_images_real/safe_driving_0074.jpg,safe_driving
data/processed/driver_images_real/safe_driving_0075.jpg,safe_driving
data/processed/driver_images_real/safe_driving_0076.jpg,safe_driving
data/processed/driver_images_real/safe_driving_0077.jpg,safe_driving
data/processed/driver_images_real/safe_driving_0078.jpg,safe_driving
data/processed/driver_images_real/safe_driving_0079.jpg,safe_driving
data/processed/driver_images_real/safe_driving_0080.jpg,safe_driving
data/processed/driver_images_real/safe_driving_0081.jpg,safe_driving
data/processed/driver_images_real/safe_driving_0082.jpg,safe_driving
data/processed/driver_images_real/safe_driving_0083.jpg,safe_driving
data/processed/driver_images_real/safe_driving_0084.jpg,safe_driving
data/processed/driver_images_real/safe_driving_0085.jpg,safe_driving
data/processed/driver_images_real/safe_driving_0086.jpg,safe_driving
data/processed/driver_images_real/safe_driving_0087.jpg,safe_driving
data/processed/driver_images_real/safe_driving_0088.jpg,safe_driving
data/processed/driver_images_real/safe_driving_0089.jpg,safe_driving
data/processed/driver_images_real/safe_driving_0090.jpg,safe_driving
data/processed/driver_images_real/safe_driving_0091.jpg,safe_driving
data/processed/driver_images_real/safe_driving_0092.jpg,safe_driving
data/processed/driver_images_real/safe_driving_0093.jpg,safe_driving
data/processed/driver_images_real/safe_driving_0094.jpg,safe_driving
data/processed/driver_images_real/safe_driving_0095.jpg,safe_driving
data/processed/driver_images_real/safe_driving_0096.jpg,safe_driving
data/processed/driver_images_real/safe_driving_0097.jpg,safe_driving
data/processed/driver_images_real/safe_driving_0098.jpg,safe_driving
data/processed/driver_images_real/safe_driving_0099.jpg,safe_driving
data/processed/driver_images_real/safe_driving_0100.jpg,safe_driving
data/processed/driver_images_real/safe_driving_0101.jpg,safe_driving
data/processed/driver_images_real/safe_driving_0102.jpg,safe_driving
data/processed/driver_images_real/safe_driving_0103.jpg,safe_driving
data/processed/driver_images_real/safe_driving_0104.jpg,safe_driving
data/processed/driver_images_real/safe_driving_0105.jpg,safe_driving
data/processed/driver_images_real/safe_driving_0106.jpg,safe_driving
data/processed/driver_images_real/safe_driving_0107.jpg,safe_driving
data/processed/driver_images_real/safe_driving_0108.jpg,safe_driving
data/processed/driver_images_real/safe_driving_0109.jpg,safe_driving
data/processed/driver_images_real/safe_driving_0110.jpg,safe_driving
data/processed/driver_images_real/safe_driving_0111.jpg,safe_driving
data/processed/driver_images_real/safe_driving_0112.jpg,safe_driving
data/processed/driver_images_real/safe_driving_0113.jpg,safe_driving
data/processed/driver_images_real/safe_driving_0114.jpg,safe_driving
data/processed/driver_images_real/safe_driving_0115.jpg,safe_driving
data/processed/driver_images_real/safe_driving_0116.jpg,safe_driving
data/processed/driver_images_real/safe_driving_0117.jpg,safe_driving
data/processed/driver_images_real/safe_driving_0118.jpg,safe_driving
data/processed/driver_images_real/safe_driving_0119.jpg,safe_driving
data/processed/driver_images_real/safe_driving_0120.jpg,safe_driving
data/processed/driver_images_real/safe_driving_0121.jpg,safe_driving
data/processed/driver_images_real/safe_driving_0122.jpg,safe_driving
data/processed/driver_images_real/safe_driving_0123.jpg,safe_driving
data/processed/driver_images_real/safe_driving_0124.jpg,safe_driving
data/processed/driver_images_real/safe_driving_0125.jpg,safe_driving
data/processed/driver_images_real/safe_driving_0126.jpg,safe_driving
data/processed/driver_images_real/safe_driving_0127.jpg,safe_driving
data/processed/driver_images_real/safe_driving_0128.jpg,safe_driving
data/processed/driver_images_real/safe_driving_0129.jpg,safe_driving
data/processed/driver_images_real/safe_driving_0130.jpg,safe_driving
data/processed/driver_images_real/safe_driving_0131.jpg,safe_driving
data/processed/driver_images_real/safe_driving_0132.jpg,safe_driving
data/processed/driver_images_real/safe_driving_0133.jpg,safe_driving
data/processed/driver_images_real/safe_driving_0134.jpg,safe_driving
data/processed/driver_images_real/safe_driving_0135.jpg,safe_driving
data/processed/driver_images_real/safe_driving_0136.jpg,safe_driving
data/processed/driver_images_real/safe_driving_0137.jpg,safe_driving
data/processed/driver_images_real/safe_driving_0138.jpg,safe_driving
data/processed/driver_images_real/safe_driving_0139.jpg,safe_driving
data/processed/driver_images_real/safe_driving_0140.jpg,safe_driving
data/processed/driver_images_real/safe_driving_0141.jpg,safe_driving
data/processed/driver_images_real/safe_driving_0142.jpg,safe_driving
data/processed/driver_images_real/safe_driving_0143.jpg,safe_driving
data/processed/driver_images_real/safe_driving_0144.jpg,safe_driving
data/processed/driver_images_real/safe_driving_0145.jpg,safe_driving
data/processed/driver_images_real/safe_driving_0146.jpg,safe_driving
data/processed/driver_images_real/safe_driving_0147.jpg,safe_driving
data/processed/driver_images_real/safe_driving_0148.jpg,safe_driving
data/processed/driver_images_real/safe_driving_0149.jpg,safe_driving
data/processed/driver_images_real/safe_driving_0150.jpg,safe_driving
data/processed/driver_images_real/safe_driving_0151.jpg,safe_driving
data/processed/driver_images_real/safe_driving_0152.jpg,safe_driving
data/processed/driver_images_real/safe_driving_0153.jpg,safe_driving
data/processed/driver_images_real/safe_driving_0154.jpg,safe_driving
data/processed/driver_images_real/safe_driving_0155.jpg,safe_driving
data/processed/driver_images_real/safe_driving_0156.jpg,safe_driving
data/processed/driver_images_real/safe_driving_0157.jpg,safe_driving
data/processed/driver_images_real/safe_driving_0158.jpg,safe_driving
data/processed/driver_images_real/safe_driving_0159.jpg,safe_driving
data/processed/driver_images_real/safe_driving_0160.jpg,safe_driving
data/processed/driver_images_real/safe_driving_0161.jpg,safe_driving
data/processed/driver_images_real/safe_driving_0162.jpg,safe_driving
data/processed/driver_images_real/safe_driving_0163.jpg,safe_driving
data/processed/driver_images_real/safe_driving_0164.jpg,safe_driving
data/processed/driver_images_real/safe_driving_0165.jpg,safe_driving
data/processed/driver_images_real/safe_driving_0166.jpg,safe_driving
data/processed/driver_images_real/safe_driving_0167.jpg,safe_driving
data/processed/driver_images_real/safe_driving_0168.jpg,safe_driving
data/processed/driver_images_real/safe_driving_0169.jpg,safe_driving
data/processed/driver_images_real/safe_driving_0170.jpg,safe_driving
data/processed/driver_images_real/safe_driving_0171.jpg,safe_driving
data/processed/driver_images_real/safe_driving_0172.jpg,safe_driving
data/processed/driver_images_real/safe_driving_0173.jpg,safe_driving
data/processed/driver_images_real/safe_driving_0174.jpg,safe_driving
data/processed/driver_images_real/safe_driving_0175.jpg,safe_driving
data/processed/driver_images_real/safe_driving_0176.jpg,safe_driving
data/processed/driver_images_real/safe_driving_0177.jpg,safe_driving
data/processed/driver_images_real/safe_driving_0178.jpg,safe_driving
data/processed/driver_images_real/safe_driving_0179.jpg,safe_driving
data/processed/driver_images_real/safe_driving_0180.jpg,safe_driving
data/processed/driver_images_real/safe_driving_0181.jpg,safe_driving
data/processed/driver_images_real/safe_driving_0182.jpg,safe_driving
data/processed/driver_images_real/safe_driving_0183.jpg,safe_driving
data/processed/driver_images_real/safe_driving_0184.jpg,safe_driving
data/processed/driver_images_real/safe_driving_0185.jpg,safe_driving
data/processed/driver_images_real/safe_driving_0186.jpg,safe_driving
data/processed/driver_images_real/safe_driving_0187.jpg,safe_driving
data/processed/driver_images_real/safe_driving_0188.jpg,safe_driving
data/processed/driver_images_real/safe_driving_0189.jpg,safe_driving
data/processed/driver_images_real/safe_driving_0190.jpg,safe_driving
data/processed/driver_images_real/safe_driving_0191.jpg,safe_driving
data/processed/driver_images_real/safe_driving_0192.jpg,safe_driving
data/processed/driver_images_real/safe_driving_0193.jpg,safe_driving
data/processed/driver_images_real/safe_driving_0194.jpg,safe_driving
data/processed/driver_images_real/safe_driving_0195.jpg,safe_driving
data/processed/driver_images_real/safe_driving_0196.jpg,safe_driving
data/processed/driver_images_real/safe_driving_0197.jpg,safe_driving
data/processed/driver_images_real/safe_driving_0198.jpg,safe_driving
data/processed/driver_images_real/safe_driving_0199.jpg,safe_driving
data/processed/driver_images_real/safe_driving_0200.jpg,safe_driving
data/processed/driver_images_real/safe_driving_0201.jpg,safe_driving
data/processed/driver_images_real/safe_driving_0202.jpg,safe_driving
data/processed/driver_images_real/safe_driving_0203.jpg,safe_driving
data/processed/driver_images_real/safe_driving_0204.jpg,safe_driving
data/processed/driver_images_real/safe_driving_0205.jpg,safe_driving
data/processed/driver_images_real/safe_driving_0206.jpg,safe_driving
data/processed/driver_images_real/safe_driving_0207.jpg,safe_driving
data/processed/driver_images_real/safe_driving_0208.jpg,safe_driving
data/processed/driver_images_real/safe_driving_0209.jpg,safe_driving
data/processed/driver_images_real/safe_driving_0210.jpg,safe_driving
data/processed/driver_images_real/safe_driving_0211.jpg,safe_driving
data/processed/driver_images_real/safe_driving_0212.jpg,safe_driving
data/processed/driver_images_real/safe_driving_0213.jpg,safe_driving
data/processed/driver_images_real/safe_driving_0214.jpg,safe_driving
data/processed/driver_images_real/safe_driving_0215.jpg,safe_driving
data/processed/driver_images_real/safe_driving_0216.jpg,safe_driving
data/processed/driver_images_real/safe_driving_0217.jpg,safe_driving
data/processed/driver_images_real/safe_driving_0218.jpg,safe_driving
data/processed/driver_images_real/safe_driving_0219.jpg,safe_driving
data/processed/driver_images_real/safe_driving_0220.jpg,safe_driving
data/processed/driver_images_real/safe_driving_0221.jpg,safe_driving
data/processed/driver_images_real/safe_driving_0222.jpg,safe_driving
data/processed/driver_images_real/safe_driving_0223.jpg,safe_driving
data/processed/driver_images_real/safe_driving_0224.jpg,safe_driving
data/processed/driver_images_real/safe_driving_0225.jpg,safe_driving
data/processed/driver_images_real/safe_driving_0226.jpg,safe_driving
data/processed/driver_images_real/safe_driving_0227.jpg,safe_driving
data/processed/driver_images_real/safe_driving_0228.jpg,safe_driving
data/processed/driver_images_real/safe_driving_0229.jpg,safe_driving
data/processed/driver_images_real/safe_driving_0230.jpg,safe_driving
data/processed/driver_images_real/safe_driving_0231.jpg,safe_driving
data/processed/driver_images_real/safe_driving_0232.jpg,safe_driving
data/processed/driver_images_real/safe_driving_0233.jpg,safe_driving
data/processed/driver_images_real/safe_driving_0234.jpg,safe_driving
data/processed/driver_images_real/safe_driving_0235.jpg,safe_driving
data/processed/driver_images_real/safe_driving_0236.jpg,safe_driving
data/processed/driver_images_real/safe_driving_0237.jpg,safe_driving
data/processed/driver_images_real/safe_driving_0238.jpg,safe_driving
data/processed/driver_images_real/safe_driving_0239.jpg,safe_driving
data/processed/driver_images_real/safe_driving_0240.jpg,safe_driving
data/processed/driver_images_real/safe_driving_0241.jpg,safe_driving
data/processed/driver_images_real/safe_driving_0242.jpg,safe_driving
data/processed/driver_images_real/safe_driving_0243.jpg,safe_driving
data/processed/driver_images_real/safe_driving_0244.jpg,safe_driving
data/processed/driver_images_real/safe_driving_0245.jpg,safe_driving
data/processed/driver_images_real/safe_driving_0246.jpg,safe_driving
data/processed/driver_images_real/safe_driving_0247.jpg,safe_driving
data/processed/driver_images_real/safe_driving_0248.jpg,safe_driving
data/processed/driver_images_real/safe_driving_0249.jpg,safe_driving
data/processed/driver_images_real/safe_driving_0250.jpg,safe_driving
data/processed/driver_images_real/safe_driving_0251.jpg,safe_driving
data/processed/driver_images_real/safe_driving_0252.jpg,safe_driving
data/processed/driver_images_real/safe_driving_0253.jpg,safe_driving
data/processed/driver_images_real/safe_driving_0254.jpg,safe_driving
data/processed/driver_images_real/safe_driving_0255.jpg,safe_driving
data/processed/driver_images_real/safe_driving_0256.jpg,safe_driving
data/processed/driver_images_real/safe_driving_0257.jpg,safe_driving
data/processed/driver_images_real/safe_driving_0258.jpg,safe_driving
data/processed/driver_images_real/safe_driving_0259.jpg,safe_driving
data/processed/driver_images_real/safe_driving_0260.jpg,safe_driving
data/processed/driver_images_real/safe_driving_0261.jpg,safe_driving
data/processed/driver_images_real/safe_driving_0262.jpg,safe_driving
data/processed/driver_images_real/safe_driving_0263.jpg,safe_driving
data/processed/driver_images_real/safe_driving_0264.jpg,safe_driving
data/processed/driver_images_real/safe_driving_0265.jpg,safe_driving
data/processed/driver_images_real/safe_driving_0266.jpg,safe_driving
data/processed/driver_images_real/safe_driving_0267.jpg,safe_driving
data/processed/driver_images_real/safe_driving_0268.jpg,safe_driving
data/processed/driver_images_real/safe_driving_0269.jpg,safe_driving
data/processed/driver_images_real/safe_driving_0270.jpg,safe_driving
data/processed/driver_images_real/safe_driving_0271.jpg,safe_driving
data/processed/driver_images_real/safe_driving_0272.jpg,safe_driving
data/processed/driver_images_real/safe_driving_0273.jpg,safe_driving
data/processed/driver_images_real/safe_driving_0274.jpg,safe_driving
data/processed/driver_images_real/safe_driving_0275.jpg,safe_driving
data/processed/driver_images_real/safe_driving_0276.jpg,safe_driving
data/processed/driver_images_real/safe_driving_0277.jpg,safe_driving
data/processed/driver_images_real/safe_driving_0278.jpg,safe_driving
data/processed/driver_images_real/safe_driving_0279.jpg,safe_driving
data/processed/driver_images_real/safe_driving_0280.jpg,safe_driving
data/processed/driver_images_real/safe_driving_0281.jpg,safe_driving
data/processed/driver_images_real/safe_driving_0282.jpg,safe_driving
data/processed/driver_images_real/safe_driving_0283.jpg,safe_driving
data/processed/driver_images_real/safe_driving_0284.jpg,safe_driving
data/processed/driver_images_real/safe_driving_0285.jpg,safe_driving
data/processed/driver_images_real/safe_driving_0286.jpg,safe_driving
data/processed/driver_images_real/safe_driving_0287.jpg,safe_driving
data/processed/driver_images_real/safe_driving_0288.jpg,safe_driving
data/processed/driver_images_real/safe_driving_0289.jpg,safe_driving
data/processed/driver_images_real/safe_driving_0290.jpg,safe_driving
data/processed/driver_images_real/safe_driving_0291.jpg,safe_driving
data/processed/driver_images_real/safe_driving_0292.jpg,safe_driving
data/processed/driver_images_real/safe_driving_0293.jpg,safe_driving
data/processed/driver_images_real/safe_driving_0294.jpg,safe_driving
data/processed/driver_images_real/safe_driving_0295.jpg,safe_driving
data/processed/driver_images_real/safe_driving_0296.jpg,safe_driving
data/processed/driver_images_real/safe_driving_0297.jpg,safe_driving
data/processed/driver_images_real/safe_driving_0298.jpg,safe_driving
data/processed/driver_images_real/safe_driving_0299.jpg,safe_driving
data/processed/driver_images_real/safe_driving_0300.jpg,safe_driving
data/processed/driver_images_real/safe_driving_0301.jpg,safe_driving
data/processed/driver_images_real/safe_driving_0302.jpg,safe_driving
data/processed/driver_images_real/safe_driving_0303.jpg,safe_driving
data/processed/driver_images_real/safe_driving_0304.jpg,safe_driving
data/processed/driver_images_real/safe_driving_0305.jpg,safe_driving
data/processed/driver_images_real/safe_driving_0306.jpg,safe_driving
data/processed/driver_images_real/safe_driving_0307.jpg,safe_driving
data/processed/driver_images_real/safe_driving_0308.jpg,safe_driving
data/processed/driver_images_real/safe_driving_0309.jpg,safe_driving
data/processed/driver_images_real/safe_driving_0310.jpg,safe_driving
data/processed/driver_images_real/safe_driving_0311.jpg,safe_driving
data/processed/driver_images_real/safe_driving_0312.jpg,safe_driving
data/processed/driver_images_real/safe_driving_0313.jpg,safe_driving
data/processed/driver_images_real/safe_driving_0314.jpg,safe_driving
data/processed/driver_images_real/safe_driving_0315.jpg,safe_driving
data/processed/driver_images_real/safe_driving_0316.jpg,safe_driving
data/processed/driver_images_real/safe_driving_0317.jpg,safe_driving
data/processed/driver_images_real/safe_driving_0318.jpg,safe_driving
data/processed/driver_images_real/safe_driving_0319.jpg,safe_driving
data/processed/driver_images_real/safe_driving_0320.jpg,safe_driving
data/processed/driver_images_real/safe_driving_0321.jpg,safe_driving
data/processed/driver_images_real/safe_driving_0322.jpg,safe_driving
data/processed/driver_images_real/safe_driving_0323.jpg,safe_driving
data/processed/driver_images_real/safe_driving_0324.jpg,safe_driving
data/processed/driver_images_real/safe_driving_0325.jpg,safe_driving
data/processed/driver_images_real/safe_driving_0326.jpg,safe_driving
data/processed/driver_images_real/safe_driving_0327.jpg,safe_driving
data/processed/driver_images_real/safe_driving_0328.jpg,safe_driving
data/processed/driver_images_real/safe_driving_0329.jpg,safe_driving
data/processed/driver_images_real/safe_driving_0330.jpg,safe_driving
data/processed/driver_images_real/safe_driving_0331.jpg,safe_driving
data/processed/driver_images_real/safe_driving_0332.jpg,safe_driving
data/processed/driver_images_real/safe_driving_0333.jpg,safe_driving
data/processed/driver_images_real/safe_driving_0334.jpg,safe_driving
data/processed/driver_images_real/safe_driving_0335.jpg,safe_driving
data/processed/driver_images_real/safe_driving_0336.jpg,safe_driving
data/processed/driver_images_real/safe_driving_0337.jpg,safe_driving
data/processed/driver_images_real/safe_driving_0338.jpg,safe_driving
data/processed/driver_images_real/safe_driving_0339.jpg,safe_driving
data/processed/driver_images_real/safe_driving_0340.jpg,safe_driving
data/processed/driver_images_real/safe_driving_0341.jpg,safe_driving
data/processed/driver_images_real/safe_driving_0342.jpg,safe_driving
data/processed/driver_images_real/safe_driving_0343.jpg,safe_driving
data/processed/driver_images_real/safe_driving_0344.jpg,safe_driving
data/processed/driver_images_real/safe_driving_0345.jpg,safe_driving
data/processed/driver_images_real/safe_driving_0346.jpg,safe_driving
data/processed/driver_images_real/safe_driving_0347.jpg,safe_driving
data/processed/driver_images_real/safe_driving_0348.jpg,safe_driving
data/processed/driver_images_real/safe_driving_0349.jpg,safe_driving
data/processed/driver_images_real/safe_driving_0350.jpg,safe_driving
data/processed/driver_images_real/safe_driving_0351.jpg,safe_driving
data/processed/driver_images_real/safe_driving_0352.jpg,safe_driving
data/processed/driver_images_real/safe_driving_0353.jpg,safe_driving
data/processed/driver_images_real/safe_driving_0354.jpg,safe_driving
data/processed/driver_images_real/safe_driving_0355.jpg,safe_driving
data/processed/driver_images_real/safe_driving_0356.jpg,safe_driving
data/processed/driver_images_real/safe_driving_0357.jpg,safe_driving
data/processed/driver_images_real/safe_driving_0358.jpg,safe_driving
data/processed/driver_images_real/safe_driving_0359.jpg,safe_driving
data/processed/driver_images_real/safe_driving_0360.jpg,safe_driving
data/processed/driver_images_real/safe_driving_0361.jpg,safe_driving
data/processed/driver_images_real/safe_driving_0362.jpg,safe_driving
data/processed/driver_images_real/safe_driving_0363.jpg,safe_driving
data/processed/driver_images_real/safe_driving_0364.jpg,safe_driving
data/processed/driver_images_real/safe_driving_0365.jpg,safe_driving
data/processed/driver_images_real/safe_driving_0366.jpg,safe_driving
data/processed/driver_images_real/safe_driving_0367.jpg,safe_driving
data/processed/driver_images_real/safe_driving_0368.jpg,safe_driving
data/processed/driver_images_real/safe_driving_0369.jpg,safe_driving
data/processed/driver_images_real/safe_driving_0370.jpg,safe_driving
data/processed/driver_images_real/safe_driving_0371.jpg,safe_driving
data/processed/driver_images_real/safe_driving_0372.jpg,safe_driving
data/processed/driver_images_real/safe_driving_0373.jpg,safe_driving
data/processed/driver_images_real/safe_driving_0374.jpg,safe_driving
data/processed/driver_images_real/safe_driving_0375.jpg,safe_driving
data/processed/driver_images_real/safe_driving_0376.jpg,safe_driving
data/processed/driver_images_real/safe_driving_0377.jpg,safe_driving
data/processed/driver_images_real/safe_driving_0378.jpg,safe_driving
data/processed/driver_images_real/safe_driving_0379.jpg,safe_driving
data/processed/driver_images_real/safe_driving_0380.jpg,safe_driving
data/processed/driver_images_real/safe_driving_0381.jpg,safe_driving
data/processed/driver_images_real/safe_driving_0382.jpg,safe_driving
data/processed/driver_images_real/safe_driving_0383.JPG,safe_driving
data/processed/driver_images_real/safe_driving_0384.JPG,safe_driving
data/processed/driver_images_real/safe_driving_0385.jpg,safe_driving
data/processed/driver_images_real/safe_driving_0386.JPG,safe_driving
data/processed/driver_images_real/safe_driving_0387.JPG,safe_driving
data/processed/driver_images_real/safe_driving_0388.jpg,safe_driving
data/processed/driver_images_real/safe_driving_0389.jpg,safe_driving
data/processed/driver_images_real/safe_driving_0390.jpg,safe_driving
data/processed/driver_images_real/safe_driving_0391.jpg,safe_driving
data/processed/driver_images_real/safe_driving_0392.JPG,safe_driving
data/processed/driver_images_real/safe_driving_0393.JPG,safe_driving
data/processed/driver_images_real/safe_driving_0394.jpg,safe_driving
data/processed/driver_images_real/safe_driving_0395.JPG,safe_driving
data/processed/driver_images_real/safe_driving_0396.jpg,safe_driving
data/processed/driver_images_real/safe_driving_0397.JPG,safe_driving
data/processed/driver_images_real/safe_driving_0398.JPG,safe_driving
data/processed/driver_images_real/safe_driving_0399.jpg,safe_driving
data/processed/driver_images_real/safe_driving_0400.jpg,safe_driving
data/processed/driver_images_real/safe_driving_0401.jpg,safe_driving
data/processed/driver_images_real/safe_driving_0402.jpg,safe_driving
data/processed/driver_images_real/safe_driving_0403.jpg,safe_driving
data/processed/driver_images_real/safe_driving_0404.jpg,safe_driving
data/processed/driver_images_real/safe_driving_0405.jpg,safe_driving
data/processed/driver_images_real/safe_driving_0406.jpg,safe_driving
data/processed/driver_images_real/safe_driving_0407.jpg,safe_driving
data/processed/driver_images_real/safe_driving_0408.jpg,safe_driving
data/processed/driver_images_real/safe_driving_0409.jpg,safe_driving
data/processed/driver_images_real/safe_driving_0410.jpg,safe_driving
data/processed/driver_images_real/safe_driving_0411.jpg,safe_driving
data/processed/driver_images_real/safe_driving_0412.jpg,safe_driving
data/processed/driver_images_real/safe_driving_0413.jpg,safe_driving
data/processed/driver_images_real/safe_driving_0414.jpg,safe_driving
data/processed/driver_images_real/safe_driving_0415.jpg,safe_driving
data/processed/driver_images_real/safe_driving_0416.jpg,safe_driving
data/processed/driver_images_real/safe_driving_0417.jpg,safe_driving
data/processed/driver_images_real/safe_driving_0418.jpg,safe_driving
data/processed/driver_images_real/safe_driving_0419.jpg,safe_driving
data/processed/driver_images_real/safe_driving_0420.jpg,safe_driving
data/processed/driver_images_real/safe_driving_0421.jpg,safe_driving
data/processed/driver_images_real/safe_driving_0422.jpg,safe_driving
data/processed/driver_images_real/safe_driving_0423.jpg,safe_driving
data/processed/driver_images_real/safe_driving_0424.jpg,safe_driving
data/processed/driver_images_real/safe_driving_0425.jpg,safe_driving
data/processed/driver_images_real/safe_driving_0426.jpg,safe_driving
data/processed/driver_images_real/safe_driving_0427.jpg,safe_driving
data/processed/driver_images_real/safe_driving_0428.jpg,safe_driving
data/processed/driver_images_real/safe_driving_0429.jpg,safe_driving
data/processed/driver_images_real/safe_driving_0430.jpg,safe_driving
data/processed/driver_images_real/safe_driving_0431.jpg,safe_driving
data/processed/driver_images_real/safe_driving_0432.jpg,safe_driving
data/processed/driver_images_real/safe_driving_0433.jpg,safe_driving
data/processed/driver_images_real/safe_driving_0434.jpg,safe_driving
data/processed/driver_images_real/safe_driving_0435.jpg,safe_driving
data/processed/driver_images_real/safe_driving_0436.jpg,safe_driving
data/processed/driver_images_real/safe_driving_0437.jpg,safe_driving
data/processed/driver_images_real/safe_driving_0438.jpg,safe_driving
data/processed/driver_images_real/safe_driving_0439.jpg,safe_driving
data/processed/driver_images_real/safe_driving_0440.jpg,safe_driving
data/processed/driver_images_real/safe_driving_0441.jpg,safe_driving
data/processed/driver_images_real/safe_driving_0442.jpg,safe_driving
data/processed/driver_images_real/safe_driving_0443.jpg,safe_driving
data/processed/driver_images_real/safe_driving_0444.jpg,safe_driving
data/processed/driver_images_real/safe_driving_0445.jpg,safe_driving
data/processed/driver_images_real/safe_driving_0446.jpg,safe_driving
data/processed/driver_images_real/safe_driving_0447.jpg,safe_driving
data/processed/driver_images_real/safe_driving_0448.jpg,safe_driving
data/processed/driver_images_real/safe_driving_0449.jpg,safe_driving
data/processed/driver_images_real/safe_driving_0450.jpg,safe_driving
data/processed/driver_images_real/safe_driving_0451.jpg,safe_driving
data/processed/driver_images_real/safe_driving_0452.jpg,safe_driving
data/processed/driver_images_real/safe_driving_0453.jpg,safe_driving
data/processed/driver_images_real/safe_driving_0454.jpg,safe_driving
data/processed/driver_images_real/safe_driving_0455.jpg,safe_driving
data/processed/driver_images_real/safe_driving_0456.jpg,safe_driving
data/processed/driver_images_real/safe_driving_0457.jpg,safe_driving
data/processed/driver_images_real/safe_driving_0458.jpg,safe_driving
data/processed/driver_images_real/safe_driving_0459.jpg,safe_driving
data/processed/driver_images_real/safe_driving_0460.jpg,safe_driving
data/processed/driver_images_real/safe_driving_0461.jpg,safe_driving
data/processed/driver_images_real/safe_driving_0462.jpg,safe_driving
data/processed/driver_images_real/safe_driving_0463.jpg,safe_driving
data/processed/driver_images_real/safe_driving_0464.jpg,safe_driving
data/processed/driver_images_real/safe_driving_0465.jpg,safe_driving
data/processed/driver_images_real/safe_driving_0466.jpg,safe_driving
data/processed/driver_images_real/safe_driving_0467.jpg,safe_driving
data/processed/driver_images_real/safe_driving_0468.jpg,safe_driving
data/processed/driver_images_real/safe_driving_0469.jpg,safe_driving
data/processed/driver_images_real/safe_driving_0470.jpg,safe_driving
data/processed/driver_images_real/safe_driving_0471.jpg,safe_driving
data/processed/driver_images_real/safe_driving_0472.jpg,safe_driving
data/processed/driver_images_real/safe_driving_0473.jpg,safe_driving
data/processed/driver_images_real/safe_driving_0474.jpg,safe_driving
data/processed/driver_images_real/safe_driving_0475.jpg,safe_driving
data/processed/driver_images_real/safe_driving_0476.jpg,safe_driving
data/processed/driver_images_real/safe_driving_0477.jpg,safe_driving
data/processed/driver_images_real/safe_driving_0478.jpg,safe_driving
data/processed/driver_images_real/safe_driving_0479.jpg,safe_driving
data/processed/driver_images_real/safe_driving_0480.jpg,safe_driving
data/processed/driver_images_real/safe_driving_0481.jpg,safe_driving
data/processed/driver_images_real/safe_driving_0482.jpg,safe_driving
data/processed/driver_images_real/safe_driving_0483.jpg,safe_driving
data/processed/driver_images_real/safe_driving_0484.jpg,safe_driving
data/processed/driver_images_real/safe_driving_0485.jpg,safe_driving
data/processed/driver_images_real/safe_driving_0486.jpg,safe_driving
data/processed/driver_images_real/safe_driving_0487.jpg,safe_driving
data/processed/driver_images_real/safe_driving_0488.jpg,safe_driving
data/processed/driver_images_real/safe_driving_0489.jpg,safe_driving
data/processed/driver_images_real/safe_driving_0490.jpg,safe_driving
data/processed/driver_images_real/safe_driving_0491.jpg,safe_driving
data/processed/driver_images_real/safe_driving_0492.jpg,safe_driving
data/processed/driver_images_real/safe_driving_0493.jpg,safe_driving
data/processed/driver_images_real/safe_driving_0494.jpg,safe_driving
data/processed/driver_images_real/safe_driving_0495.jpg,safe_driving
data/processed/driver_images_real/safe_driving_0496.jpg,safe_driving
data/processed/driver_images_real/safe_driving_0497.jpg,safe_driving
data/processed/driver_images_real/safe_driving_0498.jpg,safe_driving
data/processed/driver_images_real/safe_driving_0499.jpg,safe_driving
data/processed/driver_images_real/safe_driving_0500.jpg,safe_driving
data/processed/driver_images_real/safe_driving_0501.jpg,safe_driving
data/processed/driver_images_real/safe_driving_0502.jpg,safe_driving
data/processed/driver_images_real/safe_driving_0503.jpg,safe_driving
data/processed/driver_images_real/safe_driving_0504.jpg,safe_driving
data/processed/driver_images_real/safe_driving_0505.jpg,safe_driving
data/processed/driver_images_real/safe_driving_0506.jpg,safe_driving
data/processed/driver_images_real/safe_driving_0507.jpg,safe_driving
data/processed/driver_images_real/safe_driving_0508.jpg,safe_driving
data/processed/driver_images_real/safe_driving_0509.jpg,safe_driving
data/processed/driver_images_real/safe_driving_0510.jpg,safe_driving
data/processed/driver_images_real/safe_driving_0511.jpg,safe_driving
data/processed/driver_images_real/safe_driving_0512.jpg,safe_driving
data/processed/driver_images_real/safe_driving_0513.jpg,safe_driving
data/processed/driver_images_real/safe_driving_0514.jpg,safe_driving
data/processed/driver_images_real/safe_driving_0515.jpg,safe_driving
data/processed/driver_images_real/safe_driving_0516.jpg,safe_driving
data/processed/driver_images_real/safe_driving_0517.jpg,safe_driving
data/processed/driver_images_real/safe_driving_0518.jpg,safe_driving
data/processed/driver_images_real/safe_driving_0519.jpg,safe_driving
data/processed/driver_images_real/safe_driving_0520.jpg,safe_driving
data/processed/driver_images_real/safe_driving_0521.jpg,safe_driving
data/processed/driver_images_real/safe_driving_0522.jpg,safe_driving
data/processed/driver_images_real/safe_driving_0523.jpg,safe_driving
data/processed/driver_images_real/safe_driving_0524.jpg,safe_driving
data/processed/driver_images_real/safe_driving_0525.jpg,safe_driving
data/processed/driver_images_real/safe_driving_0526.jpg,safe_driving
data/processed/driver_images_real/safe_driving_0527.jpg,safe_driving
data/processed/driver_images_real/safe_driving_0528.jpg,safe_driving
data/processed/driver_images_real/safe_driving_0529.jpg,safe_driving
data/processed/driver_images_real/safe_driving_0530.jpg,safe_driving
data/processed/driver_images_real/safe_driving_0531.jpg,safe_driving
data/processed/driver_images_real/safe_driving_0532.jpg,safe_driving
data/processed/driver_images_real/safe_driving_0533.jpg,safe_driving
data/processed/driver_images_real/safe_driving_0534.jpg,safe_driving
data/processed/driver_images_real/safe_driving_0535.jpg,safe_driving
data/processed/driver_images_real/safe_driving_0536.jpg,safe_driving
data/processed/driver_images_real/safe_driving_0537.jpg,safe_driving
data/processed/driver_images_real/safe_driving_0538.jpg,safe_driving
data/processed/driver_images_real/safe_driving_0539.jpg,safe_driving
data/processed/driver_images_real/safe_driving_0540.jpg,safe_driving
data/processed/driver_images_real/safe_driving_0541.jpg,safe_driving
data/processed/driver_images_real/safe_driving_0542.jpg,safe_driving
data/processed/driver_images_real/safe_driving_0543.jpg,safe_driving
data/processed/driver_images_real/safe_driving_0544.jpg,safe_driving
data/processed/driver_images_real/safe_driving_0545.jpg,safe_driving
data/processed/driver_images_real/safe_driving_0546.jpg,safe_driving
data/processed/driver_images_real/safe_driving_0547.jpg,safe_driving
data/processed/driver_images_real/safe_driving_0548.jpg,safe_driving
data/processed/driver_images_real/safe_driving_0549.jpg,safe_driving
data/processed/driver_images_real/safe_driving_0550.jpg,safe_driving
data/processed/driver_images_real/safe_driving_0551.jpg,safe_driving
data/processed/driver_images_real/safe_driving_0552.jpg,safe_driving
data/processed/driver_images_real/safe_driving_0553.jpg,safe_driving
data/processed/driver_images_real/safe_driving_0554.jpg,safe_driving
data/processed/driver_images_real/safe_driving_0555.jpg,safe_driving
data/processed/driver_images_real/safe_driving_0556.jpg,safe_driving
data/processed/driver_images_real/safe_driving_0557.jpg,safe_driving
data/processed/driver_images_real/safe_driving_0558.jpg,safe_driving
data/processed/driver_images_real/safe_driving_0559.jpg,safe_driving
data/processed/driver_images_real/safe_driving_0560.jpg,safe_driving
data/processed/driver_images_real/safe_driving_0561.jpg,safe_driving
data/processed/driver_images_real/safe_driving_0562.jpg,safe_driving
data/processed/driver_images_real/safe_driving_0563.jpg,safe_driving
data/processed/driver_images_real/safe_driving_0564.jpg,safe_driving
data/processed/driver_images_real/safe_driving_0565.jpg,safe_driving
data/processed/driver_images_real/safe_driving_0566.jpg,safe_driving
data/processed/driver_images_real/safe_driving_0567.jpg,safe_driving
data/processed/driver_images_real/safe_driving_0568.jpg,safe_driving
data/processed/driver_images_real/safe_driving_0569.jpg,safe_driving
data/processed/driver_images_real/safe_driving_0570.jpg,safe_driving
data/processed/driver_images_real/safe_driving_0571.jpg,safe_driving
data/processed/driver_images_real/safe_driving_0572.jpg,safe_driving
data/processed/driver_images_real/safe_driving_0573.jpg,safe_driving
data/processed/driver_images_real/safe_driving_0574.jpg,safe_driving
data/processed/driver_images_real/safe_driving_0575.jpg,safe_driving
data/processed/driver_images_real/safe_driving_0576.jpg,safe_driving
data/processed/driver_images_real/safe_driving_0577.jpg,safe_driving
data/processed/driver_images_real/safe_driving_0578.jpg,safe_driving
data/processed/driver_images_real/safe_driving_0579.jpg,safe_driving
data/processed/driver_images_real/safe_driving_0580.jpg,safe_driving
data/processed/driver_images_real/safe_driving_0581.jpg,safe_driving
data/processed/driver_images_real/safe_driving_0582.jpg,safe_driving
data/processed/driver_images_real/safe_driving_0583.jpg,safe_driving
data/processed/driver_images_real/safe_driving_0584.jpg,safe_driving
data/processed/driver_images_real/safe_driving_0585.jpg,safe_driving
data/processed/driver_images_real/safe_driving_0586.jpg,safe_driving
data/processed/driver_images_real/safe_driving_0587.jpg,safe_driving
data/processed/driver_images_real/safe_driving_0588.jpg,safe_driving
data/processed/driver_images_real/safe_driving_0589.jpg,safe_driving
data/processed/driver_images_real/safe_driving_0590.jpg,safe_driving
data/processed/driver_images_real/safe_driving_0591.jpg,safe_driving
data/processed/driver_images_real/safe_driving_0592.jpg,safe_driving
data/processed/driver_images_real/safe_driving_0593.jpg,safe_driving
data/processed/driver_images_real/safe_driving_0594.jpg,safe_driving
data/processed/driver_images_real/safe_driving_0595.jpg,safe_driving
data/processed/driver_images_real/safe_driving_0596.jpg,safe_driving
data/processed/driver_images_real/safe_driving_0597.jpg,safe_driving
data/processed/driver_images_real/safe_driving_0598.jpg,safe_driving
data/processed/driver_images_real/safe_driving_0599.jpg,safe_driving
data/processed/driver_images_real/safe_driving_0600.jpg,safe_driving
data/processed/driver_images_real/safe_driving_0601.jpg,safe_driving
data/processed/driver_images_real/safe_driving_0602.jpg,safe_driving
data/processed/driver_images_real/safe_driving_0603.jpg,safe_driving
data/processed/driver_images_real/safe_driving_0604.jpg,safe_driving
data/processed/driver_images_real/safe_driving_0605.jpg,safe_driving
data/processed/driver_images_real/safe_driving_0606.jpg,safe_driving
data/processed/driver_images_real/safe_driving_0607.jpg,safe_driving
data/processed/driver_images_real/safe_driving_0608.jpg,safe_driving
data/processed/driver_images_real/safe_driving_0609.jpg,safe_driving
data/processed/driver_images_real/safe_driving_0610.jpg,safe_driving
data/processed/driver_images_real/safe_driving_0611.jpg,safe_driving
data/processed/driver_images_real/safe_driving_0612.jpg,safe_driving
data/processed/driver_images_real/safe_driving_0613.jpg,safe_driving
data/processed/driver_images_real/safe_driving_0614.jpg,safe_driving
data/processed/driver_images_real/safe_driving_0615.jpg,safe_driving
data/processed/driver_images_real/safe_driving_0616.jpg,safe_driving
data/processed/driver_images_real/safe_driving_0617.jpg,safe_driving
data/processed/driver_images_real/safe_driving_0618.jpg,safe_driving
data/processed/driver_images_real/safe_driving_0619.jpg,safe_driving
data/processed/driver_images_real/safe_driving_0620.jpg,safe_driving
data/processed/driver_images_real/safe_driving_0621.jpg,safe_driving
data/processed/driver_images_real/safe_driving_0622.jpg,safe_driving
data/processed/driver_images_real/safe_driving_0623.jpg,safe_driving
data/processed/driver_images_real/safe_driving_0624.jpg,safe_driving
data/processed/driver_images_real/safe_driving_0625.jpg,safe_driving
data/processed/driver_images_real/safe_driving_0626.jpg,safe_driving
data/processed/driver_images_real/safe_driving_0627.jpg,safe_driving
data/processed/driver_images_real/safe_driving_0628.jpg,safe_driving
data/processed/driver_images_real/safe_driving_0629.jpg,safe_driving
data/processed/driver_images_real/safe_driving_0630.jpg,safe_driving
data/processed/driver_images_real/safe_driving_0631.jpg,safe_driving
data/processed/driver_images_real/safe_driving_0632.jpg,safe_driving
data/processed/driver_images_real/safe_driving_0633.jpg,safe_driving
data/processed/driver_images_real/safe_driving_0634.jpg,safe_driving
data/processed/driver_images_real/safe_driving_0635.jpg,safe_driving
data/processed/driver_images_real/safe_driving_0636.jpg,safe_driving
data/processed/driver_images_real/safe_driving_0637.jpg,safe_driving
data/processed/driver_images_real/safe_driving_0638.jpg,safe_driving
data/processed/driver_images_real/safe_driving_0639.jpg,safe_driving
data/processed/driver_images_real/safe_driving_0640.jpg,safe_driving
data/processed/driver_images_real/safe_driving_0641.jpg,safe_driving
data/processed/driver_images_real/safe_driving_0642.jpg,safe_driving
data/processed/driver_images_real/safe_driving_0643.jpg,safe_driving
data/processed/driver_images_real/safe_driving_0644.jpg,safe_driving
data/processed/driver_images_real/safe_driving_0645.jpg,safe_driving
data/processed/driver_images_real/safe_driving_0646.jpg,safe_driving
data/processed/driver_images_real/safe_driving_0647.jpg,safe_driving
data/processed/driver_images_real/safe_driving_0648.jpg,safe_driving
data/processed/driver_images_real/safe_driving_0649.jpg,safe_driving
data/processed/driver_images_real/safe_driving_0650.jpg,safe_driving
data/processed/driver_images_real/safe_driving_0651.jpg,safe_driving
data/processed/driver_images_real/safe_driving_0652.jpg,safe_driving
data/processed/driver_images_real/safe_driving_0653.jpg,safe_driving
data/processed/driver_images_real/safe_driving_0654.jpg,safe_driving
data/processed/driver_images_real/safe_driving_0655.jpg,safe_driving
data/processed/driver_images_real/safe_driving_0656.jpg,safe_driving
data/processed/driver_images_real/safe_driving_0657.jpg,safe_driving
data/processed/driver_images_real/safe_driving_0658.jpg,safe_driving
data/processed/driver_images_real/safe_driving_0659.jpg,safe_driving
data/processed/driver_images_real/safe_driving_0660.jpg,safe_driving
data/processed/driver_images_real/safe_driving_0661.jpg,safe_driving
data/processed/driver_images_real/safe_driving_0662.jpg,safe_driving
data/processed/driver_images_real/safe_driving_0663.jpg,safe_driving
data/processed/driver_images_real/safe_driving_0664.jpg,safe_driving
data/processed/driver_images_real/safe_driving_0665.jpg,safe_driving
data/processed/driver_images_real/safe_driving_0666.jpg,safe_driving
data/processed/driver_images_real/safe_driving_0667.jpg,safe_driving
data/processed/driver_images_real/safe_driving_0668.jpg,safe_driving
data/processed/driver_images_real/safe_driving_0669.jpg,safe_driving
data/processed/driver_images_real/safe_driving_0670.jpg,safe_driving
data/processed/driver_images_real/safe_driving_0671.jpg,safe_driving
data/processed/driver_images_real/safe_driving_0672.jpg,safe_driving
data/processed/driver_images_real/safe_driving_0673.jpg,safe_driving
data/processed/driver_images_real/safe_driving_0674.jpg,safe_driving
data/processed/driver_images_real/safe_driving_0675.jpg,safe_driving
data/processed/driver_images_real/safe_driving_0676.jpg,safe_driving
data/processed/driver_images_real/safe_driving_0677.jpg,safe_driving
data/processed/driver_images_real/safe_driving_0678.jpg,safe_driving
data/processed/driver_images_real/safe_driving_0679.jpg,safe_driving
data/processed/driver_images_real/safe_driving_0680.jpg,safe_driving
data/processed/driver_images_real/safe_driving_0681.jpg,safe_driving
data/processed/driver_images_real/safe_driving_0682.jpg,safe_driving
data/processed/driver_images_real/safe_driving_0683.jpg,safe_driving
data/processed/driver_images_real/safe_driving_0684.jpg,safe_driving
data/processed/driver_images_real/safe_driving_0685.jpg,safe_driving
data/processed/driver_images_real/safe_driving_0686.jpg,safe_driving
data/processed/driver_images_real/safe_driving_0687.jpg,safe_driving
data/processed/driver_images_real/safe_driving_0688.jpg,safe_driving
data/processed/driver_images_real/safe_driving_0689.jpg,safe_driving
data/processed/driver_images_real/safe_driving_0690.jpg,safe_driving
data/processed/driver_images_real/safe_driving_0691.jpg,safe_driving
data/processed/driver_images_real/safe_driving_0692.jpg,safe_driving
data/processed/driver_images_real/safe_driving_0693.jpg,safe_driving
data/processed/driver_images_real/safe_driving_0694.jpg,safe_driving
data/processed/driver_images_real/safe_driving_0695.jpg,safe_driving
data/processed/driver_images_real/safe_driving_0696.jpg,safe_driving
data/processed/driver_images_real/safe_driving_0697.jpg,safe_driving
data/processed/driver_images_real/safe_driving_0698.jpg,safe_driving
data/processed/driver_images_real/safe_driving_0699.jpg,safe_driving
data/processed/driver_images_real/safe_driving_0700.jpg,safe_driving
data/processed/driver_images_real/safe_driving_0701.jpg,safe_driving
data/processed/driver_images_real/safe_driving_0702.jpg,safe_driving
data/processed/driver_images_real/safe_driving_0703.jpg,safe_driving
data/processed/driver_images_real/safe_driving_0704.jpg,safe_driving
data/processed/driver_images_real/safe_driving_0705.jpg,safe_driving
data/processed/driver_images_real/safe_driving_0706.jpg,safe_driving
data/processed/driver_images_real/safe_driving_0707.jpg,safe_driving
data/processed/driver_images_real/safe_driving_0708.jpg,safe_driving
data/processed/driver_images_real/safe_driving_0709.jpg,safe_driving
data/processed/driver_images_real/safe_driving_0710.jpg,safe_driving
data/processed/driver_images_real/safe_driving_0711.jpg,safe_driving
data/processed/driver_images_real/safe_driving_0712.jpg,safe_driving
data/processed/driver_images_real/safe_driving_0713.jpg,safe_driving
data/processed/driver_images_real/safe_driving_0714.jpg,safe_driving
data/processed/driver_images_real/safe_driving_0715.jpg,safe_driving
data/processed/driver_images_real/safe_driving_0716.jpg,safe_driving
data/processed/driver_images_real/safe_driving_0717.jpg,safe_driving
data/processed/driver_images_real/safe_driving_0718.jpg,safe_driving
data/processed/driver_images_real/safe_driving_0719.jpg,safe_driving
data/processed/driver_images_real/safe_driving_0720.jpg,safe_driving
data/processed/driver_images_real/safe_driving_0721.jpg,safe_driving
data/processed/driver_images_real/safe_driving_0722.jpg,safe_driving
data/processed/driver_images_real/safe_driving_0723.jpg,safe_driving
data/processed/driver_images_real/safe_driving_0724.jpg,safe_driving
data/processed/driver_images_real/safe_driving_0725.jpg,safe_driving
data/processed/driver_images_real/safe_driving_0726.jpg,safe_driving
data/processed/driver_images_real/safe_driving_0727.jpg,safe_driving
data/processed/driver_images_real/safe_driving_0728.jpg,safe_driving
data/processed/driver_images_real/safe_driving_0729.jpg,safe_driving
data/processed/driver_images_real/safe_driving_0730.jpg,safe_driving
data/processed/driver_images_real/safe_driving_0731.jpg,safe_driving
data/processed/driver_images_real/safe_driving_0732.jpg,safe_driving
data/processed/driver_images_real/safe_driving_0733.jpg,safe_driving
data/processed/driver_images_real/safe_driving_0734.jpg,safe_driving
data/processed/driver_images_real/safe_driving_0735.jpg,safe_driving
data/processed/driver_images_real/safe_driving_0736.jpg,safe_driving
data/processed/driver_images_real/safe_driving_0737.jpg,safe_driving
data/processed/driver_images_real/safe_driving_0738.jpg,safe_driving
data/processed/driver_images_real/safe_driving_0739.jpg,safe_driving
data/processed/driver_images_real/safe_driving_0740.jpg,safe_driving
data/processed/driver_images_real/safe_driving_0741.jpg,safe_driving
data/processed/driver_images_real/safe_driving_0742.jpg,safe_driving
data/processed/driver_images_real/safe_driving_0743.jpg,safe_driving
data/processed/driver_images_real/safe_driving_0744.jpg,safe_driving
data/processed/driver_images_real/safe_driving_0745.jpg,safe_driving
data/processed/driver_images_real/safe_driving_0746.jpg,safe_driving
data/processed/driver_images_real/safe_driving_0747.jpg,safe_driving
data/processed/driver_images_real/safe_driving_0748.jpg,safe_driving
data/processed/driver_images_real/safe_driving_0749.jpg,safe_driving
data/processed/driver_images_real/safe_driving_0750.jpg,safe_driving
data/processed/driver_images_real/safe_driving_0751.jpg,safe_driving
data/processed/driver_images_real/safe_driving_0752.jpg,safe_driving
data/processed/driver_images_real/safe_driving_0753.jpg,safe_driving
data/processed/driver_images_real/safe_driving_0754.jpg,safe_driving
data/processed/driver_images_real/safe_driving_0755.jpg,safe_driving
data/processed/driver_images_real/safe_driving_0756.jpg,safe_driving
data/processed/driver_images_real/safe_driving_0757.jpg,safe_driving
data/processed/driver_images_real/safe_driving_0758.jpg,safe_driving
data/processed/driver_images_real/safe_driving_0759.jpg,safe_driving
data/processed/driver_images_real/safe_driving_0760.jpg,safe_driving
data/processed/driver_images_real/safe_driving_0761.jpg,safe_driving
data/processed/driver_images_real/safe_driving_0762.jpg,safe_driving
data/processed/driver_images_real/safe_driving_0763.jpg,safe_driving
data/processed/driver_images_real/safe_driving_0764.jpg,safe_driving
data/processed/driver_images_real/safe_driving_0765.jpg,safe_driving
data/processed/driver_images_real/safe_driving_0766.jpg,safe_driving
data/processed/driver_images_real/safe_driving_0767.jpg,safe_driving
data/processed/driver_images_real/safe_driving_0768.jpg,safe_driving
data/processed/driver_images_real/safe_driving_0769.jpg,safe_driving
data/processed/driver_images_real/safe_driving_0770.jpg,safe_driving
data/processed/driver_images_real/safe_driving_0771.jpg,safe_driving
data/processed/driver_images_real/safe_driving_0772.jpg,safe_driving
data/processed/driver_images_real/safe_driving_0773.jpg,safe_driving
data/processed/driver_images_real/safe_driving_0774.jpg,safe_driving
data/processed/driver_images_real/safe_driving_0775.jpg,safe_driving
data/processed/driver_images_real/safe_driving_0776.jpg,safe_driving
data/processed/driver_images_real/safe_driving_0777.jpg,safe_driving
data/processed/driver_images_real/safe_driving_0778.jpg,safe_driving
data/processed/driver_images_real/safe_driving_0779.jpg,safe_driving
data/processed/driver_images_real/safe_driving_0780.jpg,safe_driving
data/processed/driver_images_real/safe_driving_0781.jpg,safe_driving
data/processed/driver_images_real/safe_driving_0782.jpg,safe_driving
data/processed/driver_images_real/safe_driving_0783.jpg,safe_driving
data/processed/driver_images_real/safe_driving_0784.jpg,safe_driving
data/processed/driver_images_real/safe_driving_0785.jpg,safe_driving
data/processed/driver_images_real/safe_driving_0786.jpg,safe_driving
data/processed/driver_images_real/safe_driving_0787.jpg,safe_driving
data/processed/driver_images_real/safe_driving_0788.jpg,safe_driving
data/processed/driver_images_real/safe_driving_0789.jpg,safe_driving
data/processed/driver_images_real/safe_driving_0790.jpg,safe_driving
data/processed/driver_images_real/safe_driving_0791.jpg,safe_driving
data/processed/driver_images_real/safe_driving_0792.jpg,safe_driving
data/processed/driver_images_real/safe_driving_0793.jpg,safe_driving
data/processed/driver_images_real/safe_driving_0794.jpg,safe_driving
data/processed/driver_images_real/safe_driving_0795.jpg,safe_driving
data/processed/driver_images_real/safe_driving_0796.jpg,safe_driving
data/processed/driver_images_real/safe_driving_0797.jpg,safe_driving
data/processed/driver_images_real/safe_driving_0798.jpg,safe_driving
data/processed/driver_images_real/safe_driving_0799.jpg,safe_driving
data/processed/driver_images_real/safe_driving_0800.jpg,safe_driving
data/processed/driver_images_real/safe_driving_0801.jpg,safe_driving
data/processed/driver_images_real/safe_driving_0802.jpg,safe_driving
data/processed/driver_images_real/safe_driving_0803.jpg,safe_driving
data/processed/driver_images_real/safe_driving_0804.jpg,safe_driving
data/processed/driver_images_real/safe_driving_0805.jpg,safe_driving
data/processed/driver_images_real/safe_driving_0806.jpg,safe_driving
data/processed/driver_images_real/safe_driving_0807.jpg,safe_driving
data/processed/driver_images_real/safe_driving_0808.jpg,safe_driving
data/processed/driver_images_real/safe_driving_0809.jpg,safe_driving
data/processed/driver_images_real/safe_driving_0810.jpg,safe_driving
data/processed/driver_images_real/safe_driving_0811.jpg,safe_driving
data/processed/driver_images_real/safe_driving_0812.jpg,safe_driving
data/processed/driver_images_real/safe_driving_0813.jpg,safe_driving
data/processed/driver_images_real/safe_driving_0814.jpg,safe_driving
data/processed/driver_images_real/safe_driving_0815.jpg,safe_driving
data/processed/driver_images_real/safe_driving_0816.jpg,safe_driving
data/processed/driver_images_real/safe_driving_0817.jpg,safe_driving
data/processed/driver_images_real/safe_driving_0818.jpg,safe_driving
data/processed/driver_images_real/safe_driving_0819.jpg,safe_driving
data/processed/driver_images_real/safe_driving_0820.jpg,safe_driving
data/processed/driver_images_real/safe_driving_0821.jpg,safe_driving
data/processed/driver_images_real/safe_driving_0822.jpg,safe_driving
data/processed/driver_images_real/safe_driving_0823.jpg,safe_driving
data/processed/driver_images_real/safe_driving_0824.jpg,safe_driving
data/processed/driver_images_real/safe_driving_0825.jpg,safe_driving
data/processed/driver_images_real/safe_driving_0826.jpg,safe_driving
data/processed/driver_images_real/safe_driving_0827.jpg,safe_driving
data/processed/driver_images_real/safe_driving_0828.jpg,safe_driving
data/processed/driver_images_real/safe_driving_0829.jpg,safe_driving
data/processed/driver_images_real/safe_driving_0830.jpg,safe_driving
data/processed/driver_images_real/safe_driving_0831.jpg,safe_driving
data/processed/driver_images_real/safe_driving_0832.jpg,safe_driving
data/processed/driver_images_real/safe_driving_0833.jpg,safe_driving
data/processed/driver_images_real/safe_driving_0834.jpg,safe_driving
data/processed/driver_images_real/safe_driving_0835.jpg,safe_driving
data/processed/driver_images_real/safe_driving_0836.jpg,safe_driving
data/processed/driver_images_real/safe_driving_0837.jpg,safe_driving
data/processed/driver_images_real/safe_driving_0838.jpg,safe_driving
data/processed/driver_images_real/safe_driving_0839.jpg,safe_driving
data/processed/driver_images_real/safe_driving_0840.jpg,safe_driving
data/processed/driver_images_real/safe_driving_0841.jpg,safe_driving
data/processed/driver_images_real/safe_driving_0842.jpg,safe_driving
data/processed/driver_images_real/safe_driving_0843.jpg,safe_driving
data/processed/driver_images_real/safe_driving_0844.jpg,safe_driving
data/processed/driver_images_real/safe_driving_0845.jpg,safe_driving
data/processed/driver_images_real/safe_driving_0846.jpg,safe_driving
data/processed/driver_images_real/safe_driving_0847.jpg,safe_driving
data/processed/driver_images_real/safe_driving_0848.jpg,safe_driving
data/processed/driver_images_real/safe_driving_0849.jpg,safe_driving
data/processed/driver_images_real/safe_driving_0850.jpg,safe_driving
data/processed/driver_images_real/safe_driving_0851.jpg,safe_driving
data/processed/driver_images_real/safe_driving_0852.jpg,safe_driving
data/processed/driver_images_real/safe_driving_0853.jpg,safe_driving
data/processed/driver_images_real/safe_driving_0854.jpg,safe_driving
data/processed/driver_images_real/safe_driving_0855.jpg,safe_driving
data/processed/driver_images_real/safe_driving_0856.jpg,safe_driving
data/processed/driver_images_real/safe_driving_0857.jpg,safe_driving
data/processed/driver_images_real/safe_driving_0858.jpg,safe_driving
data/processed/driver_images_real/safe_driving_0859.jpg,safe_driving
data/processed/driver_images_real/safe_driving_0860.jpg,safe_driving
data/processed/driver_images_real/safe_driving_0861.jpg,safe_driving
data/processed/driver_images_real/safe_driving_0862.jpg,safe_driving
data/processed/driver_images_real/safe_driving_0863.jpg,safe_driving
data/processed/driver_images_real/safe_driving_0864.jpg,safe_driving
data/processed/driver_images_real/safe_driving_0865.jpg,safe_driving
data/processed/driver_images_real/safe_driving_0866.jpg,safe_driving
data/processed/driver_images_real/safe_driving_0867.jpg,safe_driving
data/processed/driver_images_real/safe_driving_0868.jpg,safe_driving
data/processed/driver_images_real/safe_driving_0869.jpg,safe_driving
data/processed/driver_images_real/safe_driving_0870.jpg,safe_driving
data/processed/driver_images_real/safe_driving_0871.jpg,safe_driving
data/processed/driver_images_real/safe_driving_0872.jpg,safe_driving
data/processed/driver_images_real/safe_driving_0873.jpg,safe_driving
data/processed/driver_images_real/safe_driving_0874.jpg,safe_driving
data/processed/driver_images_real/safe_driving_0875.jpg,safe_driving
data/processed/driver_images_real/safe_driving_0876.jpg,safe_driving
data/processed/driver_images_real/safe_driving_0877.jpg,safe_driving
data/processed/driver_images_real/safe_driving_0878.jpg,safe_driving
data/processed/driver_images_real/safe_driving_0879.jpg,safe_driving
data/processed/driver_images_real/safe_driving_0880.jpg,safe_driving
data/processed/driver_images_real/safe_driving_0881.jpg,safe_driving
data/processed/driver_images_real/safe_driving_0882.jpg,safe_driving
data/processed/driver_images_real/safe_driving_0883.jpg,safe_driving
data/processed/driver_images_real/safe_driving_0884.jpg,safe_driving
data/processed/driver_images_real/safe_driving_0885.jpg,safe_driving
data/processed/driver_images_real/safe_driving_0886.jpg,safe_driving
data/processed/driver_images_real/safe_driving_0887.jpg,safe_driving
data/processed/driver_images_real/safe_driving_0888.jpg,safe_driving
data/processed/driver_images_real/safe_driving_0889.jpg,safe_driving
data/processed/driver_images_real/safe_driving_0890.jpg,safe_driving
data/processed/driver_images_real/safe_driving_0891.jpg,safe_driving
data/processed/driver_images_real/safe_driving_0892.jpg,safe_driving
data/processed/driver_images_real/safe_driving_0893.jpg,safe_driving
data/processed/driver_images_real/safe_driving_0894.jpg,safe_driving
data/processed/driver_images_real/safe_driving_0895.jpg,safe_driving
data/processed/driver_images_real/safe_driving_0896.jpg,safe_driving
data/processed/driver_images_real/safe_driving_0897.jpg,safe_driving
data/processed/driver_images_real/safe_driving_0898.jpg,safe_driving
data/processed/driver_images_real/safe_driving_0899.jpg,safe_driving
data/processed/driver_images_real/safe_driving_0900.jpg,safe_driving
data/processed/driver_images_real/safe_driving_0901.jpg,safe_driving
data/processed/driver_images_real/safe_driving_0902.jpg,safe_driving
data/processed/driver_images_real/safe_driving_0903.jpg,safe_driving
data/processed/driver_images_real/safe_driving_0904.jpg,safe_driving
data/processed/driver_images_real/safe_driving_0905.jpg,safe_driving
data/processed/driver_images_real/safe_driving_0906.jpg,safe_driving
data/processed/driver_images_real/safe_driving_0907.jpg,safe_driving
data/processed/driver_images_real/safe_driving_0908.jpg,safe_driving
data/processed/driver_images_real/safe_driving_0909.jpg,safe_driving
data/processed/driver_images_real/safe_driving_0910.jpg,safe_driving
data/processed/driver_images_real/safe_driving_0911.jpg,safe_driving
data/processed/driver_images_real/safe_driving_0912.jpg,safe_driving
data/processed/driver_images_real/safe_driving_0913.jpg,safe_driving
data/processed/driver_images_real/safe_driving_0914.jpg,safe_driving
data/processed/driver_images_real/safe_driving_0915.jpg,safe_driving
data/processed/driver_images_real/safe_driving_0916.jpg,safe_driving
data/processed/driver_images_real/safe_driving_0917.jpg,safe_driving
data/processed/driver_images_real/safe_driving_0918.jpg,safe_driving
data/processed/driver_images_real/safe_driving_0919.jpg,safe_driving
data/processed/driver_images_real/safe_driving_0920.jpg,safe_driving
data/processed/driver_images_real/safe_driving_0921.jpg,safe_driving
data/processed/driver_images_real/safe_driving_0922.jpg,safe_driving
data/processed/driver_images_real/safe_driving_0923.jpg,safe_driving
data/processed/driver_images_real/safe_driving_0924.jpg,safe_driving
data/processed/driver_images_real/safe_driving_0925.jpg,safe_driving
data/processed/driver_images_real/safe_driving_0926.jpg,safe_driving
data/processed/driver_images_real/safe_driving_0927.jpg,safe_driving
data/processed/driver_images_real/safe_driving_0928.jpg,safe_driving
data/processed/driver_images_real/safe_driving_0929.jpg,safe_driving
data/processed/driver_images_real/safe_driving_0930.jpg,safe_driving
data/processed/driver_images_real/safe_driving_0931.jpg,safe_driving
data/processed/driver_images_real/safe_driving_0932.jpg,safe_driving
data/processed/driver_images_real/safe_driving_0933.jpg,safe_driving
data/processed/driver_images_real/safe_driving_0934.jpg,safe_driving
data/processed/driver_images_real/safe_driving_0935.jpg,safe_driving
data/processed/driver_images_real/safe_driving_0936.jpg,safe_driving
data/processed/driver_images_real/safe_driving_0937.jpg,safe_driving
data/processed/driver_images_real/safe_driving_0938.jpg,safe_driving
data/processed/driver_images_real/safe_driving_0939.jpg,safe_driving
data/processed/driver_images_real/safe_driving_0940.jpg,safe_driving
data/processed/driver_images_real/safe_driving_0941.jpg,safe_driving
data/processed/driver_images_real/safe_driving_0942.jpg,safe_driving
data/processed/driver_images_real/safe_driving_0943.jpg,safe_driving
data/processed/driver_images_real/safe_driving_0944.jpg,safe_driving
data/processed/driver_images_real/safe_driving_0945.jpg,safe_driving
data/processed/driver_images_real/safe_driving_0946.jpg,safe_driving
data/processed/driver_images_real/safe_driving_0947.jpg,safe_driving
data/processed/driver_images_real/safe_driving_0948.jpg,safe_driving
data/processed/driver_images_real/safe_driving_0949.jpg,safe_driving
data/processed/driver_images_real/safe_driving_0950.jpg,safe_driving
data/processed/driver_images_real/safe_driving_0951.jpg,safe_driving
data/processed/driver_images_real/safe_driving_0952.jpg,safe_driving
data/processed/driver_images_real/safe_driving_0953.jpg,safe_driving
data/processed/driver_images_real/safe_driving_0954.jpg,safe_driving
data/processed/driver_images_real/safe_driving_0955.jpg,safe_driving
data/processed/driver_images_real/safe_driving_0956.jpg,safe_driving
data/processed/driver_images_real/safe_driving_0957.jpg,safe_driving
data/processed/driver_images_real/safe_driving_0958.jpg,safe_driving
data/processed/driver_images_real/safe_driving_0959.jpg,safe_driving
data/processed/driver_images_real/safe_driving_0960.jpg,safe_driving
data/processed/driver_images_real/safe_driving_0961.jpg,safe_driving
data/processed/driver_images_real/safe_driving_0962.jpg,safe_driving
data/processed/driver_images_real/safe_driving_0963.jpg,safe_driving
data/processed/driver_images_real/safe_driving_0964.jpg,safe_driving
data/processed/driver_images_real/safe_driving_0965.jpg,safe_driving
data/processed/driver_images_real/safe_driving_0966.jpg,safe_driving
data/processed/driver_images_real/safe_driving_0967.jpg,safe_driving
data/processed/driver_images_real/safe_driving_0968.jpg,safe_driving
data/processed/driver_images_real/safe_driving_0969.jpg,safe_driving
data/processed/driver_images_real/safe_driving_0970.jpg,safe_driving
data/processed/driver_images_real/safe_driving_0971.jpg,safe_driving
data/processed/driver_images_real/safe_driving_0972.jpg,safe_driving
data/processed/driver_images_real/safe_driving_0973.jpg,safe_driving
data/processed/driver_images_real/safe_driving_0974.jpg,safe_driving
data/processed/driver_images_real/safe_driving_0975.jpg,safe_driving
data/processed/driver_images_real/safe_driving_0976.jpg,safe_driving
data/processed/driver_images_real/safe_driving_0977.jpg,safe_driving
data/processed/driver_images_real/safe_driving_0978.jpg,safe_driving
data/processed/driver_images_real/safe_driving_0979.jpg,safe_driving
data/processed/driver_images_real/safe_driving_0980.jpg,safe_driving
data/processed/driver_images_real/safe_driving_0981.jpg,safe_driving
data/processed/driver_images_real/safe_driving_0982.jpg,safe_driving
data/processed/driver_images_real/safe_driving_0983.jpg,safe_driving
data/processed/driver_images_real/safe_driving_0984.jpg,safe_driving
data/processed/driver_images_real/safe_driving_0985.jpg,safe_driving
data/processed/driver_images_real/safe_driving_0986.jpg,safe_driving
data/processed/driver_images_real/safe_driving_0987.jpg,safe_driving
data/processed/driver_images_real/safe_driving_0988.jpg,safe_driving
data/processed/driver_images_real/safe_driving_0989.jpg,safe_driving
data/processed/driver_images_real/safe_driving_0990.jpg,safe_driving
data/processed/driver_images_real/safe_driving_0991.jpg,safe_driving
data/processed/driver_images_real/safe_driving_0992.jpg,safe_driving
data/processed/driver_images_real/safe_driving_0993.jpg,safe_driving
data/processed/driver_images_real/safe_driving_0994.jpg,safe_driving
data/processed/driver_images_real/safe_driving_0995.jpg,safe_driving
data/processed/driver_images_real/safe_driving_0996.jpg,safe_driving
data/processed/driver_images_real/safe_driving_0997.jpg,safe_driving
data/processed/driver_images_real/safe_driving_0998.jpg,safe_driving
data/processed/driver_images_real/safe_driving_0999.jpg,safe_driving
data/processed/driver_images_real/safe_driving_1000.jpg,safe_driving
data/processed/driver_images_real/safe_driving_1001.jpg,safe_driving
data/processed/driver_images_real/safe_driving_1002.jpg,safe_driving
data/processed/driver_images_real/safe_driving_1003.jpg,safe_driving
data/processed/driver_images_real/safe_driving_1004.jpg,safe_driving
data/processed/driver_images_real/safe_driving_1005.jpg,safe_driving
data/processed/driver_images_real/safe_driving_1006.jpg,safe_driving
data/processed/driver_images_real/safe_driving_1007.jpg,safe_driving
data/processed/driver_images_real/safe_driving_1008.jpg,safe_driving
data/processed/driver_images_real/safe_driving_1009.jpg,safe_driving
data/processed/driver_images_real/safe_driving_1010.jpg,safe_driving
data/processed/driver_images_real/safe_driving_1011.jpg,safe_driving
data/processed/driver_images_real/safe_driving_1012.jpg,safe_driving
data/processed/driver_images_real/safe_driving_1013.jpg,safe_driving
data/processed/driver_images_real/safe_driving_1014.jpg,safe_driving
data/processed/driver_images_real/safe_driving_1015.jpg,safe_driving
data/processed/driver_images_real/safe_driving_1016.jpg,safe_driving
data/processed/driver_images_real/safe_driving_1017.jpg,safe_driving
data/processed/driver_images_real/safe_driving_1018.jpg,safe_driving
data/processed/driver_images_real/safe_driving_1019.jpg,safe_driving
data/processed/driver_images_real/safe_driving_1020.jpg,safe_driving
data/processed/driver_images_real/safe_driving_1021.jpg,safe_driving
data/processed/driver_images_real/safe_driving_1022.jpg,safe_driving
data/processed/driver_images_real/safe_driving_1023.jpg,safe_driving
data/processed/driver_images_real/safe_driving_1024.jpg,safe_driving
data/processed/driver_images_real/safe_driving_1025.jpg,safe_driving
data/processed/driver_images_real/safe_driving_1026.jpg,safe_driving
data/processed/driver_images_real/safe_driving_1027.jpg,safe_driving
data/processed/driver_images_real/safe_driving_1028.jpg,safe_driving
data/processed/driver_images_real/safe_driving_1029.jpg,safe_driving
data/processed/driver_images_real/safe_driving_1030.jpg,safe_driving
data/processed/driver_images_real/safe_driving_1031.jpg,safe_driving
data/processed/driver_images_real/safe_driving_1032.jpg,safe_driving
data/processed/driver_images_real/safe_driving_1033.jpg,safe_driving
data/processed/driver_images_real/safe_driving_1034.jpg,safe_driving
data/processed/driver_images_real/safe_driving_1035.jpg,safe_driving
data/processed/driver_images_real/safe_driving_1036.jpg,safe_driving
data/processed/driver_images_real/safe_driving_1037.jpg,safe_driving
data/processed/driver_images_real/safe_driving_1038.jpg,safe_driving
data/processed/driver_images_real/safe_driving_1039.jpg,safe_driving
data/processed/driver_images_real/safe_driving_1040.jpg,safe_driving
data/processed/driver_images_real/safe_driving_1041.jpg,safe_driving
data/processed/driver_images_real/safe_driving_1042.jpg,safe_driving
data/processed/driver_images_real/safe_driving_1043.jpg,safe_driving
data/processed/driver_images_real/safe_driving_1044.jpg,safe_driving
data/processed/driver_images_real/safe_driving_1045.jpg,safe_driving
data/processed/driver_images_real/safe_driving_1046.jpg,safe_driving
data/processed/driver_images_real/safe_driving_1047.jpg,safe_driving
data/processed/driver_images_real/safe_driving_1048.jpg,safe_driving
data/processed/driver_images_real/safe_driving_1049.jpg,safe_driving
data/processed/driver_images_real/safe_driving_1050.jpg,safe_driving
data/processed/driver_images_real/safe_driving_1051.jpg,safe_driving
data/processed/driver_images_real/safe_driving_1052.jpg,safe_driving
data/processed/driver_images_real/safe_driving_1053.jpg,safe_driving
data/processed/driver_images_real/safe_driving_1054.jpg,safe_driving
data/processed/driver_images_real/safe_driving_1055.jpg,safe_driving
data/processed/driver_images_real/safe_driving_1056.jpg,safe_driving
data/processed/driver_images_real/safe_driving_1057.jpg,safe_driving
data/processed/driver_images_real/safe_driving_1058.jpg,safe_driving
data/processed/driver_images_real/safe_driving_1059.jpg,safe_driving
data/processed/driver_images_real/safe_driving_1060.jpg,safe_driving
data/processed/driver_images_real/safe_driving_1061.jpg,safe_driving
data/processed/driver_images_real/safe_driving_1062.jpg,safe_driving
data/processed/driver_images_real/safe_driving_1063.jpg,safe_driving
data/processed/driver_images_real/safe_driving_1064.jpg,safe_driving
data/processed/driver_images_real/safe_driving_1065.jpg,safe_driving
data/processed/driver_images_real/safe_driving_1066.jpg,safe_driving
data/processed/driver_images_real/safe_driving_1067.jpg,safe_driving
data/processed/driver_images_real/safe_driving_1068.jpg,safe_driving
data/processed/driver_images_real/safe_driving_1069.jpg,safe_driving
data/processed/driver_images_real/safe_driving_1070.jpg,safe_driving
data/processed/driver_images_real/safe_driving_1071.jpg,safe_driving
data/processed/driver_images_real/safe_driving_1072.jpg,safe_driving
data/processed/driver_images_real/safe_driving_1073.jpg,safe_driving
data/processed/driver_images_real/safe_driving_1074.jpg,safe_driving
data/processed/driver_images_real/safe_driving_1075.jpg,safe_driving
data/processed/driver_images_real/safe_driving_1076.jpg,safe_driving
data/processed/driver_images_real/safe_driving_1077.jpg,safe_driving
data/processed/driver_images_real/safe_driving_1078.jpg,safe_driving
data/processed/driver_images_real/safe_driving_1079.jpg,safe_driving
data/processed/driver_images_real/safe_driving_1080.jpg,safe_driving
data/processed/driver_images_real/safe_driving_1081.jpg,safe_driving
data/processed/driver_images_real/safe_driving_1082.jpg,safe_driving
data/processed/driver_images_real/safe_driving_1083.jpg,safe_driving
data/processed/driver_images_real/safe_driving_1084.jpg,safe_driving
data/processed/driver_images_real/safe_driving_1085.jpg,safe_driving
data/processed/driver_images_real/safe_driving_1086.jpg,safe_driving
data/processed/driver_images_real/safe_driving_1087.jpg,safe_driving
data/processed/driver_images_real/safe_driving_1088.jpg,safe_driving
data/processed/driver_images_real/safe_driving_1089.jpg,safe_driving
data/processed/driver_images_real/safe_driving_1090.jpg,safe_driving
data/processed/driver_images_real/safe_driving_1091.jpg,safe_driving
data/processed/driver_images_real/safe_driving_1092.jpg,safe_driving
data/processed/driver_images_real/safe_driving_1093.jpg,safe_driving
data/processed/driver_images_real/safe_driving_1094.jpg,safe_driving
data/processed/driver_images_real/safe_driving_1095.jpg,safe_driving
data/processed/driver_images_real/safe_driving_1096.jpg,safe_driving
data/processed/driver_images_real/safe_driving_1097.jpg,safe_driving
data/processed/driver_images_real/safe_driving_1098.jpg,safe_driving
data/processed/driver_images_real/safe_driving_1099.jpg,safe_driving
data/processed/driver_images_real/safe_driving_1100.jpg,safe_driving
data/processed/driver_images_real/safe_driving_1101.jpg,safe_driving
data/processed/driver_images_real/safe_driving_1102.jpg,safe_driving
data/processed/driver_images_real/safe_driving_1103.jpg,safe_driving
data/processed/driver_images_real/safe_driving_1104.jpg,safe_driving
data/processed/driver_images_real/safe_driving_1105.jpg,safe_driving
data/processed/driver_images_real/safe_driving_1106.jpg,safe_driving
data/processed/driver_images_real/safe_driving_1107.jpg,safe_driving
data/processed/driver_images_real/safe_driving_1108.jpg,safe_driving
data/processed/driver_images_real/safe_driving_1109.jpg,safe_driving
data/processed/driver_images_real/safe_driving_1110.jpg,safe_driving
data/processed/driver_images_real/safe_driving_1111.jpg,safe_driving
data/processed/driver_images_real/safe_driving_1112.jpg,safe_driving
data/processed/driver_images_real/safe_driving_1113.jpg,safe_driving
data/processed/driver_images_real/safe_driving_1114.jpg,safe_driving
data/processed/driver_images_real/safe_driving_1115.jpg,safe_driving
data/processed/driver_images_real/safe_driving_1116.jpg,safe_driving
data/processed/driver_images_real/safe_driving_1117.jpg,safe_driving
data/processed/driver_images_real/safe_driving_1118.jpg,safe_driving
data/processed/driver_images_real/safe_driving_1119.jpg,safe_driving
data/processed/driver_images_real/safe_driving_1120.jpg,safe_driving
data/processed/driver_images_real/safe_driving_1121.jpg,safe_driving
data/processed/driver_images_real/safe_driving_1122.jpg,safe_driving
data/processed/driver_images_real/safe_driving_1123.jpg,safe_driving
data/processed/driver_images_real/safe_driving_1124.jpg,safe_driving
data/processed/driver_images_real/safe_driving_1125.jpg,safe_driving
data/processed/driver_images_real/safe_driving_1126.jpg,safe_driving
data/processed/driver_images_real/safe_driving_1127.jpg,safe_driving
data/processed/driver_images_real/safe_driving_1128.jpg,safe_driving
data/processed/driver_images_real/safe_driving_1129.jpg,safe_driving
data/processed/driver_images_real/safe_driving_1130.jpg,safe_driving
data/processed/driver_images_real/safe_driving_1131.jpg,safe_driving
data/processed/driver_images_real/safe_driving_1132.jpg,safe_driving
data/processed/driver_images_real/safe_driving_1133.jpg,safe_driving
data/processed/driver_images_real/safe_driving_1134.jpg,safe_driving
data/processed/driver_images_real/safe_driving_1135.jpg,safe_driving
data/processed/driver_images_real/safe_driving_1136.jpg,safe_driving
data/processed/driver_images_real/safe_driving_1137.jpg,safe_driving
data/processed/driver_images_real/safe_driving_1138.jpg,safe_driving
data/processed/driver_images_real/safe_driving_1139.jpg,safe_driving
data/processed/driver_images_real/safe_driving_1140.jpg,safe_driving
data/processed/driver_images_real/safe_driving_1141.jpg,safe_driving
data/processed/driver_images_real/safe_driving_1142.jpg,safe_driving
data/processed/driver_images_real/safe_driving_1143.jpg,safe_driving
data/processed/driver_images_real/safe_driving_1144.jpg,safe_driving
data/processed/driver_images_real/safe_driving_1145.jpg,safe_driving
data/processed/driver_images_real/safe_driving_1146.jpg,safe_driving
data/processed/driver_images_real/safe_driving_1147.jpg,safe_driving
data/processed/driver_images_real/safe_driving_1148.jpg,safe_driving
data/processed/driver_images_real/safe_driving_1149.jpg,safe_driving
data/processed/driver_images_real/safe_driving_1150.jpg,safe_driving
data/processed/driver_images_real/safe_driving_1151.jpg,safe_driving
data/processed/driver_images_real/safe_driving_1152.jpg,safe_driving
data/processed/driver_images_real/safe_driving_1153.jpg,safe_driving
data/processed/driver_images_real/safe_driving_1154.jpg,safe_driving
data/processed/driver_images_real/safe_driving_1155.jpg,safe_driving
data/processed/driver_images_real/safe_driving_1156.jpg,safe_driving
data/processed/driver_images_real/safe_driving_1157.jpg,safe_driving
data/processed/driver_images_real/safe_driving_1158.jpg,safe_driving
data/processed/driver_images_real/safe_driving_1159.jpg,safe_driving
data/processed/driver_images_real/safe_driving_1160.jpg,safe_driving
data/processed/driver_images_real/safe_driving_1161.jpg,safe_driving
data/processed/driver_images_real/safe_driving_1162.jpg,safe_driving
data/processed/driver_images_real/safe_driving_1163.jpg,safe_driving
data/processed/driver_images_real/safe_driving_1164.jpg,safe_driving
data/processed/driver_images_real/safe_driving_1165.jpg,safe_driving
data/processed/driver_images_real/safe_driving_1166.jpg,safe_driving
data/processed/driver_images_real/safe_driving_1167.jpg,safe_driving
data/processed/driver_images_real/safe_driving_1168.jpg,safe_driving
data/processed/driver_images_real/safe_driving_1169.jpg,safe_driving
data/processed/driver_images_real/safe_driving_1170.jpg,safe_driving
data/processed/driver_images_real/safe_driving_1171.jpg,safe_driving
data/processed/driver_images_real/safe_driving_1172.jpg,safe_driving
data/processed/driver_images_real/safe_driving_1173.jpg,safe_driving
data/processed/driver_images_real/safe_driving_1174.jpg,safe_driving
data/processed/driver_images_real/safe_driving_1175.jpg,safe_driving
data/processed/driver_images_real/safe_driving_1176.jpg,safe_driving
data/processed/driver_images_real/safe_driving_1177.jpg,safe_driving
data/processed/driver_images_real/safe_driving_1178.jpg,safe_driving
data/processed/driver_images_real/safe_driving_1179.jpg,safe_driving
data/processed/driver_images_real/safe_driving_1180.jpg,safe_driving
data/processed/driver_images_real/safe_driving_1181.jpg,safe_driving
data/processed/driver_images_real/safe_driving_1182.jpg,safe_driving
data/processed/driver_images_real/safe_driving_1183.jpg,safe_driving
data/processed/driver_images_real/safe_driving_1184.jpg,safe_driving
data/processed/driver_images_real/safe_driving_1185.jpg,safe_driving
data/processed/driver_images_real/safe_driving_1186.jpg,safe_driving
data/processed/driver_images_real/safe_driving_1187.jpg,safe_driving
data/processed/driver_images_real/safe_driving_1188.jpg,safe_driving
data/processed/driver_images_real/safe_driving_1189.jpg,safe_driving
data/processed/driver_images_real/safe_driving_1190.jpg,safe_driving
data/processed/driver_images_real/safe_driving_1191.jpg,safe_driving
data/processed/driver_images_real/safe_driving_1192.jpg,safe_driving
data/processed/driver_images_real/safe_driving_1193.jpg,safe_driving
data/processed/driver_images_real/safe_driving_1194.jpg,safe_driving
data/processed/driver_images_real/safe_driving_1195.jpg,safe_driving
data/processed/driver_images_real/safe_driving_1196.jpg,safe_driving
data/processed/driver_images_real/safe_driving_1197.jpg,safe_driving
data/processed/driver_images_real/safe_driving_1198.jpg,safe_driving
data/processed/driver_images_real/safe_driving_1199.jpg,safe_driving
data/processed/driver_images_real/safe_driving_1200.jpg,safe_driving
data/processed/driver_images_real/safe_driving_1201.jpg,safe_driving
data/processed/driver_images_real/safe_driving_1202.jpg,safe_driving
data/processed/driver_images_real/safe_driving_1203.jpg,safe_driving
data/processed/driver_images_real/safe_driving_1204.jpg,safe_driving
data/processed/driver_images_real/safe_driving_1205.jpg,safe_driving
data/processed/driver_images_real/safe_driving_1206.jpg,safe_driving
data/processed/driver_images_real/safe_driving_1207.jpg,safe_driving
data/processed/driver_images_real/safe_driving_1208.jpg,safe_driving
data/processed/driver_images_real/safe_driving_1209.jpg,safe_driving
data/processed/driver_images_real/safe_driving_1210.jpg,safe_driving
data/processed/driver_images_real/safe_driving_1211.jpg,safe_driving
data/processed/driver_images_real/safe_driving_1212.jpg,safe_driving
data/processed/driver_images_real/safe_driving_1213.jpg,safe_driving
data/processed/driver_images_real/safe_driving_1214.jpg,safe_driving
data/processed/driver_images_real/safe_driving_1215.jpg,safe_driving
data/processed/driver_images_real/safe_driving_1216.jpg,safe_driving
data/processed/driver_images_real/safe_driving_1217.jpg,safe_driving
data/processed/driver_images_real/safe_driving_1218.jpg,safe_driving
data/processed/driver_images_real/safe_driving_1219.jpg,safe_driving
data/processed/driver_images_real/safe_driving_1220.jpg,safe_driving
data/processed/driver_images_real/safe_driving_1221.jpg,safe_driving
data/processed/driver_images_real/safe_driving_1222.jpg,safe_driving
data/processed/driver_images_real/safe_driving_1223.jpg,safe_driving
data/processed/driver_images_real/safe_driving_1224.jpg,safe_driving
data/processed/driver_images_real/safe_driving_1225.jpg,safe_driving
data/processed/driver_images_real/safe_driving_1226.jpg,safe_driving
data/processed/driver_images_real/safe_driving_1227.jpg,safe_driving
data/processed/driver_images_real/safe_driving_1228.jpg,safe_driving
data/processed/driver_images_real/safe_driving_1229.jpg,safe_driving
data/processed/driver_images_real/safe_driving_1230.jpg,safe_driving
data/processed/driver_images_real/safe_driving_1231.jpg,safe_driving
data/processed/driver_images_real/safe_driving_1232.jpg,safe_driving
data/processed/driver_images_real/safe_driving_1233.jpg,safe_driving
data/processed/driver_images_real/safe_driving_1234.jpg,safe_driving
data/processed/driver_images_real/safe_driving_1235.jpg,safe_driving
data/processed/driver_images_real/safe_driving_1236.jpg,safe_driving
data/processed/driver_images_real/safe_driving_1237.jpg,safe_driving
data/processed/driver_images_real/safe_driving_1238.jpg,safe_driving
data/processed/driver_images_real/safe_driving_1239.jpg,safe_driving
data/processed/driver_images_real/safe_driving_1240.jpg,safe_driving
data/processed/driver_images_real/safe_driving_1241.jpg,safe_driving
data/processed/driver_images_real/safe_driving_1242.jpg,safe_driving
data/processed/driver_images_real/safe_driving_1243.jpg,safe_driving
data/processed/driver_images_real/safe_driving_1244.jpg,safe_driving
data/processed/driver_images_real/safe_driving_1245.jpg,safe_driving
data/processed/driver_images_real/safe_driving_1246.jpg,safe_driving
data/processed/driver_images_real/safe_driving_1247.jpg,safe_driving
data/processed/driver_images_real/safe_driving_1248.jpg,safe_driving
data/processed/driver_images_real/safe_driving_1249.jpg,safe_driving
data/processed/driver_images_real/safe_driving_1250.jpg,safe_driving
data/processed/driver_images_real/safe_driving_1251.jpg,safe_driving
data/processed/driver_images_real/safe_driving_1252.jpg,safe_driving
data/processed/driver_images_real/safe_driving_1253.jpg,safe_driving
data/processed/driver_images_real/safe_driving_1254.jpg,safe_driving
data/processed/driver_images_real/safe_driving_1255.jpg,safe_driving
data/processed/driver_images_real/safe_driving_1256.jpg,safe_driving
data/processed/driver_images_real/safe_driving_1257.jpg,safe_driving
data/processed/driver_images_real/safe_driving_1258.jpg,safe_driving
data/processed/driver_images_real/safe_driving_1259.jpg,safe_driving
data/processed/driver_images_real/safe_driving_1260.jpg,safe_driving
data/processed/driver_images_real/safe_driving_1261.jpg,safe_driving
data/processed/driver_images_real/safe_driving_1262.jpg,safe_driving
data/processed/driver_images_real/safe_driving_1263.jpg,safe_driving
data/processed/driver_images_real/safe_driving_1264.jpg,safe_driving
data/processed/driver_images_real/safe_driving_1265.jpg,safe_driving
data/processed/driver_images_real/safe_driving_1266.jpg,safe_driving
data/processed/driver_images_real/safe_driving_1267.jpg,safe_driving
data/processed/driver_images_real/safe_driving_1268.jpg,safe_driving
data/processed/driver_images_real/safe_driving_1269.jpg,safe_driving
data/processed/driver_images_real/safe_driving_1270.jpg,safe_driving
data/processed/driver_images_real/safe_driving_1271.jpg,safe_driving
data/processed/driver_images_real/safe_driving_1272.jpg,safe_driving
data/processed/driver_images_real/safe_driving_1273.jpg,safe_driving
data/processed/driver_images_real/safe_driving_1274.jpg,safe_driving
data/processed/driver_images_real/safe_driving_1275.jpg,safe_driving
data/processed/driver_images_real/safe_driving_1276.jpg,safe_driving
data/processed/driver_images_real/safe_driving_1277.jpg,safe_driving
data/processed/driver_images_real/safe_driving_1278.jpg,safe_driving
data/processed/driver_images_real/safe_driving_1279.jpg,safe_driving
data/processed/driver_images_real/safe_driving_1280.jpg,safe_driving
data/processed/driver_images_real/safe_driving_1281.jpg,safe_driving
data/processed/driver_images_real/safe_driving_1282.jpg,safe_driving
data/processed/driver_images_real/safe_driving_1283.jpg,safe_driving
data/processed/driver_images_real/safe_driving_1284.jpg,safe_driving
data/processed/driver_images_real/safe_driving_1285.jpg,safe_driving
data/processed/driver_images_real/safe_driving_1286.jpg,safe_driving
data/processed/driver_images_real/safe_driving_1287.jpg,safe_driving
data/processed/driver_images_real/safe_driving_1288.jpg,safe_driving
data/processed/driver_images_real/safe_driving_1289.jpg,safe_driving
data/processed/driver_images_real/safe_driving_1290.jpg,safe_driving
data/processed/driver_images_real/safe_driving_1291.jpg,safe_driving
data/processed/driver_images_real/safe_driving_1292.jpg,safe_driving
data/processed/driver_images_real/safe_driving_1293.jpg,safe_driving
data/processed/driver_images_real/safe_driving_1294.jpg,safe_driving
data/processed/driver_images_real/safe_driving_1295.jpg,safe_driving
data/processed/driver_images_real/safe_driving_1296.jpg,safe_driving
data/processed/driver_images_real/safe_driving_1297.jpg,safe_driving
data/processed/driver_images_real/safe_driving_1298.jpg,safe_driving
data/processed/driver_images_real/safe_driving_1299.jpg,safe_driving
data/processed/driver_images_real/safe_driving_1300.jpg,safe_driving
data/processed/driver_images_real/safe_driving_1301.jpg,safe_driving
data/processed/driver_images_real/safe_driving_1302.jpg,safe_driving
data/processed/driver_images_real/safe_driving_1303.jpg,safe_driving
data/processed/driver_images_real/safe_driving_1304.jpg,safe_driving
data/processed/driver_images_real/safe_driving_1305.jpg,safe_driving
data/processed/driver_images_real/safe_driving_1306.jpg,safe_driving
data/processed/driver_images_real/safe_driving_1307.jpg,safe_driving
data/processed/driver_images_real/safe_driving_1308.jpg,safe_driving
data/processed/driver_images_real/safe_driving_1309.jpg,safe_driving
data/processed/driver_images_real/safe_driving_1310.jpg,safe_driving
data/processed/driver_images_real/safe_driving_1311.jpg,safe_driving
data/processed/driver_images_real/safe_driving_1312.jpg,safe_driving
data/processed/driver_images_real/safe_driving_1313.jpg,safe_driving
data/processed/driver_images_real/safe_driving_1314.jpg,safe_driving
data/processed/driver_images_real/safe_driving_1315.jpg,safe_driving
data/processed/driver_images_real/safe_driving_1316.jpg,safe_driving
data/processed/driver_images_real/safe_driving_1317.jpg,safe_driving
data/processed/driver_images_real/safe_driving_1318.jpg,safe_driving
data/processed/driver_images_real/safe_driving_1319.jpg,safe_driving
data/processed/driver_images_real/safe_driving_1320.jpg,safe_driving
data/processed/driver_images_real/safe_driving_1321.jpg,safe_driving
data/processed/driver_images_real/safe_driving_1322.jpg,safe_driving
data/processed/driver_images_real/safe_driving_1323.jpg,safe_driving
data/processed/driver_images_real/safe_driving_1324.jpg,safe_driving
data/processed/driver_images_real/safe_driving_1325.jpg,safe_driving
data/processed/driver_images_real/safe_driving_1326.jpg,safe_driving
data/processed/driver_images_real/safe_driving_1327.jpg,safe_driving
data/processed/driver_images_real/safe_driving_1328.jpg,safe_driving
data/processed/driver_images_real/safe_driving_1329.jpg,safe_driving
data/processed/driver_images_real/safe_driving_1330.jpg,safe_driving
data/processed/driver_images_real/safe_driving_1331.jpg,safe_driving
data/processed/driver_images_real/safe_driving_1332.jpg,safe_driving
data/processed/driver_images_real/safe_driving_1333.jpg,safe_driving
data/processed/driver_images_real/safe_driving_1334.jpg,safe_driving
data/processed/driver_images_real/safe_driving_1335.jpg,safe_driving
data/processed/driver_images_real/safe_driving_1336.jpg,safe_driving
data/processed/driver_images_real/safe_driving_1337.jpg,safe_driving
data/processed/driver_images_real/safe_driving_1338.jpg,safe_driving
data/processed/driver_images_real/safe_driving_1339.jpg,safe_driving
data/processed/driver_images_real/safe_driving_1340.jpg,safe_driving
data/processed/driver_images_real/safe_driving_1341.jpg,safe_driving
data/processed/driver_images_real/safe_driving_1342.jpg,safe_driving
data/processed/driver_images_real/safe_driving_1343.jpg,safe_driving
data/processed/driver_images_real/safe_driving_1344.jpg,safe_driving
data/processed/driver_images_real/safe_driving_1345.jpg,safe_driving
data/processed/driver_images_real/safe_driving_1346.jpg,safe_driving
data/processed/driver_images_real/safe_driving_1347.jpg,safe_driving
data/processed/driver_images_real/safe_driving_1348.jpg,safe_driving
data/processed/driver_images_real/safe_driving_1349.jpg,safe_driving
data/processed/driver_images_real/safe_driving_1350.jpg,safe_driving
data/processed/driver_images_real/safe_driving_1351.jpg,safe_driving
data/processed/driver_images_real/safe_driving_1352.jpg,safe_driving
data/processed/driver_images_real/safe_driving_1353.jpg,safe_driving
data/processed/driver_images_real/safe_driving_1354.jpg,safe_driving
data/processed/driver_images_real/safe_driving_1355.jpg,safe_driving
data/processed/driver_images_real/safe_driving_1356.jpg,safe_driving
data/processed/driver_images_real/safe_driving_1357.jpg,safe_driving
data/processed/driver_images_real/safe_driving_1358.jpg,safe_driving
data/processed/driver_images_real/safe_driving_1359.jpg,safe_driving
data/processed/driver_images_real/safe_driving_1360.jpg,safe_driving
data/processed/driver_images_real/safe_driving_1361.jpg,safe_driving
data/processed/driver_images_real/safe_driving_1362.jpg,safe_driving
data/processed/driver_images_real/safe_driving_1363.jpg,safe_driving
data/processed/driver_images_real/safe_driving_1364.jpg,safe_driving
data/processed/driver_images_real/safe_driving_1365.jpg,safe_driving
data/processed/driver_images_real/safe_driving_1366.jpg,safe_driving
data/processed/driver_images_real/safe_driving_1367.jpg,safe_driving
data/processed/driver_images_real/safe_driving_1368.jpg,safe_driving
data/processed/driver_images_real/safe_driving_1369.jpg,safe_driving
data/processed/driver_images_real/safe_driving_1370.jpg,safe_driving
data/processed/driver_images_real/safe_driving_1371.jpg,safe_driving
data/processed/driver_images_real/safe_driving_1372.jpg,safe_driving
data/processed/driver_images_real/safe_driving_1373.jpg,safe_driving
data/processed/driver_images_real/safe_driving_1374.jpg,safe_driving
data/processed/driver_images_real/safe_driving_1375.jpg,safe_driving
data/processed/driver_images_real/safe_driving_1376.jpg,safe_driving
data/processed/driver_images_real/safe_driving_1377.jpg,safe_driving
data/processed/driver_images_real/safe_driving_1378.jpg,safe_driving
data/processed/driver_images_real/safe_driving_1379.jpg,safe_driving
data/processed/driver_images_real/safe_driving_1380.jpg,safe_driving
data/processed/driver_images_real/safe_driving_1381.jpg,safe_driving
data/processed/driver_images_real/safe_driving_1382.jpg,safe_driving
data/processed/driver_images_real/safe_driving_1383.jpg,safe_driving
data/processed/driver_images_real/safe_driving_1384.jpg,safe_driving
data/processed/driver_images_real/safe_driving_1385.jpg,safe_driving
data/processed/driver_images_real/safe_driving_1386.jpg,safe_driving
data/processed/driver_images_real/safe_driving_1387.jpg,safe_driving
data/processed/driver_images_real/safe_driving_1388.jpg,safe_driving
data/processed/driver_images_real/safe_driving_1389.jpg,safe_driving
data/processed/driver_images_real/safe_driving_1390.jpg,safe_driving
data/processed/driver_images_real/safe_driving_1391.jpg,safe_driving
data/processed/driver_images_real/safe_driving_1392.jpg,safe_driving
data/processed/driver_images_real/safe_driving_1393.jpg,safe_driving
data/processed/driver_images_real/safe_driving_1394.jpg,safe_driving
data/processed/driver_images_real/safe_driving_1395.jpg,safe_driving
data/processed/driver_images_real/safe_driving_1396.jpg,safe_driving
data/processed/driver_images_real/safe_driving_1397.jpg,safe_driving
data/processed/driver_images_real/safe_driving_1398.jpg,safe_driving
data/processed/driver_images_real/safe_driving_1399.jpg,safe_driving
data/processed/driver_images_real/safe_driving_1400.jpg,safe_driving
data/processed/driver_images_real/safe_driving_1401.jpg,safe_driving
data/processed/driver_images_real/safe_driving_1402.jpg,safe_driving
data/processed/driver_images_real/safe_driving_1403.jpg,safe_driving
data/processed/driver_images_real/safe_driving_1404.jpg,safe_driving
data/processed/driver_images_real/safe_driving_1405.jpg,safe_driving
data/processed/driver_images_real/safe_driving_1406.jpg,safe_driving
data/processed/driver_images_real/safe_driving_1407.jpg,safe_driving
data/processed/driver_images_real/safe_driving_1408.jpg,safe_driving
data/processed/driver_images_real/safe_driving_1409.jpg,safe_driving
data/processed/driver_images_real/safe_driving_1410.jpg,safe_driving
data/processed/driver_images_real/safe_driving_1411.jpg,safe_driving
data/processed/driver_images_real/safe_driving_1412.jpg,safe_driving
data/processed/driver_images_real/safe_driving_1413.jpg,safe_driving
data/processed/driver_images_real/safe_driving_1414.jpg,safe_driving
data/processed/driver_images_real/safe_driving_1415.jpg,safe_driving
data/processed/driver_images_real/safe_driving_1416.jpg,safe_driving
data/processed/driver_images_real/safe_driving_1417.jpg,safe_driving
data/processed/driver_images_real/safe_driving_1418.jpg,safe_driving
data/processed/driver_images_real/safe_driving_1419.jpg,safe_driving
data/processed/driver_images_real/safe_driving_1420.jpg,safe_driving
data/processed/driver_images_real/safe_driving_1421.jpg,safe_driving
data/processed/driver_images_real/safe_driving_1422.jpg,safe_driving
data/processed/driver_images_real/safe_driving_1423.jpg,safe_driving
data/processed/driver_images_real/safe_driving_1424.jpg,safe_driving
data/processed/driver_images_real/safe_driving_1425.jpg,safe_driving
data/processed/driver_images_real/safe_driving_1426.jpg,safe_driving
data/processed/driver_images_real/safe_driving_1427.jpg,safe_driving
data/processed/driver_images_real/safe_driving_1428.jpg,safe_driving
data/processed/driver_images_real/safe_driving_1429.jpg,safe_driving
data/processed/driver_images_real/safe_driving_1430.jpg,safe_driving
data/processed/driver_images_real/safe_driving_1431.jpg,safe_driving
data/processed/driver_images_real/safe_driving_1432.jpg,safe_driving
data/processed/driver_images_real/safe_driving_1433.jpg,safe_driving
data/processed/driver_images_real/safe_driving_1434.jpg,safe_driving
data/processed/driver_images_real/safe_driving_1435.jpg,safe_driving
data/processed/driver_images_real/safe_driving_1436.jpg,safe_driving
data/processed/driver_images_real/safe_driving_1437.jpg,safe_driving
data/processed/driver_images_real/safe_driving_1438.jpg,safe_driving
data/processed/driver_images_real/safe_driving_1439.jpg,safe_driving
data/processed/driver_images_real/safe_driving_1440.jpg,safe_driving
data/processed/driver_images_real/safe_driving_1441.jpg,safe_driving
data/processed/driver_images_real/safe_driving_1442.jpg,safe_driving
data/processed/driver_images_real/safe_driving_1443.jpg,safe_driving
data/processed/driver_images_real/safe_driving_1444.jpg,safe_driving
data/processed/driver_images_real/safe_driving_1445.jpg,safe_driving
data/processed/driver_images_real/safe_driving_1446.jpg,safe_driving
data/processed/driver_images_real/safe_driving_1447.jpg,safe_driving
data/processed/driver_images_real/safe_driving_1448.jpg,safe_driving
data/processed/driver_images_real/safe_driving_1449.jpg,safe_driving
data/processed/driver_images_real/safe_driving_1450.jpg,safe_driving
data/processed/driver_images_real/safe_driving_1451.jpg,safe_driving
data/processed/driver_images_real/safe_driving_1452.jpg,safe_driving
data/processed/driver_images_real/safe_driving_1453.jpg,safe_driving
data/processed/driver_images_real/safe_driving_1454.jpg,safe_driving
data/processed/driver_images_real/safe_driving_1455.jpg,safe_driving
data/processed/driver_images_real/safe_driving_1456.jpg,safe_driving
data/processed/driver_images_real/safe_driving_1457.jpg,safe_driving
data/processed/driver_images_real/safe_driving_1458.jpg,safe_driving
data/processed/driver_images_real/safe_driving_1459.jpg,safe_driving
data/processed/driver_images_real/safe_driving_1460.jpg,safe_driving
data/processed/driver_images_real/safe_driving_1461.jpg,safe_driving
data/processed/driver_images_real/safe_driving_1462.jpg,safe_driving
data/processed/driver_images_real/safe_driving_1463.jpg,safe_driving
data/processed/driver_images_real/safe_driving_1464.jpg,safe_driving
data/processed/driver_images_real/safe_driving_1465.jpg,safe_driving
data/processed/driver_images_real/safe_driving_1466.jpg,safe_driving
data/processed/driver_images_real/safe_driving_1467.jpg,safe_driving
data/processed/driver_images_real/safe_driving_1468.jpg,safe_driving
data/processed/driver_images_real/safe_driving_1469.jpg,safe_driving
data/processed/driver_images_real/safe_driving_1470.jpg,safe_driving
data/processed/driver_images_real/safe_driving_1471.jpg,safe_driving
data/processed/driver_images_real/safe_driving_1472.jpg,safe_driving
data/processed/driver_images_real/safe_driving_1473.jpg,safe_driving
data/processed/driver_images_real/safe_driving_1474.jpg,safe_driving
data/processed/driver_images_real/safe_driving_1475.jpg,safe_driving
data/processed/driver_images_real/safe_driving_1476.jpg,safe_driving
data/processed/driver_images_real/safe_driving_1477.jpg,safe_driving
data/processed/driver_images_real/safe_driving_1478.jpg,safe_driving
data/processed/driver_images_real/safe_driving_1479.jpg,safe_driving
data/processed/driver_images_real/safe_driving_1480.jpg,safe_driving
data/processed/driver_images_real/safe_driving_1481.jpg,safe_driving
data/processed/driver_images_real/safe_driving_1482.jpg,safe_driving
data/processed/driver_images_real/safe_driving_1483.jpg,safe_driving
data/processed/driver_images_real/safe_driving_1484.jpg,safe_driving
data/processed/driver_images_real/safe_driving_1485.jpg,safe_driving
data/processed/driver_images_real/safe_driving_1486.jpg,safe_driving
data/processed/driver_images_real/safe_driving_1487.jpg,safe_driving
data/processed/driver_images_real/safe_driving_1488.jpg,safe_driving
data/processed/driver_images_real/safe_driving_1489.jpg,safe_driving
data/processed/driver_images_real/safe_driving_1490.jpg,safe_driving
data/processed/driver_images_real/safe_driving_1491.jpg,safe_driving
data/processed/driver_images_real/safe_driving_1492.jpg,safe_driving
data/processed/driver_images_real/safe_driving_1493.jpg,safe_driving
data/processed/driver_images_real/safe_driving_1494.jpg,safe_driving
data/processed/driver_images_real/safe_driving_1495.jpg,safe_driving
data/processed/driver_images_real/safe_driving_1496.jpg,safe_driving
data/processed/driver_images_real/safe_driving_1497.jpg,safe_driving
data/processed/driver_images_real/safe_driving_1498.jpg,safe_driving
data/processed/driver_images_real/safe_driving_1499.jpg,safe_driving
data/processed/driver_images_real/safe_driving_1500.jpg,safe_driving
data/processed/driver_images_real/safe_driving_1501.jpg,safe_driving
data/processed/driver_images_real/safe_driving_1502.jpg,safe_driving
data/processed/driver_images_real/safe_driving_1503.jpg,safe_driving
data/processed/driver_images_real/safe_driving_1504.jpg,safe_driving
data/processed/driver_images_real/safe_driving_1505.jpg,safe_driving
data/processed/driver_images_real/safe_driving_1506.jpg,safe_driving
data/processed/driver_images_real/safe_driving_1507.jpg,safe_driving
data/processed/driver_images_real/safe_driving_1508.jpg,safe_driving
data/processed/driver_images_real/safe_driving_1509.jpg,safe_driving
data/processed/driver_images_real/safe_driving_1510.jpg,safe_driving
data/processed/driver_images_real/safe_driving_1511.jpg,safe_driving
data/processed/driver_images_real/safe_driving_1512.jpg,safe_driving
data/processed/driver_images_real/safe_driving_1513.jpg,safe_driving
data/processed/driver_images_real/safe_driving_1514.jpg,safe_driving
data/processed/driver_images_real/safe_driving_1515.jpg,safe_driving
data/processed/driver_images_real/safe_driving_1516.jpg,safe_driving
data/processed/driver_images_real/safe_driving_1517.jpg,safe_driving
data/processed/driver_images_real/safe_driving_1518.jpg,safe_driving
data/processed/driver_images_real/safe_driving_1519.jpg,safe_driving
data/processed/driver_images_real/safe_driving_1520.jpg,safe_driving
data/processed/driver_images_real/safe_driving_1521.jpg,safe_driving
data/processed/driver_images_real/safe_driving_1522.jpg,safe_driving
data/processed/driver_images_real/safe_driving_1523.jpg,safe_driving
data/processed/driver_images_real/safe_driving_1524.jpg,safe_driving
data/processed/driver_images_real/safe_driving_1525.jpg,safe_driving
data/processed/driver_images_real/safe_driving_1526.jpg,safe_driving
data/processed/driver_images_real/safe_driving_1527.jpg,safe_driving
data/processed/driver_images_real/safe_driving_1528.jpg,safe_driving
data/processed/driver_images_real/safe_driving_1529.jpg,safe_driving
data/processed/driver_images_real/safe_driving_1530.jpg,safe_driving
data/processed/driver_images_real/safe_driving_1531.jpg,safe_driving
data/processed/driver_images_real/safe_driving_1532.jpg,safe_driving
data/processed/driver_images_real/safe_driving_1533.jpg,safe_driving
data/processed/driver_images_real/safe_driving_1534.jpg,safe_driving
data/processed/driver_images_real/safe_driving_1535.jpg,safe_driving
data/processed/driver_images_real/safe_driving_1536.jpg,safe_driving
data/processed/driver_images_real/safe_driving_1537.jpg,safe_driving
data/processed/driver_images_real/safe_driving_1538.jpg,safe_driving
data/processed/driver_images_real/safe_driving_1539.jpg,safe_driving
data/processed/driver_images_real/safe_driving_1540.jpg,safe_driving
data/processed/driver_images_real/safe_driving_1541.jpg,safe_driving
data/processed/driver_images_real/safe_driving_1542.jpg,safe_driving
data/processed/driver_images_real/safe_driving_1543.jpg,safe_driving
data/processed/driver_images_real/safe_driving_1544.jpg,safe_driving
data/processed/driver_images_real/safe_driving_1545.jpg,safe_driving
data/processed/driver_images_real/safe_driving_1546.jpg,safe_driving
data/processed/driver_images_real/safe_driving_1547.jpg,safe_driving
data/processed/driver_images_real/safe_driving_1548.jpg,safe_driving
data/processed/driver_images_real/safe_driving_1549.jpg,safe_driving
data/processed/driver_images_real/safe_driving_1550.jpg,safe_driving
data/processed/driver_images_real/safe_driving_1551.jpg,safe_driving
data/processed/driver_images_real/safe_driving_1552.jpg,safe_driving
data/processed/driver_images_real/safe_driving_1553.jpg,safe_driving
data/processed/driver_images_real/safe_driving_1554.jpg,safe_driving
data/processed/driver_images_real/safe_driving_1555.jpg,safe_driving
data/processed/driver_images_real/safe_driving_1556.jpg,safe_driving
data/processed/driver_images_real/safe_driving_1557.jpg,safe_driving
data/processed/driver_images_real/safe_driving_1558.jpg,safe_driving
data/processed/driver_images_real/safe_driving_1559.jpg,safe_driving
data/processed/driver_images_real/safe_driving_1560.jpg,safe_driving
data/processed/driver_images_real/safe_driving_1561.jpg,safe_driving
data/processed/driver_images_real/safe_driving_1562.jpg,safe_driving
data/processed/driver_images_real/safe_driving_1563.jpg,safe_driving
data/processed/driver_images_real/safe_driving_1564.jpg,safe_driving
data/processed/driver_images_real/safe_driving_1565.jpg,safe_driving
data/processed/driver_images_real/safe_driving_1566.jpg,safe_driving
data/processed/driver_images_real/safe_driving_1567.jpg,safe_driving
data/processed/driver_images_real/safe_driving_1568.jpg,safe_driving
data/processed/driver_images_real/safe_driving_1569.jpg,safe_driving
data/processed/driver_images_real/safe_driving_1570.jpg,safe_driving
data/processed/driver_images_real/safe_driving_1571.jpg,safe_driving
data/processed/driver_images_real/safe_driving_1572.jpg,safe_driving
data/processed/driver_images_real/safe_driving_1573.jpg,safe_driving
data/processed/driver_images_real/safe_driving_1574.jpg,safe_driving
data/processed/driver_images_real/safe_driving_1575.jpg,safe_driving
data/processed/driver_images_real/safe_driving_1576.jpg,safe_driving
data/processed/driver_images_real/safe_driving_1577.jpg,safe_driving
data/processed/driver_images_real/safe_driving_1578.jpg,safe_driving
data/processed/driver_images_real/safe_driving_1579.jpg,safe_driving
data/processed/driver_images_real/safe_driving_1580.jpg,safe_driving
data/processed/driver_images_real/safe_driving_1581.jpg,safe_driving
data/processed/driver_images_real/safe_driving_1582.jpg,safe_driving
data/processed/driver_images_real/safe_driving_1583.jpg,safe_driving
data/processed/driver_images_real/safe_driving_1584.jpg,safe_driving
data/processed/driver_images_real/safe_driving_1585.jpg,safe_driving
data/processed/driver_images_real/safe_driving_1586.jpg,safe_driving
data/processed/driver_images_real/safe_driving_1587.jpg,safe_driving
data/processed/driver_images_real/safe_driving_1588.jpg,safe_driving
data/processed/driver_images_real/safe_driving_1589.jpg,safe_driving
data/processed/driver_images_real/safe_driving_1590.jpg,safe_driving
data/processed/driver_images_real/safe_driving_1591.jpg,safe_driving
data/processed/driver_images_real/safe_driving_1592.jpg,safe_driving
data/processed/driver_images_real/safe_driving_1593.jpg,safe_driving
data/processed/driver_images_real/safe_driving_1594.jpg,safe_driving
data/processed/driver_images_real/safe_driving_1595.jpg,safe_driving
data/processed/driver_images_real/safe_driving_1596.jpg,safe_driving
data/processed/driver_images_real/safe_driving_1597.jpg,safe_driving
data/processed/driver_images_real/safe_driving_1598.jpg,safe_driving
data/processed/driver_images_real/safe_driving_1599.jpg,safe_driving
data/processed/driver_images_real/safe_driving_1600.jpg,safe_driving
data/processed/driver_images_real/safe_driving_1601.jpg,safe_driving
data/processed/driver_images_real/safe_driving_1602.jpg,safe_driving
data/processed/driver_images_real/safe_driving_1603.jpg,safe_driving
data/processed/driver_images_real/safe_driving_1604.jpg,safe_driving
data/processed/driver_images_real/safe_driving_1605.jpg,safe_driving
data/processed/driver_images_real/safe_driving_1606.jpg,safe_driving
data/processed/driver_images_real/safe_driving_1607.jpg,safe_driving
data/processed/driver_images_real/safe_driving_1608.jpg,safe_driving
data/processed/driver_images_real/safe_driving_1609.jpg,safe_driving
data/processed/driver_images_real/safe_driving_1610.jpg,safe_driving
data/processed/driver_images_real/safe_driving_1611.jpg,safe_driving
data/processed/driver_images_real/safe_driving_1612.jpg,safe_driving
data/processed/driver_images_real/safe_driving_1613.jpg,safe_driving
data/processed/driver_images_real/safe_driving_1614.jpg,safe_driving
data/processed/driver_images_real/safe_driving_1615.jpg,safe_driving
data/processed/driver_images_real/safe_driving_1616.jpg,safe_driving
data/processed/driver_images_real/safe_driving_1617.jpg,safe_driving
data/processed/driver_images_real/safe_driving_1618.jpg,safe_driving
data/processed/driver_images_real/safe_driving_1619.jpg,safe_driving
data/processed/driver_images_real/safe_driving_1620.jpg,safe_driving
data/processed/driver_images_real/safe_driving_1621.jpg,safe_driving
data/processed/driver_images_real/safe_driving_1622.jpg,safe_driving
data/processed/driver_images_real/safe_driving_1623.jpg,safe_driving
data/processed/driver_images_real/safe_driving_1624.jpg,safe_driving
data/processed/driver_images_real/safe_driving_1625.jpg,safe_driving
data/processed/driver_images_real/safe_driving_1626.jpg,safe_driving
data/processed/driver_images_real/safe_driving_1627.jpg,safe_driving
data/processed/driver_images_real/safe_driving_1628.jpg,safe_driving
data/processed/driver_images_real/safe_driving_1629.jpg,safe_driving
data/processed/driver_images_real/safe_driving_1630.jpg,safe_driving
data/processed/driver_images_real/safe_driving_1631.jpg,safe_driving
data/processed/driver_images_real/safe_driving_1632.jpg,safe_driving
data/processed/driver_images_real/safe_driving_1633.jpg,safe_driving
data/processed/driver_images_real/safe_driving_1634.jpg,safe_driving
data/processed/driver_images_real/safe_driving_1635.jpg,safe_driving
data/processed/driver_images_real/safe_driving_1636.jpg,safe_driving
data/processed/driver_images_real/safe_driving_1637.jpg,safe_driving
data/processed/driver_images_real/safe_driving_1638.jpg,safe_driving
data/processed/driver_images_real/safe_driving_1639.jpg,safe_driving
data/processed/driver_images_real/safe_driving_1640.jpg,safe_driving
data/processed/driver_images_real/safe_driving_1641.jpg,safe_driving
data/processed/driver_images_real/safe_driving_1642.jpg,safe_driving
data/processed/driver_images_real/safe_driving_1643.jpg,safe_driving
data/processed/driver_images_real/safe_driving_1644.jpg,safe_driving
data/processed/driver_images_real/safe_driving_1645.jpg,safe_driving
data/processed/driver_images_real/safe_driving_1646.jpg,safe_driving
data/processed/driver_images_real/safe_driving_1647.jpg,safe_driving
data/processed/driver_images_real/safe_driving_1648.jpg,safe_driving
data/processed/driver_images_real/safe_driving_1649.jpg,safe_driving
data/processed/driver_images_real/safe_driving_1650.jpg,safe_driving
data/processed/driver_images_real/safe_driving_1651.jpg,safe_driving
data/processed/driver_images_real/safe_driving_1652.jpg,safe_driving
data/processed/driver_images_real/safe_driving_1653.jpg,safe_driving
data/processed/driver_images_real/safe_driving_1654.jpg,safe_driving
data/processed/driver_images_real/safe_driving_1655.jpg,safe_driving
data/processed/driver_images_real/safe_driving_1656.jpg,safe_driving
data/processed/driver_images_real/safe_driving_1657.jpg,safe_driving
data/processed/driver_images_real/safe_driving_1658.jpg,safe_driving
data/processed/driver_images_real/safe_driving_1659.jpg,safe_driving
data/processed/driver_images_real/safe_driving_1660.jpg,safe_driving
data/processed/driver_images_real/safe_driving_1661.jpg,safe_driving
data/processed/driver_images_real/safe_driving_1662.jpg,safe_driving
data/processed/driver_images_real/safe_driving_1663.jpg,safe_driving
data/processed/driver_images_real/safe_driving_1664.jpg,safe_driving
data/processed/driver_images_real/safe_driving_1665.jpg,safe_driving
data/processed/driver_images_real/safe_driving_1666.jpg,safe_driving
data/processed/driver_images_real/safe_driving_1667.jpg,safe_driving
data/processed/driver_images_real/safe_driving_1668.png,safe_driving
data/processed/driver_images_real/safe_driving_1669.png,safe_driving
data/processed/driver_images_real/safe_driving_1670.png,safe_driving
data/processed/driver_images_real/safe_driving_1671.png,safe_driving
data/processed/driver_images_real/safe_driving_1672.png,safe_driving
data/processed/driver_images_real/safe_driving_1673.png,safe_driving
data/processed/driver_images_real/safe_driving_1674.png,safe_driving
data/processed/driver_images_real/safe_driving_1675.png,safe_driving
data/processed/driver_images_real/safe_driving_1676.png,safe_driving
data/processed/driver_images_real/safe_driving_1677.png,safe_driving
data/processed/driver_images_real/safe_driving_1678.png,safe_driving
data/processed/driver_images_real/talking_phone_0000.png,talking_phone
data/processed/driver_images_real/talking_phone_0001.png,talking_phone
data/processed/driver_images_real/talking_phone_0002.png,talking_phone
data/processed/driver_images_real/talking_phone_0003.png,talking_phone
data/processed/driver_images_real/talking_phone_0004.png,talking_phone
data/processed/driver_images_real/talking_phone_0005.png,talking_phone
data/processed/driver_images_real/talking_phone_0006.png,talking_phone
data/processed/driver_images_real/talking_phone_0007.png,talking_phone
data/processed/driver_images_real/talking_phone_0008.png,talking_phone
data/processed/driver_images_real/talking_phone_0009.png,talking_phone
data/processed/driver_images_real/talking_phone_0010.png,talking_phone
data/processed/driver_images_real/talking_phone_0011.png,talking_phone
data/processed/driver_images_real/talking_phone_0012.png,talking_phone
data/processed/driver_images_real/talking_phone_0013.png,talking_phone
data/processed/driver_images_real/talking_phone_0014.png,talking_phone
data/processed/driver_images_real/talking_phone_0015.png,talking_phone
data/processed/driver_images_real/talking_phone_0016.png,talking_phone
data/processed/driver_images_real/talking_phone_0017.png,talking_phone
data/processed/driver_images_real/talking_phone_0018.png,talking_phone
data/processed/driver_images_real/talking_phone_0019.png,talking_phone
data/processed/driver_images_real/talking_phone_0020.png,talking_phone
data/processed/driver_images_real/talking_phone_0021.png,talking_phone
data/processed/driver_images_real/talking_phone_0022.png,talking_phone
data/processed/driver_images_real/talking_phone_0023.png,talking_phone
data/processed/driver_images_real/talking_phone_0024.jpg,talking_phone
data/processed/driver_images_real/talking_phone_0025.jpg,talking_phone
data/processed/driver_images_real/talking_phone_0026.jpg,talking_phone
data/processed/driver_images_real/talking_phone_0027.jpg,talking_phone
data/processed/driver_images_real/talking_phone_0028.jpg,talking_phone
data/processed/driver_images_real/talking_phone_0029.jpg,talking_phone
data/processed/driver_images_real/talking_phone_0030.jpg,talking_phone
data/processed/driver_images_real/talking_phone_0031.jpg,talking_phone
data/processed/driver_images_real/talking_phone_0032.jpg,talking_phone
data/processed/driver_images_real/talking_phone_0033.jpg,talking_phone
data/processed/driver_images_real/talking_phone_0034.jpg,talking_phone
data/processed/driver_images_real/talking_phone_0035.jpg,talking_phone
data/processed/driver_images_real/talking_phone_0036.jpg,talking_phone
data/processed/driver_images_real/talking_phone_0037.jpg,talking_phone
data/processed/driver_images_real/talking_phone_0038.jpg,talking_phone
data/processed/driver_images_real/talking_phone_0039.jpg,talking_phone
data/processed/driver_images_real/talking_phone_0040.jpg,talking_phone
data/processed/driver_images_real/talking_phone_0041.jpg,talking_phone
data/processed/driver_images_real/talking_phone_0042.jpg,talking_phone
data/processed/driver_images_real/talking_phone_0043.jpg,talking_phone
data/processed/driver_images_real/talking_phone_0044.jpg,talking_phone
data/processed/driver_images_real/talking_phone_0045.jpg,talking_phone
data/processed/driver_images_real/talking_phone_0046.jpg,talking_phone
data/processed/driver_images_real/talking_phone_0047.jpg,talking_phone
data/processed/driver_images_real/talking_phone_0048.jpg,talking_phone
data/processed/driver_images_real/talking_phone_0049.jpg,talking_phone
data/processed/driver_images_real/talking_phone_0050.jpg,talking_phone
data/processed/driver_images_real/talking_phone_0051.jpg,talking_phone
data/processed/driver_images_real/talking_phone_0052.jpg,talking_phone
data/processed/driver_images_real/talking_phone_0053.jpg,talking_phone
data/processed/driver_images_real/talking_phone_0054.jpg,talking_phone
data/processed/driver_images_real/talking_phone_0055.jpg,talking_phone
data/processed/driver_images_real/talking_phone_0056.jpg,talking_phone
data/processed/driver_images_real/talking_phone_0057.jpg,talking_phone
data/processed/driver_images_real/talking_phone_0058.jpg,talking_phone
data/processed/driver_images_real/talking_phone_0059.jpg,talking_phone
data/processed/driver_images_real/talking_phone_0060.jpg,talking_phone
data/processed/driver_images_real/talking_phone_0061.jpg,talking_phone
data/processed/driver_images_real/talking_phone_0062.jpg,talking_phone
data/processed/driver_images_real/talking_phone_0063.jpg,talking_phone
data/processed/driver_images_real/talking_phone_0064.jpg,talking_phone
data/processed/driver_images_real/talking_phone_0065.jpg,talking_phone
data/processed/driver_images_real/talking_phone_0066.jpg,talking_phone
data/processed/driver_images_real/talking_phone_0067.jpg,talking_phone
data/processed/driver_images_real/talking_phone_0068.jpg,talking_phone
data/processed/driver_images_real/talking_phone_0069.jpg,talking_phone
data/processed/driver_images_real/talking_phone_0070.jpg,talking_phone
data/processed/driver_images_real/talking_phone_0071.jpg,talking_phone
data/processed/driver_images_real/talking_phone_0072.jpg,talking_phone
data/processed/driver_images_real/talking_phone_0073.jpg,talking_phone
data/processed/driver_images_real/talking_phone_0074.jpg,talking_phone
data/processed/driver_images_real/talking_phone_0075.jpg,talking_phone
data/processed/driver_images_real/talking_phone_0076.jpg,talking_phone
data/processed/driver_images_real/talking_phone_0077.jpg,talking_phone
data/processed/driver_images_real/talking_phone_0078.jpg,talking_phone
data/processed/driver_images_real/talking_phone_0079.jpg,talking_phone
data/processed/driver_images_real/talking_phone_0080.jpg,talking_phone
data/processed/driver_images_real/talking_phone_0081.jpg,talking_phone
data/processed/driver_images_real/talking_phone_0082.jpg,talking_phone
data/processed/driver_images_real/talking_phone_0083.jpg,talking_phone
data/processed/driver_images_real/talking_phone_0084.jpg,talking_phone
data/processed/driver_images_real/talking_phone_0085.jpg,talking_phone
data/processed/driver_images_real/talking_phone_0086.jpg,talking_phone
data/processed/driver_images_real/talking_phone_0087.jpg,talking_phone
data/processed/driver_images_real/talking_phone_0088.jpg,talking_phone
data/processed/driver_images_real/talking_phone_0089.jpg,talking_phone
data/processed/driver_images_real/talking_phone_0090.jpg,talking_phone
data/processed/driver_images_real/talking_phone_0091.jpg,talking_phone
data/processed/driver_images_real/talking_phone_0092.jpg,talking_phone
data/processed/driver_images_real/talking_phone_0093.jpg,talking_phone
data/processed/driver_images_real/talking_phone_0094.jpg,talking_phone
data/processed/driver_images_real/talking_phone_0095.jpg,talking_phone
data/processed/driver_images_real/talking_phone_0096.jpg,talking_phone
data/processed/driver_images_real/talking_phone_0097.jpg,talking_phone
data/processed/driver_images_real/talking_phone_0098.jpg,talking_phone
data/processed/driver_images_real/talking_phone_0099.jpg,talking_phone
data/processed/driver_images_real/talking_phone_0100.jpg,talking_phone
data/processed/driver_images_real/talking_phone_0101.jpg,talking_phone
data/processed/driver_images_real/talking_phone_0102.jpg,talking_phone
data/processed/driver_images_real/talking_phone_0103.jpg,talking_phone
data/processed/driver_images_real/talking_phone_0104.jpg,talking_phone
data/processed/driver_images_real/talking_phone_0105.jpg,talking_phone
data/processed/driver_images_real/talking_phone_0106.jpg,talking_phone
data/processed/driver_images_real/talking_phone_0107.jpg,talking_phone
data/processed/driver_images_real/talking_phone_0108.jpg,talking_phone
data/processed/driver_images_real/talking_phone_0109.jpg,talking_phone
data/processed/driver_images_real/talking_phone_0110.jpg,talking_phone
data/processed/driver_images_real/talking_phone_0111.jpg,talking_phone
data/processed/driver_images_real/talking_phone_0112.jpg,talking_phone
data/processed/driver_images_real/talking_phone_0113.jpg,talking_phone
data/processed/driver_images_real/talking_phone_0114.jpg,talking_phone
data/processed/driver_images_real/talking_phone_0115.jpg,talking_phone
data/processed/driver_images_real/talking_phone_0116.jpg,talking_phone
data/processed/driver_images_real/talking_phone_0117.jpg,talking_phone
data/processed/driver_images_real/talking_phone_0118.jpg,talking_phone
data/processed/driver_images_real/talking_phone_0119.jpg,talking_phone
data/processed/driver_images_real/talking_phone_0120.jpg,talking_phone
data/processed/driver_images_real/talking_phone_0121.jpg,talking_phone
data/processed/driver_images_real/talking_phone_0122.jpg,talking_phone
data/processed/driver_images_real/talking_phone_0123.jpg,talking_phone
data/processed/driver_images_real/talking_phone_0124.jpg,talking_phone
data/processed/driver_images_real/talking_phone_0125.jpg,talking_phone
data/processed/driver_images_real/talking_phone_0126.jpg,talking_phone
data/processed/driver_images_real/talking_phone_0127.jpg,talking_phone
data/processed/driver_images_real/talking_phone_0128.jpg,talking_phone
data/processed/driver_images_real/talking_phone_0129.jpg,talking_phone
data/processed/driver_images_real/talking_phone_0130.jpg,talking_phone
data/processed/driver_images_real/talking_phone_0131.jpg,talking_phone
data/processed/driver_images_real/talking_phone_0132.jpg,talking_phone
data/processed/driver_images_real/talking_phone_0133.jpg,talking_phone
data/processed/driver_images_real/talking_phone_0134.jpg,talking_phone
data/processed/driver_images_real/talking_phone_0135.jpg,talking_phone
data/processed/driver_images_real/talking_phone_0136.jpg,talking_phone
data/processed/driver_images_real/talking_phone_0137.jpg,talking_phone
data/processed/driver_images_real/talking_phone_0138.jpg,talking_phone
data/processed/driver_images_real/talking_phone_0139.jpg,talking_phone
data/processed/driver_images_real/talking_phone_0140.jpg,talking_phone
data/processed/driver_images_real/talking_phone_0141.jpg,talking_phone
data/processed/driver_images_real/talking_phone_0142.jpg,talking_phone
data/processed/driver_images_real/talking_phone_0143.jpg,talking_phone
data/processed/driver_images_real/talking_phone_0144.jpg,talking_phone
data/processed/driver_images_real/talking_phone_0145.jpg,talking_phone
data/processed/driver_images_real/talking_phone_0146.jpg,talking_phone
data/processed/driver_images_real/talking_phone_0147.jpg,talking_phone
data/processed/driver_images_real/talking_phone_0148.jpg,talking_phone
data/processed/driver_images_real/talking_phone_0149.jpg,talking_phone
data/processed/driver_images_real/talking_phone_0150.jpg,talking_phone
data/processed/driver_images_real/talking_phone_0151.jpg,talking_phone
data/processed/driver_images_real/talking_phone_0152.jpg,talking_phone
data/processed/driver_images_real/talking_phone_0153.jpg,talking_phone
data/processed/driver_images_real/talking_phone_0154.jpg,talking_phone
data/processed/driver_images_real/talking_phone_0155.jpg,talking_phone
data/processed/driver_images_real/talking_phone_0156.jpg,talking_phone
data/processed/driver_images_real/talking_phone_0157.jpg,talking_phone
data/processed/driver_images_real/talking_phone_0158.jpg,talking_phone
data/processed/driver_images_real/talking_phone_0159.jpg,talking_phone
data/processed/driver_images_real/talking_phone_0160.jpg,talking_phone
data/processed/driver_images_real/talking_phone_0161.jpg,talking_phone
data/processed/driver_images_real/talking_phone_0162.jpg,talking_phone
data/processed/driver_images_real/talking_phone_0163.jpg,talking_phone
data/processed/driver_images_real/talking_phone_0164.jpg,talking_phone
data/processed/driver_images_real/talking_phone_0165.jpg,talking_phone
data/processed/driver_images_real/talking_phone_0166.jpg,talking_phone
data/processed/driver_images_real/talking_phone_0167.jpg,talking_phone
data/processed/driver_images_real/talking_phone_0168.jpg,talking_phone
data/processed/driver_images_real/talking_phone_0169.jpg,talking_phone
data/processed/driver_images_real/talking_phone_0170.jpg,talking_phone
data/processed/driver_images_real/talking_phone_0171.jpg,talking_phone
data/processed/driver_images_real/talking_phone_0172.jpg,talking_phone
data/processed/driver_images_real/talking_phone_0173.jpg,talking_phone
data/processed/driver_images_real/talking_phone_0174.jpg,talking_phone
data/processed/driver_images_real/talking_phone_0175.jpg,talking_phone
data/processed/driver_images_real/talking_phone_0176.jpg,talking_phone
data/processed/driver_images_real/talking_phone_0177.jpg,talking_phone
data/processed/driver_images_real/talking_phone_0178.jpg,talking_phone
data/processed/driver_images_real/talking_phone_0179.jpg,talking_phone
data/processed/driver_images_real/talking_phone_0180.jpg,talking_phone
data/processed/driver_images_real/talking_phone_0181.jpg,talking_phone
data/processed/driver_images_real/talking_phone_0182.jpg,talking_phone
data/processed/driver_images_real/talking_phone_0183.jpg,talking_phone
data/processed/driver_images_real/talking_phone_0184.jpg,talking_phone
data/processed/driver_images_real/talking_phone_0185.jpg,talking_phone
data/processed/driver_images_real/talking_phone_0186.jpg,talking_phone
data/processed/driver_images_real/talking_phone_0187.jpg,talking_phone
data/processed/driver_images_real/talking_phone_0188.jpg,talking_phone
data/processed/driver_images_real/talking_phone_0189.jpg,talking_phone
data/processed/driver_images_real/talking_phone_0190.jpg,talking_phone
data/processed/driver_images_real/talking_phone_0191.jpg,talking_phone
data/processed/driver_images_real/talking_phone_0192.jpg,talking_phone
data/processed/driver_images_real/talking_phone_0193.jpg,talking_phone
data/processed/driver_images_real/talking_phone_0194.jpg,talking_phone
data/processed/driver_images_real/talking_phone_0195.jpg,talking_phone
data/processed/driver_images_real/talking_phone_0196.jpg,talking_phone
data/processed/driver_images_real/talking_phone_0197.jpg,talking_phone
data/processed/driver_images_real/talking_phone_0198.jpg,talking_phone
data/processed/driver_images_real/talking_phone_0199.jpg,talking_phone
data/processed/driver_images_real/talking_phone_0200.jpg,talking_phone
data/processed/driver_images_real/talking_phone_0201.jpg,talking_phone
data/processed/driver_images_real/talking_phone_0202.jpg,talking_phone
data/processed/driver_images_real/talking_phone_0203.jpg,talking_phone
data/processed/driver_images_real/talking_phone_0204.jpg,talking_phone
data/processed/driver_images_real/talking_phone_0205.jpg,talking_phone
data/processed/driver_images_real/talking_phone_0206.jpg,talking_phone
data/processed/driver_images_real/talking_phone_0207.jpg,talking_phone
data/processed/driver_images_real/talking_phone_0208.jpg,talking_phone
data/processed/driver_images_real/talking_phone_0209.jpg,talking_phone
data/processed/driver_images_real/talking_phone_0210.jpg,talking_phone
data/processed/driver_images_real/talking_phone_0211.jpg,talking_phone
data/processed/driver_images_real/talking_phone_0212.jpg,talking_phone
data/processed/driver_images_real/talking_phone_0213.jpg,talking_phone
data/processed/driver_images_real/talking_phone_0214.jpg,talking_phone
data/processed/driver_images_real/talking_phone_0215.jpg,talking_phone
data/processed/driver_images_real/talking_phone_0216.jpg,talking_phone
data/processed/driver_images_real/talking_phone_0217.jpg,talking_phone
data/processed/driver_images_real/talking_phone_0218.jpg,talking_phone
data/processed/driver_images_real/talking_phone_0219.jpg,talking_phone
data/processed/driver_images_real/talking_phone_0220.jpg,talking_phone
data/processed/driver_images_real/talking_phone_0221.jpg,talking_phone
data/processed/driver_images_real/talking_phone_0222.jpg,talking_phone
data/processed/driver_images_real/talking_phone_0223.jpg,talking_phone
data/processed/driver_images_real/talking_phone_0224.jpg,talking_phone
data/processed/driver_images_real/talking_phone_0225.jpg,talking_phone
data/processed/driver_images_real/talking_phone_0226.jpg,talking_phone
data/processed/driver_images_real/talking_phone_0227.jpg,talking_phone
data/processed/driver_images_real/talking_phone_0228.jpg,talking_phone
data/processed/driver_images_real/talking_phone_0229.jpg,talking_phone
data/processed/driver_images_real/talking_phone_0230.jpg,talking_phone
data/processed/driver_images_real/talking_phone_0231.jpg,talking_phone
data/processed/driver_images_real/talking_phone_0232.jpg,talking_phone
data/processed/driver_images_real/talking_phone_0233.jpg,talking_phone
data/processed/driver_images_real/talking_phone_0234.jpg,talking_phone
data/processed/driver_images_real/talking_phone_0235.jpg,talking_phone
data/processed/driver_images_real/talking_phone_0236.jpg,talking_phone
data/processed/driver_images_real/talking_phone_0237.jpg,talking_phone
data/processed/driver_images_real/talking_phone_0238.jpg,talking_phone
data/processed/driver_images_real/talking_phone_0239.jpg,talking_phone
data/processed/driver_images_real/talking_phone_0240.jpg,talking_phone
data/processed/driver_images_real/talking_phone_0241.jpg,talking_phone
data/processed/driver_images_real/talking_phone_0242.jpg,talking_phone
data/processed/driver_images_real/talking_phone_0243.jpg,talking_phone
data/processed/driver_images_real/talking_phone_0244.jpg,talking_phone
data/processed/driver_images_real/talking_phone_0245.jpg,talking_phone
data/processed/driver_images_real/talking_phone_0246.jpg,talking_phone
data/processed/driver_images_real/talking_phone_0247.jpg,talking_phone
data/processed/driver_images_real/talking_phone_0248.jpg,talking_phone
data/processed/driver_images_real/talking_phone_0249.jpg,talking_phone
data/processed/driver_images_real/talking_phone_0250.jpg,talking_phone
data/processed/driver_images_real/talking_phone_0251.jpg,talking_phone
data/processed/driver_images_real/talking_phone_0252.jpg,talking_phone
data/processed/driver_images_real/talking_phone_0253.jpg,talking_phone
data/processed/driver_images_real/talking_phone_0254.jpg,talking_phone
data/processed/driver_images_real/talking_phone_0255.jpg,talking_phone
data/processed/driver_images_real/talking_phone_0256.jpg,talking_phone
data/processed/driver_images_real/talking_phone_0257.jpg,talking_phone
data/processed/driver_images_real/talking_phone_0258.jpg,talking_phone
data/processed/driver_images_real/talking_phone_0259.jpg,talking_phone
data/processed/driver_images_real/talking_phone_0260.jpg,talking_phone
data/processed/driver_images_real/talking_phone_0261.jpg,talking_phone
data/processed/driver_images_real/talking_phone_0262.jpg,talking_phone
data/processed/driver_images_real/talking_phone_0263.jpg,talking_phone
data/processed/driver_images_real/talking_phone_0264.jpg,talking_phone
data/processed/driver_images_real/talking_phone_0265.jpg,talking_phone
data/processed/driver_images_real/talking_phone_0266.jpg,talking_phone
data/processed/driver_images_real/talking_phone_0267.jpg,talking_phone
data/processed/driver_images_real/talking_phone_0268.jpg,talking_phone
data/processed/driver_images_real/talking_phone_0269.jpg,talking_phone
data/processed/driver_images_real/talking_phone_0270.jpg,talking_phone
data/processed/driver_images_real/talking_phone_0271.jpg,talking_phone
data/processed/driver_images_real/talking_phone_0272.jpg,talking_phone
data/processed/driver_images_real/talking_phone_0273.jpg,talking_phone
data/processed/driver_images_real/talking_phone_0274.jpg,talking_phone
data/processed/driver_images_real/talking_phone_0275.jpg,talking_phone
data/processed/driver_images_real/talking_phone_0276.jpg,talking_phone
data/processed/driver_images_real/talking_phone_0277.jpg,talking_phone
data/processed/driver_images_real/talking_phone_0278.jpg,talking_phone
data/processed/driver_images_real/talking_phone_0279.jpg,talking_phone
data/processed/driver_images_real/talking_phone_0280.jpg,talking_phone
data/processed/driver_images_real/talking_phone_0281.jpg,talking_phone
data/processed/driver_images_real/talking_phone_0282.jpg,talking_phone
data/processed/driver_images_real/talking_phone_0283.jpg,talking_phone
data/processed/driver_images_real/talking_phone_0284.jpg,talking_phone
data/processed/driver_images_real/talking_phone_0285.jpg,talking_phone
data/processed/driver_images_real/talking_phone_0286.jpg,talking_phone
data/processed/driver_images_real/talking_phone_0287.jpg,talking_phone
data/processed/driver_images_real/talking_phone_0288.jpg,talking_phone
data/processed/driver_images_real/talking_phone_0289.jpg,talking_phone
data/processed/driver_images_real/talking_phone_0290.jpg,talking_phone
data/processed/driver_images_real/talking_phone_0291.jpg,talking_phone
data/processed/driver_images_real/talking_phone_0292.jpg,talking_phone
data/processed/driver_images_real/talking_phone_0293.jpg,talking_phone
data/processed/driver_images_real/talking_phone_0294.jpg,talking_phone
data/processed/driver_images_real/talking_phone_0295.jpg,talking_phone
data/processed/driver_images_real/talking_phone_0296.jpg,talking_phone
data/processed/driver_images_real/talking_phone_0297.jpg,talking_phone
data/processed/driver_images_real/talking_phone_0298.jpg,talking_phone
data/processed/driver_images_real/talking_phone_0299.jpg,talking_phone
data/processed/driver_images_real/talking_phone_0300.jpg,talking_phone
data/processed/driver_images_real/talking_phone_0301.jpg,talking_phone
data/processed/driver_images_real/talking_phone_0302.jpg,talking_phone
data/processed/driver_images_real/talking_phone_0303.jpg,talking_phone
data/processed/driver_images_real/talking_phone_0304.jpg,talking_phone
data/processed/driver_images_real/talking_phone_0305.jpg,talking_phone
data/processed/driver_images_real/talking_phone_0306.jpg,talking_phone
data/processed/driver_images_real/talking_phone_0307.jpg,talking_phone
data/processed/driver_images_real/talking_phone_0308.jpg,talking_phone
data/processed/driver_images_real/talking_phone_0309.jpg,talking_phone
data/processed/driver_images_real/talking_phone_0310.jpg,talking_phone
data/processed/driver_images_real/talking_phone_0311.jpg,talking_phone
data/processed/driver_images_real/talking_phone_0312.jpg,talking_phone
data/processed/driver_images_real/talking_phone_0313.jpg,talking_phone
data/processed/driver_images_real/talking_phone_0314.jpg,talking_phone
data/processed/driver_images_real/talking_phone_0315.jpg,talking_phone
data/processed/driver_images_real/talking_phone_0316.jpg,talking_phone
data/processed/driver_images_real/talking_phone_0317.jpg,talking_phone
data/processed/driver_images_real/talking_phone_0318.jpg,talking_phone
data/processed/driver_images_real/talking_phone_0319.jpg,talking_phone
data/processed/driver_images_real/talking_phone_0320.jpg,talking_phone
data/processed/driver_images_real/talking_phone_0321.jpg,talking_phone
data/processed/driver_images_real/talking_phone_0322.jpg,talking_phone
data/processed/driver_images_real/talking_phone_0323.jpg,talking_phone
data/processed/driver_images_real/talking_phone_0324.jpg,talking_phone
data/processed/driver_images_real/talking_phone_0325.jpg,talking_phone
data/processed/driver_images_real/talking_phone_0326.jpg,talking_phone
data/processed/driver_images_real/talking_phone_0327.jpg,talking_phone
data/processed/driver_images_real/talking_phone_0328.jpg,talking_phone
data/processed/driver_images_real/talking_phone_0329.jpg,talking_phone
data/processed/driver_images_real/talking_phone_0330.jpg,talking_phone
data/processed/driver_images_real/talking_phone_0331.jpg,talking_phone
data/processed/driver_images_real/talking_phone_0332.jpg,talking_phone
data/processed/driver_images_real/talking_phone_0333.jpg,talking_phone
data/processed/driver_images_real/talking_phone_0334.jpg,talking_phone
data/processed/driver_images_real/talking_phone_0335.jpg,talking_phone
data/processed/driver_images_real/talking_phone_0336.jpg,talking_phone
data/processed/driver_images_real/talking_phone_0337.jpg,talking_phone
data/processed/driver_images_real/talking_phone_0338.jpg,talking_phone
data/processed/driver_images_real/talking_phone_0339.jpg,talking_phone
data/processed/driver_images_real/talking_phone_0340.jpg,talking_phone
data/processed/driver_images_real/talking_phone_0341.jpg,talking_phone
data/processed/driver_images_real/talking_phone_0342.jpg,talking_phone
data/processed/driver_images_real/talking_phone_0343.jpg,talking_phone
data/processed/driver_images_real/talking_phone_0344.jpg,talking_phone
data/processed/driver_images_real/talking_phone_0345.jpg,talking_phone
data/processed/driver_images_real/talking_phone_0346.jpg,talking_phone
data/processed/driver_images_real/talking_phone_0347.jpg,talking_phone
data/processed/driver_images_real/talking_phone_0348.jpg,talking_phone
data/processed/driver_images_real/talking_phone_0349.jpg,talking_phone
data/processed/driver_images_real/talking_phone_0350.jpg,talking_phone
data/processed/driver_images_real/talking_phone_0351.jpg,talking_phone
data/processed/driver_images_real/talking_phone_0352.jpg,talking_phone
data/processed/driver_images_real/talking_phone_0353.jpg,talking_phone
data/processed/driver_images_real/talking_phone_0354.jpg,talking_phone
data/processed/driver_images_real/talking_phone_0355.jpg,talking_phone
data/processed/driver_images_real/talking_phone_0356.jpg,talking_phone
data/processed/driver_images_real/talking_phone_0357.jpg,talking_phone
data/processed/driver_images_real/talking_phone_0358.jpg,talking_phone
data/processed/driver_images_real/talking_phone_0359.jpg,talking_phone
data/processed/driver_images_real/talking_phone_0360.jpg,talking_phone
data/processed/driver_images_real/talking_phone_0361.jpg,talking_phone
data/processed/driver_images_real/talking_phone_0362.jpg,talking_phone
data/processed/driver_images_real/talking_phone_0363.jpg,talking_phone
data/processed/driver_images_real/talking_phone_0364.jpg,talking_phone
data/processed/driver_images_real/talking_phone_0365.jpg,talking_phone
data/processed/driver_images_real/talking_phone_0366.jpg,talking_phone
data/processed/driver_images_real/talking_phone_0367.jpg,talking_phone
data/processed/driver_images_real/talking_phone_0368.jpg,talking_phone
data/processed/driver_images_real/talking_phone_0369.jpg,talking_phone
data/processed/driver_images_real/talking_phone_0370.jpg,talking_phone
data/processed/driver_images_real/talking_phone_0371.jpg,talking_phone
data/processed/driver_images_real/talking_phone_0372.jpg,talking_phone
data/processed/driver_images_real/talking_phone_0373.jpg,talking_phone
data/processed/driver_images_real/talking_phone_0374.jpg,talking_phone
data/processed/driver_images_real/talking_phone_0375.jpg,talking_phone
data/processed/driver_images_real/talking_phone_0376.jpg,talking_phone
data/processed/driver_images_real/talking_phone_0377.jpg,talking_phone
data/processed/driver_images_real/talking_phone_0378.jpg,talking_phone
data/processed/driver_images_real/talking_phone_0379.jpg,talking_phone
data/processed/driver_images_real/talking_phone_0380.jpg,talking_phone
data/processed/driver_images_real/talking_phone_0381.jpg,talking_phone
data/processed/driver_images_real/talking_phone_0382.jpg,talking_phone
data/processed/driver_images_real/talking_phone_0383.jpg,talking_phone
data/processed/driver_images_real/talking_phone_0384.jpg,talking_phone
data/processed/driver_images_real/talking_phone_0385.jpg,talking_phone
data/processed/driver_images_real/talking_phone_0386.jpg,talking_phone
data/processed/driver_images_real/talking_phone_0387.jpg,talking_phone
data/processed/driver_images_real/talking_phone_0388.jpg,talking_phone
data/processed/driver_images_real/talking_phone_0389.jpg,talking_phone
data/processed/driver_images_real/talking_phone_0390.jpg,talking_phone
data/processed/driver_images_real/talking_phone_0391.jpg,talking_phone
data/processed/driver_images_real/talking_phone_0392.jpg,talking_phone
data/processed/driver_images_real/talking_phone_0393.jpg,talking_phone
data/processed/driver_images_real/talking_phone_0394.jpg,talking_phone
data/processed/driver_images_real/talking_phone_0395.jpg,talking_phone
data/processed/driver_images_real/talking_phone_0396.jpg,talking_phone
data/processed/driver_images_real/talking_phone_0397.jpg,talking_phone
data/processed/driver_images_real/talking_phone_0398.jpg,talking_phone
data/processed/driver_images_real/talking_phone_0399.jpg,talking_phone
data/processed/driver_images_real/talking_phone_0400.jpg,talking_phone
data/processed/driver_images_real/talking_phone_0401.jpg,talking_phone
data/processed/driver_images_real/talking_phone_0402.jpg,talking_phone
data/processed/driver_images_real/talking_phone_0403.jpg,talking_phone
data/processed/driver_images_real/talking_phone_0404.jpg,talking_phone
data/processed/driver_images_real/talking_phone_0405.jpg,talking_phone
data/processed/driver_images_real/talking_phone_0406.jpg,talking_phone
data/processed/driver_images_real/talking_phone_0407.jpg,talking_phone
data/processed/driver_images_real/talking_phone_0408.jpg,talking_phone
data/processed/driver_images_real/talking_phone_0409.jpg,talking_phone
data/processed/driver_images_real/talking_phone_0410.jpg,talking_phone
data/processed/driver_images_real/talking_phone_0411.jpg,talking_phone
data/processed/driver_images_real/talking_phone_0412.jpg,talking_phone
data/processed/driver_images_real/talking_phone_0413.jpg,talking_phone
data/processed/driver_images_real/talking_phone_0414.jpg,talking_phone
data/processed/driver_images_real/talking_phone_0415.jpg,talking_phone
data/processed/driver_images_real/talking_phone_0416.jpg,talking_phone
data/processed/driver_images_real/talking_phone_0417.jpg,talking_phone
data/processed/driver_images_real/talking_phone_0418.jpg,talking_phone
data/processed/driver_images_real/talking_phone_0419.jpg,talking_phone
data/processed/driver_images_real/talking_phone_0420.jpg,talking_phone
data/processed/driver_images_real/talking_phone_0421.jpg,talking_phone
data/processed/driver_images_real/talking_phone_0422.jpg,talking_phone
data/processed/driver_images_real/talking_phone_0423.jpg,talking_phone
data/processed/driver_images_real/talking_phone_0424.jpg,talking_phone
data/processed/driver_images_real/talking_phone_0425.jpg,talking_phone
data/processed/driver_images_real/talking_phone_0426.jpg,talking_phone
data/processed/driver_images_real/talking_phone_0427.jpg,talking_phone
data/processed/driver_images_real/talking_phone_0428.jpg,talking_phone
data/processed/driver_images_real/talking_phone_0429.jpg,talking_phone
data/processed/driver_images_real/talking_phone_0430.jpg,talking_phone
data/processed/driver_images_real/talking_phone_0431.jpg,talking_phone
data/processed/driver_images_real/talking_phone_0432.jpg,talking_phone
data/processed/driver_images_real/talking_phone_0433.jpg,talking_phone
data/processed/driver_images_real/talking_phone_0434.jpg,talking_phone
data/processed/driver_images_real/talking_phone_0435.jpg,talking_phone
data/processed/driver_images_real/talking_phone_0436.jpg,talking_phone
data/processed/driver_images_real/talking_phone_0437.jpg,talking_phone
data/processed/driver_images_real/talking_phone_0438.jpg,talking_phone
data/processed/driver_images_real/talking_phone_0439.jpg,talking_phone
data/processed/driver_images_real/talking_phone_0440.jpg,talking_phone
data/processed/driver_images_real/talking_phone_0441.jpg,talking_phone
data/processed/driver_images_real/talking_phone_0442.jpg,talking_phone
data/processed/driver_images_real/talking_phone_0443.jpg,talking_phone
data/processed/driver_images_real/talking_phone_0444.jpg,talking_phone
data/processed/driver_images_real/talking_phone_0445.jpg,talking_phone
data/processed/driver_images_real/talking_phone_0446.jpg,talking_phone
data/processed/driver_images_real/talking_phone_0447.jpg,talking_phone
data/processed/driver_images_real/talking_phone_0448.jpg,talking_phone
data/processed/driver_images_real/talking_phone_0449.jpg,talking_phone
data/processed/driver_images_real/talking_phone_0450.jpg,talking_phone
data/processed/driver_images_real/talking_phone_0451.jpg,talking_phone
data/processed/driver_images_real/talking_phone_0452.jpg,talking_phone
data/processed/driver_images_real/talking_phone_0453.jpg,talking_phone
data/processed/driver_images_real/talking_phone_0454.jpg,talking_phone
data/processed/driver_images_real/talking_phone_0455.jpg,talking_phone
data/processed/driver_images_real/talking_phone_0456.jpg,talking_phone
data/processed/driver_images_real/talking_phone_0457.jpg,talking_phone
data/processed/driver_images_real/talking_phone_0458.jpg,talking_phone
data/processed/driver_images_real/talking_phone_0459.jpg,talking_phone
data/processed/driver_images_real/talking_phone_0460.jpg,talking_phone
data/processed/driver_images_real/talking_phone_0461.jpg,talking_phone
data/processed/driver_images_real/talking_phone_0462.jpg,talking_phone
data/processed/driver_images_real/talking_phone_0463.jpg,talking_phone
data/processed/driver_images_real/talking_phone_0464.jpg,talking_phone
data/processed/driver_images_real/talking_phone_0465.jpg,talking_phone
data/processed/driver_images_real/talking_phone_0466.jpg,talking_phone
data/processed/driver_images_real/talking_phone_0467.jpg,talking_phone
data/processed/driver_images_real/talking_phone_0468.jpg,talking_phone
data/processed/driver_images_real/talking_phone_0469.jpg,talking_phone
data/processed/driver_images_real/talking_phone_0470.jpg,talking_phone
data/processed/driver_images_real/talking_phone_0471.jpg,talking_phone
data/processed/driver_images_real/talking_phone_0472.jpg,talking_phone
data/processed/driver_images_real/talking_phone_0473.jpg,talking_phone
data/processed/driver_images_real/talking_phone_0474.jpg,talking_phone
data/processed/driver_images_real/talking_phone_0475.jpg,talking_phone
data/processed/driver_images_real/talking_phone_0476.jpg,talking_phone
data/processed/driver_images_real/talking_phone_0477.jpg,talking_phone
data/processed/driver_images_real/talking_phone_0478.jpg,talking_phone
data/processed/driver_images_real/talking_phone_0479.jpg,talking_phone
data/processed/driver_images_real/talking_phone_0480.jpg,talking_phone
data/processed/driver_images_real/talking_phone_0481.jpg,talking_phone
data/processed/driver_images_real/talking_phone_0482.jpg,talking_phone
data/processed/driver_images_real/talking_phone_0483.jpg,talking_phone
data/processed/driver_images_real/talking_phone_0484.jpg,talking_phone
data/processed/driver_images_real/talking_phone_0485.jpg,talking_phone
data/processed/driver_images_real/talking_phone_0486.jpg,talking_phone
data/processed/driver_images_real/talking_phone_0487.jpg,talking_phone
data/processed/driver_images_real/talking_phone_0488.jpg,talking_phone
data/processed/driver_images_real/talking_phone_0489.jpg,talking_phone
data/processed/driver_images_real/talking_phone_0490.jpg,talking_phone
data/processed/driver_images_real/talking_phone_0491.jpg,talking_phone
data/processed/driver_images_real/talking_phone_0492.jpg,talking_phone
data/processed/driver_images_real/talking_phone_0493.jpg,talking_phone
data/processed/driver_images_real/talking_phone_0494.jpg,talking_phone
data/processed/driver_images_real/talking_phone_0495.jpg,talking_phone
data/processed/driver_images_real/talking_phone_0496.jpg,talking_phone
data/processed/driver_images_real/talking_phone_0497.jpg,talking_phone
data/processed/driver_images_real/talking_phone_0498.jpg,talking_phone
data/processed/driver_images_real/talking_phone_0499.jpg,talking_phone
data/processed/driver_images_real/talking_phone_0500.jpg,talking_phone
data/processed/driver_images_real/talking_phone_0501.jpg,talking_phone
data/processed/driver_images_real/talking_phone_0502.jpg,talking_phone
data/processed/driver_images_real/talking_phone_0503.jpg,talking_phone
data/processed/driver_images_real/talking_phone_0504.jpg,talking_phone
data/processed/driver_images_real/talking_phone_0505.jpg,talking_phone
data/processed/driver_images_real/talking_phone_0506.jpg,talking_phone
data/processed/driver_images_real/talking_phone_0507.jpg,talking_phone
data/processed/driver_images_real/talking_phone_0508.jpg,talking_phone
data/processed/driver_images_real/talking_phone_0509.jpg,talking_phone
data/processed/driver_images_real/talking_phone_0510.jpg,talking_phone
data/processed/driver_images_real/talking_phone_0511.jpg,talking_phone
data/processed/driver_images_real/talking_phone_0512.jpg,talking_phone
data/processed/driver_images_real/talking_phone_0513.jpg,talking_phone
data/processed/driver_images_real/talking_phone_0514.jpg,talking_phone
data/processed/driver_images_real/talking_phone_0515.jpg,talking_phone
data/processed/driver_images_real/talking_phone_0516.jpg,talking_phone
data/processed/driver_images_real/talking_phone_0517.jpg,talking_phone
data/processed/driver_images_real/talking_phone_0518.jpg,talking_phone
data/processed/driver_images_real/talking_phone_0519.jpg,talking_phone
data/processed/driver_images_real/talking_phone_0520.jpg,talking_phone
data/processed/driver_images_real/talking_phone_0521.jpg,talking_phone
data/processed/driver_images_real/talking_phone_0522.jpg,talking_phone
data/processed/driver_images_real/talking_phone_0523.jpg,talking_phone
data/processed/driver_images_real/talking_phone_0524.jpg,talking_phone
data/processed/driver_images_real/talking_phone_0525.jpg,talking_phone
data/processed/driver_images_real/talking_phone_0526.jpg,talking_phone
data/processed/driver_images_real/talking_phone_0527.jpg,talking_phone
data/processed/driver_images_real/talking_phone_0528.jpg,talking_phone
data/processed/driver_images_real/talking_phone_0529.jpg,talking_phone
data/processed/driver_images_real/talking_phone_0530.jpg,talking_phone
data/processed/driver_images_real/talking_phone_0531.jpg,talking_phone
data/processed/driver_images_real/talking_phone_0532.jpg,talking_phone
data/processed/driver_images_real/talking_phone_0533.jpg,talking_phone
data/processed/driver_images_real/talking_phone_0534.jpg,talking_phone
data/processed/driver_images_real/talking_phone_0535.jpg,talking_phone
data/processed/driver_images_real/talking_phone_0536.jpg,talking_phone
data/processed/driver_images_real/talking_phone_0537.jpg,talking_phone
data/processed/driver_images_real/talking_phone_0538.jpg,talking_phone
data/processed/driver_images_real/talking_phone_0539.jpg,talking_phone
data/processed/driver_images_real/talking_phone_0540.jpg,talking_phone
data/processed/driver_images_real/talking_phone_0541.jpg,talking_phone
data/processed/driver_images_real/talking_phone_0542.jpg,talking_phone
data/processed/driver_images_real/talking_phone_0543.jpg,talking_phone
data/processed/driver_images_real/talking_phone_0544.jpg,talking_phone
data/processed/driver_images_real/talking_phone_0545.jpg,talking_phone
data/processed/driver_images_real/talking_phone_0546.jpg,talking_phone
data/processed/driver_images_real/talking_phone_0547.jpg,talking_phone
data/processed/driver_images_real/talking_phone_0548.jpg,talking_phone
data/processed/driver_images_real/talking_phone_0549.jpg,talking_phone
data/processed/driver_images_real/talking_phone_0550.jpg,talking_phone
data/processed/driver_images_real/talking_phone_0551.jpg,talking_phone
data/processed/driver_images_real/talking_phone_0552.jpg,talking_phone
data/processed/driver_images_real/talking_phone_0553.jpg,talking_phone
data/processed/driver_images_real/talking_phone_0554.jpg,talking_phone
data/processed/driver_images_real/talking_phone_0555.jpg,talking_phone
data/processed/driver_images_real/talking_phone_0556.jpg,talking_phone
data/processed/driver_images_real/talking_phone_0557.jpg,talking_phone
data/processed/driver_images_real/talking_phone_0558.jpg,talking_phone
data/processed/driver_images_real/talking_phone_0559.jpg,talking_phone
data/processed/driver_images_real/talking_phone_0560.jpg,talking_phone
data/processed/driver_images_real/talking_phone_0561.jpg,talking_phone
data/processed/driver_images_real/talking_phone_0562.jpg,talking_phone
data/processed/driver_images_real/talking_phone_0563.jpg,talking_phone
data/processed/driver_images_real/talking_phone_0564.jpg,talking_phone
data/processed/driver_images_real/talking_phone_0565.jpg,talking_phone
data/processed/driver_images_real/talking_phone_0566.jpg,talking_phone
data/processed/driver_images_real/talking_phone_0567.jpg,talking_phone
data/processed/driver_images_real/talking_phone_0568.jpg,talking_phone
data/processed/driver_images_real/talking_phone_0569.jpg,talking_phone
data/processed/driver_images_real/talking_phone_0570.jpg,talking_phone
data/processed/driver_images_real/talking_phone_0571.jpg,talking_phone
data/processed/driver_images_real/talking_phone_0572.jpg,talking_phone
data/processed/driver_images_real/talking_phone_0573.jpg,talking_phone
data/processed/driver_images_real/talking_phone_0574.jpg,talking_phone
data/processed/driver_images_real/talking_phone_0575.jpg,talking_phone
data/processed/driver_images_real/talking_phone_0576.jpg,talking_phone
data/processed/driver_images_real/talking_phone_0577.jpg,talking_phone
data/processed/driver_images_real/talking_phone_0578.jpg,talking_phone
data/processed/driver_images_real/talking_phone_0579.jpg,talking_phone
data/processed/driver_images_real/talking_phone_0580.jpg,talking_phone
data/processed/driver_images_real/talking_phone_0581.jpg,talking_phone
data/processed/driver_images_real/talking_phone_0582.jpg,talking_phone
data/processed/driver_images_real/talking_phone_0583.jpg,talking_phone
data/processed/driver_images_real/talking_phone_0584.jpg,talking_phone
data/processed/driver_images_real/talking_phone_0585.jpg,talking_phone
data/processed/driver_images_real/talking_phone_0586.jpg,talking_phone
data/processed/driver_images_real/talking_phone_0587.jpg,talking_phone
data/processed/driver_images_real/talking_phone_0588.jpg,talking_phone
data/processed/driver_images_real/talking_phone_0589.jpg,talking_phone
data/processed/driver_images_real/talking_phone_0590.jpg,talking_phone
data/processed/driver_images_real/talking_phone_0591.jpg,talking_phone
data/processed/driver_images_real/talking_phone_0592.jpg,talking_phone
data/processed/driver_images_real/talking_phone_0593.jpg,talking_phone
data/processed/driver_images_real/talking_phone_0594.jpg,talking_phone
data/processed/driver_images_real/talking_phone_0595.jpg,talking_phone
data/processed/driver_images_real/talking_phone_0596.jpg,talking_phone
data/processed/driver_images_real/talking_phone_0597.jpg,talking_phone
data/processed/driver_images_real/talking_phone_0598.jpg,talking_phone
data/processed/driver_images_real/talking_phone_0599.jpg,talking_phone
data/processed/driver_images_real/talking_phone_0600.jpg,talking_phone
data/processed/driver_images_real/talking_phone_0601.jpg,talking_phone
data/processed/driver_images_real/talking_phone_0602.jpg,talking_phone
data/processed/driver_images_real/talking_phone_0603.jpg,talking_phone
data/processed/driver_images_real/talking_phone_0604.jpg,talking_phone
data/processed/driver_images_real/talking_phone_0605.jpg,talking_phone
data/processed/driver_images_real/talking_phone_0606.jpg,talking_phone
data/processed/driver_images_real/talking_phone_0607.jpg,talking_phone
data/processed/driver_images_real/talking_phone_0608.jpg,talking_phone
data/processed/driver_images_real/talking_phone_0609.jpg,talking_phone
data/processed/driver_images_real/talking_phone_0610.jpg,talking_phone
data/processed/driver_images_real/talking_phone_0611.jpg,talking_phone
data/processed/driver_images_real/talking_phone_0612.jpg,talking_phone
data/processed/driver_images_real/talking_phone_0613.jpg,talking_phone
data/processed/driver_images_real/talking_phone_0614.jpg,talking_phone
data/processed/driver_images_real/talking_phone_0615.jpg,talking_phone
data/processed/driver_images_real/talking_phone_0616.jpg,talking_phone
data/processed/driver_images_real/talking_phone_0617.jpg,talking_phone
data/processed/driver_images_real/talking_phone_0618.jpg,talking_phone
data/processed/driver_images_real/talking_phone_0619.jpg,talking_phone
data/processed/driver_images_real/talking_phone_0620.jpg,talking_phone
data/processed/driver_images_real/talking_phone_0621.jpg,talking_phone
data/processed/driver_images_real/talking_phone_0622.jpg,talking_phone
data/processed/driver_images_real/talking_phone_0623.jpg,talking_phone
data/processed/driver_images_real/talking_phone_0624.jpg,talking_phone
data/processed/driver_images_real/talking_phone_0625.jpg,talking_phone
data/processed/driver_images_real/talking_phone_0626.jpg,talking_phone
data/processed/driver_images_real/talking_phone_0627.jpg,talking_phone
data/processed/driver_images_real/talking_phone_0628.jpg,talking_phone
data/processed/driver_images_real/talking_phone_0629.jpg,talking_phone
data/processed/driver_images_real/talking_phone_0630.jpg,talking_phone
data/processed/driver_images_real/talking_phone_0631.jpg,talking_phone
data/processed/driver_images_real/talking_phone_0632.jpg,talking_phone
data/processed/driver_images_real/talking_phone_0633.jpg,talking_phone
data/processed/driver_images_real/talking_phone_0634.jpg,talking_phone
data/processed/driver_images_real/talking_phone_0635.jpg,talking_phone
data/processed/driver_images_real/talking_phone_0636.jpg,talking_phone
data/processed/driver_images_real/talking_phone_0637.jpg,talking_phone
data/processed/driver_images_real/talking_phone_0638.jpg,talking_phone
data/processed/driver_images_real/talking_phone_0639.jpg,talking_phone
data/processed/driver_images_real/talking_phone_0640.jpg,talking_phone
data/processed/driver_images_real/talking_phone_0641.jpg,talking_phone
data/processed/driver_images_real/talking_phone_0642.jpg,talking_phone
data/processed/driver_images_real/talking_phone_0643.jpg,talking_phone
data/processed/driver_images_real/talking_phone_0644.jpg,talking_phone
data/processed/driver_images_real/talking_phone_0645.jpg,talking_phone
data/processed/driver_images_real/talking_phone_0646.jpg,talking_phone
data/processed/driver_images_real/talking_phone_0647.jpg,talking_phone
data/processed/driver_images_real/talking_phone_0648.jpg,talking_phone
data/processed/driver_images_real/talking_phone_0649.jpg,talking_phone
data/processed/driver_images_real/talking_phone_0650.jpg,talking_phone
data/processed/driver_images_real/talking_phone_0651.jpg,talking_phone
data/processed/driver_images_real/talking_phone_0652.jpg,talking_phone
data/processed/driver_images_real/talking_phone_0653.jpg,talking_phone
data/processed/driver_images_real/talking_phone_0654.jpg,talking_phone
data/processed/driver_images_real/talking_phone_0655.jpg,talking_phone
data/processed/driver_images_real/talking_phone_0656.jpg,talking_phone
data/processed/driver_images_real/talking_phone_0657.jpg,talking_phone
data/processed/driver_images_real/talking_phone_0658.jpg,talking_phone
data/processed/driver_images_real/talking_phone_0659.jpg,talking_phone
data/processed/driver_images_real/talking_phone_0660.jpg,talking_phone
data/processed/driver_images_real/talking_phone_0661.jpg,talking_phone
data/processed/driver_images_real/talking_phone_0662.jpg,talking_phone
data/processed/driver_images_real/talking_phone_0663.jpg,talking_phone
data/processed/driver_images_real/talking_phone_0664.jpg,talking_phone
data/processed/driver_images_real/talking_phone_0665.jpg,talking_phone
data/processed/driver_images_real/talking_phone_0666.jpg,talking_phone
data/processed/driver_images_real/talking_phone_0667.jpg,talking_phone
data/processed/driver_images_real/talking_phone_0668.jpg,talking_phone
data/processed/driver_images_real/talking_phone_0669.jpg,talking_phone
data/processed/driver_images_real/talking_phone_0670.jpg,talking_phone
data/processed/driver_images_real/talking_phone_0671.jpg,talking_phone
data/processed/driver_images_real/talking_phone_0672.jpg,talking_phone
data/processed/driver_images_real/talking_phone_0673.jpg,talking_phone
data/processed/driver_images_real/talking_phone_0674.jpg,talking_phone
data/processed/driver_images_real/talking_phone_0675.jpg,talking_phone
data/processed/driver_images_real/talking_phone_0676.jpg,talking_phone
data/processed/driver_images_real/talking_phone_0677.jpg,talking_phone
data/processed/driver_images_real/talking_phone_0678.jpg,talking_phone
data/processed/driver_images_real/talking_phone_0679.jpg,talking_phone
data/processed/driver_images_real/talking_phone_0680.jpg,talking_phone
data/processed/driver_images_real/talking_phone_0681.jpg,talking_phone
data/processed/driver_images_real/talking_phone_0682.jpg,talking_phone
data/processed/driver_images_real/talking_phone_0683.jpg,talking_phone
data/processed/driver_images_real/talking_phone_0684.jpg,talking_phone
data/processed/driver_images_real/talking_phone_0685.jpg,talking_phone
data/processed/driver_images_real/talking_phone_0686.jpg,talking_phone
data/processed/driver_images_real/talking_phone_0687.jpg,talking_phone
data/processed/driver_images_real/talking_phone_0688.jpg,talking_phone
data/processed/driver_images_real/talking_phone_0689.jpg,talking_phone
data/processed/driver_images_real/talking_phone_0690.jpg,talking_phone
data/processed/driver_images_real/talking_phone_0691.jpg,talking_phone
data/processed/driver_images_real/talking_phone_0692.jpg,talking_phone
data/processed/driver_images_real/talking_phone_0693.jpg,talking_phone
data/processed/driver_images_real/talking_phone_0694.jpg,talking_phone
data/processed/driver_images_real/talking_phone_0695.jpg,talking_phone
data/processed/driver_images_real/talking_phone_0696.jpg,talking_phone
data/processed/driver_images_real/talking_phone_0697.jpg,talking_phone
data/processed/driver_images_real/talking_phone_0698.jpg,talking_phone
data/processed/driver_images_real/talking_phone_0699.jpg,talking_phone
data/processed/driver_images_real/talking_phone_0700.jpg,talking_phone
data/processed/driver_images_real/talking_phone_0701.jpg,talking_phone
data/processed/driver_images_real/talking_phone_0702.jpg,talking_phone
data/processed/driver_images_real/talking_phone_0703.jpg,talking_phone
data/processed/driver_images_real/talking_phone_0704.jpg,talking_phone
data/processed/driver_images_real/talking_phone_0705.jpg,talking_phone
data/processed/driver_images_real/talking_phone_0706.jpg,talking_phone
data/processed/driver_images_real/talking_phone_0707.jpg,talking_phone
data/processed/driver_images_real/talking_phone_0708.jpg,talking_phone
data/processed/driver_images_real/talking_phone_0709.jpg,talking_phone
data/processed/driver_images_real/talking_phone_0710.jpg,talking_phone
data/processed/driver_images_real/talking_phone_0711.jpg,talking_phone
data/processed/driver_images_real/talking_phone_0712.jpg,talking_phone
data/processed/driver_images_real/talking_phone_0713.jpg,talking_phone
data/processed/driver_images_real/talking_phone_0714.jpg,talking_phone
data/processed/driver_images_real/talking_phone_0715.jpg,talking_phone
data/processed/driver_images_real/talking_phone_0716.jpg,talking_phone
data/processed/driver_images_real/talking_phone_0717.jpg,talking_phone
data/processed/driver_images_real/talking_phone_0718.jpg,talking_phone
data/processed/driver_images_real/talking_phone_0719.jpg,talking_phone
data/processed/driver_images_real/talking_phone_0720.jpg,talking_phone
data/processed/driver_images_real/talking_phone_0721.jpg,talking_phone
data/processed/driver_images_real/talking_phone_0722.jpg,talking_phone
data/processed/driver_images_real/talking_phone_0723.jpg,talking_phone
data/processed/driver_images_real/talking_phone_0724.jpg,talking_phone
data/processed/driver_images_real/talking_phone_0725.jpg,talking_phone
data/processed/driver_images_real/talking_phone_0726.jpg,talking_phone
data/processed/driver_images_real/talking_phone_0727.jpg,talking_phone
data/processed/driver_images_real/talking_phone_0728.jpg,talking_phone
data/processed/driver_images_real/talking_phone_0729.jpg,talking_phone
data/processed/driver_images_real/talking_phone_0730.jpg,talking_phone
data/processed/driver_images_real/talking_phone_0731.jpg,talking_phone
data/processed/driver_images_real/talking_phone_0732.jpg,talking_phone
data/processed/driver_images_real/talking_phone_0733.jpg,talking_phone
data/processed/driver_images_real/talking_phone_0734.jpg,talking_phone
data/processed/driver_images_real/talking_phone_0735.jpg,talking_phone
data/processed/driver_images_real/talking_phone_0736.jpg,talking_phone
data/processed/driver_images_real/talking_phone_0737.jpg,talking_phone
data/processed/driver_images_real/talking_phone_0738.jpg,talking_phone
data/processed/driver_images_real/talking_phone_0739.jpg,talking_phone
data/processed/driver_images_real/talking_phone_0740.jpg,talking_phone
data/processed/driver_images_real/talking_phone_0741.jpg,talking_phone
data/processed/driver_images_real/talking_phone_0742.jpg,talking_phone
data/processed/driver_images_real/talking_phone_0743.jpg,talking_phone
data/processed/driver_images_real/talking_phone_0744.jpg,talking_phone
data/processed/driver_images_real/talking_phone_0745.jpg,talking_phone
data/processed/driver_images_real/talking_phone_0746.jpg,talking_phone
data/processed/driver_images_real/talking_phone_0747.jpg,talking_phone
data/processed/driver_images_real/talking_phone_0748.jpg,talking_phone
data/processed/driver_images_real/talking_phone_0749.jpg,talking_phone
data/processed/driver_images_real/talking_phone_0750.jpg,talking_phone
data/processed/driver_images_real/talking_phone_0751.jpg,talking_phone
data/processed/driver_images_real/talking_phone_0752.jpg,talking_phone
data/processed/driver_images_real/talking_phone_0753.jpg,talking_phone
data/processed/driver_images_real/talking_phone_0754.jpg,talking_phone
data/processed/driver_images_real/talking_phone_0755.jpg,talking_phone
data/processed/driver_images_real/talking_phone_0756.jpg,talking_phone
data/processed/driver_images_real/talking_phone_0757.jpg,talking_phone
data/processed/driver_images_real/talking_phone_0758.jpg,talking_phone
data/processed/driver_images_real/talking_phone_0759.jpg,talking_phone
data/processed/driver_images_real/talking_phone_0760.jpg,talking_phone
data/processed/driver_images_real/talking_phone_0761.jpg,talking_phone
data/processed/driver_images_real/talking_phone_0762.jpg,talking_phone
data/processed/driver_images_real/talking_phone_0763.jpg,talking_phone
data/processed/driver_images_real/talking_phone_0764.jpg,talking_phone
data/processed/driver_images_real/talking_phone_0765.jpg,talking_phone
data/processed/driver_images_real/talking_phone_0766.jpg,talking_phone
data/processed/driver_images_real/talking_phone_0767.jpg,talking_phone
data/processed/driver_images_real/talking_phone_0768.jpg,talking_phone
data/processed/driver_images_real/talking_phone_0769.jpg,talking_phone
data/processed/driver_images_real/talking_phone_0770.jpg,talking_phone
data/processed/driver_images_real/talking_phone_0771.jpg,talking_phone
data/processed/driver_images_real/talking_phone_0772.jpg,talking_phone
data/processed/driver_images_real/talking_phone_0773.jpg,talking_phone
data/processed/driver_images_real/talking_phone_0774.jpg,talking_phone
data/processed/driver_images_real/talking_phone_0775.jpg,talking_phone
data/processed/driver_images_real/talking_phone_0776.jpg,talking_phone
data/processed/driver_images_real/talking_phone_0777.jpg,talking_phone
data/processed/driver_images_real/talking_phone_0778.jpg,talking_phone
data/processed/driver_images_real/talking_phone_0779.jpg,talking_phone
data/processed/driver_images_real/talking_phone_0780.jpg,talking_phone
data/processed/driver_images_real/talking_phone_0781.jpg,talking_phone
data/processed/driver_images_real/talking_phone_0782.jpg,talking_phone
data/processed/driver_images_real/talking_phone_0783.jpg,talking_phone
data/processed/driver_images_real/talking_phone_0784.jpg,talking_phone
data/processed/driver_images_real/talking_phone_0785.jpg,talking_phone
data/processed/driver_images_real/talking_phone_0786.jpg,talking_phone
data/processed/driver_images_real/talking_phone_0787.jpg,talking_phone
data/processed/driver_images_real/talking_phone_0788.jpg,talking_phone
data/processed/driver_images_real/talking_phone_0789.jpg,talking_phone
data/processed/driver_images_real/talking_phone_0790.jpg,talking_phone
data/processed/driver_images_real/talking_phone_0791.jpg,talking_phone
data/processed/driver_images_real/talking_phone_0792.jpg,talking_phone
data/processed/driver_images_real/talking_phone_0793.jpg,talking_phone
data/processed/driver_images_real/talking_phone_0794.jpg,talking_phone
data/processed/driver_images_real/talking_phone_0795.jpg,talking_phone
data/processed/driver_images_real/talking_phone_0796.jpg,talking_phone
data/processed/driver_images_real/talking_phone_0797.jpg,talking_phone
data/processed/driver_images_real/talking_phone_0798.jpg,talking_phone
data/processed/driver_images_real/talking_phone_0799.jpg,talking_phone
data/processed/driver_images_real/talking_phone_0800.jpg,talking_phone
data/processed/driver_images_real/talking_phone_0801.jpg,talking_phone
data/processed/driver_images_real/talking_phone_0802.jpg,talking_phone
data/processed/driver_images_real/talking_phone_0803.jpg,talking_phone
data/processed/driver_images_real/talking_phone_0804.jpg,talking_phone
data/processed/driver_images_real/talking_phone_0805.jpg,talking_phone
data/processed/driver_images_real/talking_phone_0806.jpg,talking_phone
data/processed/driver_images_real/talking_phone_0807.jpg,talking_phone
data/processed/driver_images_real/talking_phone_0808.jpg,talking_phone
data/processed/driver_images_real/talking_phone_0809.jpg,talking_phone
data/processed/driver_images_real/talking_phone_0810.jpg,talking_phone
data/processed/driver_images_real/talking_phone_0811.jpg,talking_phone
data/processed/driver_images_real/talking_phone_0812.jpg,talking_phone
data/processed/driver_images_real/talking_phone_0813.jpg,talking_phone
data/processed/driver_images_real/talking_phone_0814.jpg,talking_phone
data/processed/driver_images_real/talking_phone_0815.jpg,talking_phone
data/processed/driver_images_real/talking_phone_0816.jpg,talking_phone
data/processed/driver_images_real/talking_phone_0817.jpg,talking_phone
data/processed/driver_images_real/talking_phone_0818.jpg,talking_phone
data/processed/driver_images_real/talking_phone_0819.jpg,talking_phone
data/processed/driver_images_real/talking_phone_0820.jpg,talking_phone
data/processed/driver_images_real/talking_phone_0821.jpg,talking_phone
data/processed/driver_images_real/talking_phone_0822.jpg,talking_phone
data/processed/driver_images_real/talking_phone_0823.jpg,talking_phone
data/processed/driver_images_real/talking_phone_0824.jpg,talking_phone
data/processed/driver_images_real/talking_phone_0825.jpg,talking_phone
data/processed/driver_images_real/talking_phone_0826.jpg,talking_phone
data/processed/driver_images_real/talking_phone_0827.jpg,talking_phone
data/processed/driver_images_real/talking_phone_0828.jpg,talking_phone
data/processed/driver_images_real/talking_phone_0829.jpg,talking_phone
data/processed/driver_images_real/talking_phone_0830.jpg,talking_phone
data/processed/driver_images_real/talking_phone_0831.jpg,talking_phone
data/processed/driver_images_real/talking_phone_0832.jpg,talking_phone
data/processed/driver_images_real/talking_phone_0833.jpg,talking_phone
data/processed/driver_images_real/talking_phone_0834.jpg,talking_phone
data/processed/driver_images_real/talking_phone_0835.jpg,talking_phone
data/processed/driver_images_real/talking_phone_0836.jpg,talking_phone
data/processed/driver_images_real/talking_phone_0837.jpg,talking_phone
data/processed/driver_images_real/talking_phone_0838.jpg,talking_phone
data/processed/driver_images_real/talking_phone_0839.jpg,talking_phone
data/processed/driver_images_real/talking_phone_0840.jpg,talking_phone
data/processed/driver_images_real/talking_phone_0841.jpg,talking_phone
data/processed/driver_images_real/talking_phone_0842.jpg,talking_phone
data/processed/driver_images_real/talking_phone_0843.jpg,talking_phone
data/processed/driver_images_real/talking_phone_0844.jpg,talking_phone
data/processed/driver_images_real/talking_phone_0845.jpg,talking_phone
data/processed/driver_images_real/talking_phone_0846.jpg,talking_phone
data/processed/driver_images_real/talking_phone_0847.jpg,talking_phone
data/processed/driver_images_real/talking_phone_0848.jpg,talking_phone
data/processed/driver_images_real/talking_phone_0849.jpg,talking_phone
data/processed/driver_images_real/talking_phone_0850.jpg,talking_phone
data/processed/driver_images_real/talking_phone_0851.jpg,talking_phone
data/processed/driver_images_real/talking_phone_0852.jpg,talking_phone
data/processed/driver_images_real/talking_phone_0853.jpg,talking_phone
data/processed/driver_images_real/talking_phone_0854.jpg,talking_phone
data/processed/driver_images_real/talking_phone_0855.jpg,talking_phone
data/processed/driver_images_real/talking_phone_0856.jpg,talking_phone
data/processed/driver_images_real/talking_phone_0857.jpg,talking_phone
data/processed/driver_images_real/talking_phone_0858.jpg,talking_phone
data/processed/driver_images_real/talking_phone_0859.jpg,talking_phone
data/processed/driver_images_real/talking_phone_0860.jpg,talking_phone
data/processed/driver_images_real/talking_phone_0861.jpg,talking_phone
data/processed/driver_images_real/talking_phone_0862.jpg,talking_phone
data/processed/driver_images_real/talking_phone_0863.jpg,talking_phone
data/processed/driver_images_real/talking_phone_0864.jpg,talking_phone
data/processed/driver_images_real/talking_phone_0865.jpg,talking_phone
data/processed/driver_images_real/talking_phone_0866.jpg,talking_phone
data/processed/driver_images_real/talking_phone_0867.jpg,talking_phone
data/processed/driver_images_real/talking_phone_0868.jpg,talking_phone
data/processed/driver_images_real/talking_phone_0869.jpg,talking_phone
data/processed/driver_images_real/talking_phone_0870.jpg,talking_phone
data/processed/driver_images_real/talking_phone_0871.jpg,talking_phone
data/processed/driver_images_real/talking_phone_0872.jpg,talking_phone
data/processed/driver_images_real/talking_phone_0873.jpg,talking_phone
data/processed/driver_images_real/talking_phone_0874.jpg,talking_phone
data/processed/driver_images_real/talking_phone_0875.jpg,talking_phone
data/processed/driver_images_real/talking_phone_0876.jpg,talking_phone
data/processed/driver_images_real/talking_phone_0877.jpg,talking_phone
data/processed/driver_images_real/talking_phone_0878.jpg,talking_phone
data/processed/driver_images_real/talking_phone_0879.jpg,talking_phone
data/processed/driver_images_real/talking_phone_0880.jpg,talking_phone
data/processed/driver_images_real/talking_phone_0881.jpg,talking_phone
data/processed/driver_images_real/talking_phone_0882.jpg,talking_phone
data/processed/driver_images_real/talking_phone_0883.jpg,talking_phone
data/processed/driver_images_real/talking_phone_0884.jpg,talking_phone
data/processed/driver_images_real/talking_phone_0885.jpg,talking_phone
data/processed/driver_images_real/talking_phone_0886.jpg,talking_phone
data/processed/driver_images_real/talking_phone_0887.jpg,talking_phone
data/processed/driver_images_real/talking_phone_0888.jpg,talking_phone
data/processed/driver_images_real/talking_phone_0889.jpg,talking_phone
data/processed/driver_images_real/talking_phone_0890.jpg,talking_phone
data/processed/driver_images_real/talking_phone_0891.jpg,talking_phone
data/processed/driver_images_real/talking_phone_0892.jpg,talking_phone
data/processed/driver_images_real/talking_phone_0893.jpg,talking_phone
data/processed/driver_images_real/talking_phone_0894.jpg,talking_phone
data/processed/driver_images_real/talking_phone_0895.jpg,talking_phone
data/processed/driver_images_real/talking_phone_0896.jpg,talking_phone
data/processed/driver_images_real/talking_phone_0897.jpg,talking_phone
data/processed/driver_images_real/talking_phone_0898.jpg,talking_phone
data/processed/driver_images_real/talking_phone_0899.jpg,talking_phone
data/processed/driver_images_real/talking_phone_0900.jpg,talking_phone
data/processed/driver_images_real/talking_phone_0901.jpg,talking_phone
data/processed/driver_images_real/talking_phone_0902.jpg,talking_phone
data/processed/driver_images_real/talking_phone_0903.jpg,talking_phone
data/processed/driver_images_real/talking_phone_0904.jpg,talking_phone
data/processed/driver_images_real/talking_phone_0905.jpg,talking_phone
data/processed/driver_images_real/talking_phone_0906.jpg,talking_phone
data/processed/driver_images_real/talking_phone_0907.jpg,talking_phone
data/processed/driver_images_real/talking_phone_0908.jpg,talking_phone
data/processed/driver_images_real/talking_phone_0909.jpg,talking_phone
data/processed/driver_images_real/talking_phone_0910.jpg,talking_phone
data/processed/driver_images_real/talking_phone_0911.jpg,talking_phone
data/processed/driver_images_real/talking_phone_0912.jpg,talking_phone
data/processed/driver_images_real/talking_phone_0913.jpg,talking_phone
data/processed/driver_images_real/talking_phone_0914.jpg,talking_phone
data/processed/driver_images_real/talking_phone_0915.jpg,talking_phone
data/processed/driver_images_real/talking_phone_0916.jpg,talking_phone
data/processed/driver_images_real/talking_phone_0917.jpg,talking_phone
data/processed/driver_images_real/talking_phone_0918.jpg,talking_phone
data/processed/driver_images_real/talking_phone_0919.jpg,talking_phone
data/processed/driver_images_real/talking_phone_0920.jpg,talking_phone
data/processed/driver_images_real/talking_phone_0921.jpg,talking_phone
data/processed/driver_images_real/talking_phone_0922.jpg,talking_phone
data/processed/driver_images_real/talking_phone_0923.jpg,talking_phone
data/processed/driver_images_real/talking_phone_0924.jpg,talking_phone
data/processed/driver_images_real/talking_phone_0925.jpg,talking_phone
data/processed/driver_images_real/talking_phone_0926.jpg,talking_phone
data/processed/driver_images_real/talking_phone_0927.jpg,talking_phone
data/processed/driver_images_real/talking_phone_0928.jpg,talking_phone
data/processed/driver_images_real/talking_phone_0929.jpg,talking_phone
data/processed/driver_images_real/talking_phone_0930.jpg,talking_phone
data/processed/driver_images_real/talking_phone_0931.jpg,talking_phone
data/processed/driver_images_real/talking_phone_0932.jpg,talking_phone
data/processed/driver_images_real/talking_phone_0933.jpg,talking_phone
data/processed/driver_images_real/talking_phone_0934.jpg,talking_phone
data/processed/driver_images_real/talking_phone_0935.jpg,talking_phone
data/processed/driver_images_real/talking_phone_0936.jpg,talking_phone
data/processed/driver_images_real/talking_phone_0937.jpg,talking_phone
data/processed/driver_images_real/talking_phone_0938.jpg,talking_phone
data/processed/driver_images_real/talking_phone_0939.jpg,talking_phone
data/processed/driver_images_real/talking_phone_0940.jpg,talking_phone
data/processed/driver_images_real/talking_phone_0941.jpg,talking_phone
data/processed/driver_images_real/talking_phone_0942.jpg,talking_phone
data/processed/driver_images_real/talking_phone_0943.jpg,talking_phone
data/processed/driver_images_real/talking_phone_0944.jpg,talking_phone
data/processed/driver_images_real/talking_phone_0945.jpg,talking_phone
data/processed/driver_images_real/talking_phone_0946.jpg,talking_phone
data/processed/driver_images_real/talking_phone_0947.jpg,talking_phone
data/processed/driver_images_real/talking_phone_0948.jpg,talking_phone
data/processed/driver_images_real/talking_phone_0949.jpg,talking_phone
data/processed/driver_images_real/talking_phone_0950.jpg,talking_phone
data/processed/driver_images_real/talking_phone_0951.jpg,talking_phone
data/processed/driver_images_real/talking_phone_0952.jpg,talking_phone
data/processed/driver_images_real/talking_phone_0953.jpg,talking_phone
data/processed/driver_images_real/talking_phone_0954.jpg,talking_phone
data/processed/driver_images_real/talking_phone_0955.jpg,talking_phone
data/processed/driver_images_real/talking_phone_0956.jpg,talking_phone
data/processed/driver_images_real/talking_phone_0957.jpg,talking_phone
data/processed/driver_images_real/talking_phone_0958.jpg,talking_phone
data/processed/driver_images_real/talking_phone_0959.jpg,talking_phone
data/processed/driver_images_real/talking_phone_0960.jpg,talking_phone
data/processed/driver_images_real/talking_phone_0961.jpg,talking_phone
data/processed/driver_images_real/talking_phone_0962.jpg,talking_phone
data/processed/driver_images_real/talking_phone_0963.jpg,talking_phone
data/processed/driver_images_real/talking_phone_0964.jpg,talking_phone
data/processed/driver_images_real/talking_phone_0965.jpg,talking_phone
data/processed/driver_images_real/talking_phone_0966.jpg,talking_phone
data/processed/driver_images_real/talking_phone_0967.jpg,talking_phone
data/processed/driver_images_real/talking_phone_0968.jpg,talking_phone
data/processed/driver_images_real/talking_phone_0969.jpg,talking_phone
data/processed/driver_images_real/talking_phone_0970.jpg,talking_phone
data/processed/driver_images_real/talking_phone_0971.jpg,talking_phone
data/processed/driver_images_real/talking_phone_0972.jpg,talking_phone
data/processed/driver_images_real/talking_phone_0973.jpg,talking_phone
data/processed/driver_images_real/talking_phone_0974.jpg,talking_phone
data/processed/driver_images_real/talking_phone_0975.jpg,talking_phone
data/processed/driver_images_real/talking_phone_0976.jpg,talking_phone
data/processed/driver_images_real/talking_phone_0977.jpg,talking_phone
data/processed/driver_images_real/talking_phone_0978.jpg,talking_phone
data/processed/driver_images_real/talking_phone_0979.jpg,talking_phone
data/processed/driver_images_real/talking_phone_0980.jpg,talking_phone
data/processed/driver_images_real/talking_phone_0981.jpg,talking_phone
data/processed/driver_images_real/talking_phone_0982.jpg,talking_phone
data/processed/driver_images_real/talking_phone_0983.jpg,talking_phone
data/processed/driver_images_real/talking_phone_0984.jpg,talking_phone
data/processed/driver_images_real/talking_phone_0985.jpg,talking_phone
data/processed/driver_images_real/talking_phone_0986.jpg,talking_phone
data/processed/driver_images_real/talking_phone_0987.jpg,talking_phone
data/processed/driver_images_real/talking_phone_0988.jpg,talking_phone
data/processed/driver_images_real/talking_phone_0989.jpg,talking_phone
data/processed/driver_images_real/talking_phone_0990.jpg,talking_phone
data/processed/driver_images_real/talking_phone_0991.jpg,talking_phone
data/processed/driver_images_real/talking_phone_0992.jpg,talking_phone
data/processed/driver_images_real/talking_phone_0993.jpg,talking_phone
data/processed/driver_images_real/talking_phone_0994.jpg,talking_phone
data/processed/driver_images_real/talking_phone_0995.jpg,talking_phone
data/processed/driver_images_real/talking_phone_0996.jpg,talking_phone
data/processed/driver_images_real/talking_phone_0997.jpg,talking_phone
data/processed/driver_images_real/talking_phone_0998.jpg,talking_phone
data/processed/driver_images_real/talking_phone_0999.jpg,talking_phone
data/processed/driver_images_real/talking_phone_1000.jpg,talking_phone
data/processed/driver_images_real/talking_phone_1001.jpg,talking_phone
data/processed/driver_images_real/talking_phone_1002.jpg,talking_phone
data/processed/driver_images_real/talking_phone_1003.jpg,talking_phone
data/processed/driver_images_real/talking_phone_1004.jpg,talking_phone
data/processed/driver_images_real/talking_phone_1005.jpg,talking_phone
data/processed/driver_images_real/talking_phone_1006.jpg,talking_phone
data/processed/driver_images_real/talking_phone_1007.jpg,talking_phone
data/processed/driver_images_real/talking_phone_1008.jpg,talking_phone
data/processed/driver_images_real/talking_phone_1009.jpg,talking_phone
data/processed/driver_images_real/talking_phone_1010.jpg,talking_phone
data/processed/driver_images_real/talking_phone_1011.jpg,talking_phone
data/processed/driver_images_real/talking_phone_1012.jpg,talking_phone
data/processed/driver_images_real/talking_phone_1013.jpg,talking_phone
data/processed/driver_images_real/talking_phone_1014.jpg,talking_phone
data/processed/driver_images_real/talking_phone_1015.jpg,talking_phone
data/processed/driver_images_real/talking_phone_1016.jpg,talking_phone
data/processed/driver_images_real/talking_phone_1017.jpg,talking_phone
data/processed/driver_images_real/talking_phone_1018.jpg,talking_phone
data/processed/driver_images_real/talking_phone_1019.jpg,talking_phone
data/processed/driver_images_real/talking_phone_1020.jpg,talking_phone
data/processed/driver_images_real/talking_phone_1021.jpg,talking_phone
data/processed/driver_images_real/talking_phone_1022.jpg,talking_phone
data/processed/driver_images_real/talking_phone_1023.jpg,talking_phone
data/processed/driver_images_real/talking_phone_1024.jpg,talking_phone
data/processed/driver_images_real/talking_phone_1025.jpg,talking_phone
data/processed/driver_images_real/talking_phone_1026.jpg,talking_phone
data/processed/driver_images_real/talking_phone_1027.jpg,talking_phone
data/processed/driver_images_real/talking_phone_1028.jpg,talking_phone
data/processed/driver_images_real/talking_phone_1029.jpg,talking_phone
data/processed/driver_images_real/talking_phone_1030.jpg,talking_phone
data/processed/driver_images_real/talking_phone_1031.jpg,talking_phone
data/processed/driver_images_real/talking_phone_1032.jpg,talking_phone
data/processed/driver_images_real/talking_phone_1033.jpg,talking_phone
data/processed/driver_images_real/talking_phone_1034.jpg,talking_phone
data/processed/driver_images_real/talking_phone_1035.jpg,talking_phone
data/processed/driver_images_real/talking_phone_1036.jpg,talking_phone
data/processed/driver_images_real/talking_phone_1037.jpg,talking_phone
data/processed/driver_images_real/talking_phone_1038.jpg,talking_phone
data/processed/driver_images_real/talking_phone_1039.jpg,talking_phone
data/processed/driver_images_real/talking_phone_1040.jpg,talking_phone
data/processed/driver_images_real/talking_phone_1041.jpg,talking_phone
data/processed/driver_images_real/talking_phone_1042.jpg,talking_phone
data/processed/driver_images_real/talking_phone_1043.jpg,talking_phone
data/processed/driver_images_real/talking_phone_1044.jpg,talking_phone
data/processed/driver_images_real/talking_phone_1045.jpg,talking_phone
data/processed/driver_images_real/talking_phone_1046.jpg,talking_phone
data/processed/driver_images_real/talking_phone_1047.jpg,talking_phone
data/processed/driver_images_real/talking_phone_1048.jpg,talking_phone
data/processed/driver_images_real/talking_phone_1049.jpg,talking_phone
data/processed/driver_images_real/talking_phone_1050.jpg,talking_phone
data/processed/driver_images_real/talking_phone_1051.jpg,talking_phone
data/processed/driver_images_real/talking_phone_1052.jpg,talking_phone
data/processed/driver_images_real/talking_phone_1053.jpg,talking_phone
data/processed/driver_images_real/talking_phone_1054.jpg,talking_phone
data/processed/driver_images_real/talking_phone_1055.jpg,talking_phone
data/processed/driver_images_real/talking_phone_1056.jpg,talking_phone
data/processed/driver_images_real/talking_phone_1057.jpg,talking_phone
data/processed/driver_images_real/talking_phone_1058.jpg,talking_phone
data/processed/driver_images_real/talking_phone_1059.jpg,talking_phone
data/processed/driver_images_real/talking_phone_1060.jpg,talking_phone
data/processed/driver_images_real/talking_phone_1061.jpg,talking_phone
data/processed/driver_images_real/talking_phone_1062.jpg,talking_phone
data/processed/driver_images_real/talking_phone_1063.jpg,talking_phone
data/processed/driver_images_real/talking_phone_1064.jpg,talking_phone
data/processed/driver_images_real/talking_phone_1065.jpg,talking_phone
data/processed/driver_images_real/talking_phone_1066.jpg,talking_phone
data/processed/driver_images_real/talking_phone_1067.jpg,talking_phone
data/processed/driver_images_real/talking_phone_1068.jpg,talking_phone
data/processed/driver_images_real/talking_phone_1069.jpg,talking_phone
data/processed/driver_images_real/talking_phone_1070.jpg,talking_phone
data/processed/driver_images_real/talking_phone_1071.jpg,talking_phone
data/processed/driver_images_real/talking_phone_1072.jpg,talking_phone
data/processed/driver_images_real/talking_phone_1073.jpg,talking_phone
data/processed/driver_images_real/talking_phone_1074.jpg,talking_phone
data/processed/driver_images_real/talking_phone_1075.jpg,talking_phone
data/processed/driver_images_real/talking_phone_1076.jpg,talking_phone
data/processed/driver_images_real/talking_phone_1077.jpg,talking_phone
data/processed/driver_images_real/talking_phone_1078.jpg,talking_phone
data/processed/driver_images_real/talking_phone_1079.jpg,talking_phone
data/processed/driver_images_real/talking_phone_1080.jpg,talking_phone
data/processed/driver_images_real/talking_phone_1081.jpg,talking_phone
data/processed/driver_images_real/talking_phone_1082.jpg,talking_phone
data/processed/driver_images_real/talking_phone_1083.jpg,talking_phone
data/processed/driver_images_real/talking_phone_1084.jpg,talking_phone
data/processed/driver_images_real/talking_phone_1085.jpg,talking_phone
data/processed/driver_images_real/talking_phone_1086.jpg,talking_phone
data/processed/driver_images_real/talking_phone_1087.jpg,talking_phone
data/processed/driver_images_real/talking_phone_1088.jpg,talking_phone
data/processed/driver_images_real/talking_phone_1089.jpg,talking_phone
data/processed/driver_images_real/talking_phone_1090.jpg,talking_phone
data/processed/driver_images_real/talking_phone_1091.jpg,talking_phone
data/processed/driver_images_real/talking_phone_1092.jpg,talking_phone
data/processed/driver_images_real/talking_phone_1093.jpg,talking_phone
data/processed/driver_images_real/talking_phone_1094.jpg,talking_phone
data/processed/driver_images_real/talking_phone_1095.jpg,talking_phone
data/processed/driver_images_real/talking_phone_1096.jpg,talking_phone
data/processed/driver_images_real/talking_phone_1097.jpg,talking_phone
data/processed/driver_images_real/talking_phone_1098.JPG,talking_phone
data/processed/driver_images_real/talking_phone_1099.jpg,talking_phone
data/processed/driver_images_real/talking_phone_1100.jpg,talking_phone
data/processed/driver_images_real/talking_phone_1101.jpg,talking_phone
data/processed/driver_images_real/talking_phone_1102.jpg,talking_phone
data/processed/driver_images_real/talking_phone_1103.JPG,talking_phone
data/processed/driver_images_real/talking_phone_1104.jpg,talking_phone
data/processed/driver_images_real/talking_phone_1105.jpg,talking_phone
data/processed/driver_images_real/talking_phone_1106.jpg,talking_phone
data/processed/driver_images_real/talking_phone_1107.JPG,talking_phone
data/processed/driver_images_real/talking_phone_1108.jpg,talking_phone
data/processed/driver_images_real/talking_phone_1109.jpg,talking_phone
data/processed/driver_images_real/talking_phone_1110.jpg,talking_phone
data/processed/driver_images_real/talking_phone_1111.jpg,talking_phone
data/processed/driver_images_real/talking_phone_1112.jpg,talking_phone
data/processed/driver_images_real/talking_phone_1113.jpg,talking_phone
data/processed/driver_images_real/talking_phone_1114.JPG,talking_phone
data/processed/driver_images_real/talking_phone_1115.jpg,talking_phone
data/processed/driver_images_real/talking_phone_1116.jpg,talking_phone
data/processed/driver_images_real/talking_phone_1117.jpg,talking_phone
data/processed/driver_images_real/talking_phone_1118.jpg,talking_phone
data/processed/driver_images_real/talking_phone_1119.jpg,talking_phone
data/processed/driver_images_real/talking_phone_1120.jpg,talking_phone
data/processed/driver_images_real/talking_phone_1121.JPG,talking_phone
data/processed/driver_images_real/talking_phone_1122.jpg,talking_phone
data/processed/driver_images_real/talking_phone_1123.jpg,talking_phone
data/processed/driver_images_real/talking_phone_1124.jpg,talking_phone
data/processed/driver_images_real/talking_phone_1125.jpg,talking_phone
data/processed/driver_images_real/talking_phone_1126.jpg,talking_phone
data/processed/driver_images_real/talking_phone_1127.jpg,talking_phone
data/processed/driver_images_real/talking_phone_1128.jpg,talking_phone
data/processed/driver_images_real/talking_phone_1129.jpg,talking_phone
data/processed/driver_images_real/talking_phone_1130.jpg,talking_phone
data/processed/driver_images_real/talking_phone_1131.jpg,talking_phone
data/processed/driver_images_real/talking_phone_1132.jpg,talking_phone
data/processed/driver_images_real/talking_phone_1133.jpg,talking_phone
data/processed/driver_images_real/talking_phone_1134.jpg,talking_phone
data/processed/driver_images_real/talking_phone_1135.jpg,talking_phone
data/processed/driver_images_real/talking_phone_1136.jpg,talking_phone
data/processed/driver_images_real/talking_phone_1137.jpg,talking_phone
data/processed/driver_images_real/talking_phone_1138.jpg,talking_phone
data/processed/driver_images_real/talking_phone_1139.jpg,talking_phone
data/processed/driver_images_real/talking_phone_1140.jpg,talking_phone
data/processed/driver_images_real/talking_phone_1141.jpg,talking_phone
data/processed/driver_images_real/talking_phone_1142.jpg,talking_phone
data/processed/driver_images_real/talking_phone_1143.jpg,talking_phone
data/processed/driver_images_real/talking_phone_1144.jpg,talking_phone
data/processed/driver_images_real/talking_phone_1145.jpg,talking_phone
data/processed/driver_images_real/talking_phone_1146.jpg,talking_phone
data/processed/driver_images_real/talking_phone_1147.jpg,talking_phone
data/processed/driver_images_real/talking_phone_1148.jpg,talking_phone
data/processed/driver_images_real/talking_phone_1149.jpg,talking_phone
data/processed/driver_images_real/talking_phone_1150.jpg,talking_phone
data/processed/driver_images_real/talking_phone_1151.jpg,talking_phone
data/processed/driver_images_real/talking_phone_1152.jpg,talking_phone
data/processed/driver_images_real/talking_phone_1153.jpg,talking_phone
data/processed/driver_images_real/talking_phone_1154.jpg,talking_phone
data/processed/driver_images_real/talking_phone_1155.jpg,talking_phone
data/processed/driver_images_real/talking_phone_1156.jpg,talking_phone
data/processed/driver_images_real/talking_phone_1157.jpg,talking_phone
data/processed/driver_images_real/talking_phone_1158.jpg,talking_phone
data/processed/driver_images_real/talking_phone_1159.jpg,talking_phone
data/processed/driver_images_real/talking_phone_1160.jpg,talking_phone
data/processed/driver_images_real/talking_phone_1161.jpg,talking_phone
data/processed/driver_images_real/talking_phone_1162.jpg,talking_phone
data/processed/driver_images_real/talking_phone_1163.jpg,talking_phone
data/processed/driver_images_real/talking_phone_1164.jpg,talking_phone
data/processed/driver_images_real/talking_phone_1165.jpg,talking_phone
data/processed/driver_images_real/talking_phone_1166.jpg,talking_phone
data/processed/driver_images_real/talking_phone_1167.jpg,talking_phone
data/processed/driver_images_real/talking_phone_1168.jpg,talking_phone
data/processed/driver_images_real/talking_phone_1169.jpg,talking_phone
data/processed/driver_images_real/talking_phone_1170.jpg,talking_phone
data/processed/driver_images_real/talking_phone_1171.jpg,talking_phone
data/processed/driver_images_real/talking_phone_1172.jpg,talking_phone
data/processed/driver_images_real/talking_phone_1173.jpg,talking_phone
data/processed/driver_images_real/talking_phone_1174.jpg,talking_phone
data/processed/driver_images_real/talking_phone_1175.jpg,talking_phone
data/processed/driver_images_real/talking_phone_1176.jpg,talking_phone
data/processed/driver_images_real/talking_phone_1177.jpg,talking_phone
data/processed/driver_images_real/talking_phone_1178.jpg,talking_phone
data/processed/driver_images_real/talking_phone_1179.jpg,talking_phone
data/processed/driver_images_real/talking_phone_1180.jpg,talking_phone
data/processed/driver_images_real/talking_phone_1181.jpg,talking_phone
data/processed/driver_images_real/talking_phone_1182.jpg,talking_phone
data/processed/driver_images_real/talking_phone_1183.jpg,talking_phone
data/processed/driver_images_real/talking_phone_1184.jpg,talking_phone
data/processed/driver_images_real/talking_phone_1185.jpg,talking_phone
data/processed/driver_images_real/talking_phone_1186.jpg,talking_phone
data/processed/driver_images_real/talking_phone_1187.jpg,talking_phone
data/processed/driver_images_real/talking_phone_1188.jpg,talking_phone
data/processed/driver_images_real/talking_phone_1189.jpg,talking_phone
data/processed/driver_images_real/talking_phone_1190.jpg,talking_phone
data/processed/driver_images_real/talking_phone_1191.jpg,talking_phone
data/processed/driver_images_real/talking_phone_1192.jpg,talking_phone
data/processed/driver_images_real/talking_phone_1193.jpg,talking_phone
data/processed/driver_images_real/talking_phone_1194.jpg,talking_phone
data/processed/driver_images_real/talking_phone_1195.jpg,talking_phone
data/processed/driver_images_real/talking_phone_1196.jpg,talking_phone
data/processed/driver_images_real/talking_phone_1197.jpg,talking_phone
data/processed/driver_images_real/talking_phone_1198.jpg,talking_phone
data/processed/driver_images_real/talking_phone_1199.jpg,talking_phone
data/processed/driver_images_real/talking_phone_1200.jpg,talking_phone
data/processed/driver_images_real/talking_phone_1201.jpg,talking_phone
data/processed/driver_images_real/talking_phone_1202.jpg,talking_phone
data/processed/driver_images_real/talking_phone_1203.jpg,talking_phone
data/processed/driver_images_real/talking_phone_1204.jpg,talking_phone
data/processed/driver_images_real/talking_phone_1205.jpg,talking_phone
data/processed/driver_images_real/talking_phone_1206.jpg,talking_phone
data/processed/driver_images_real/talking_phone_1207.jpg,talking_phone
data/processed/driver_images_real/talking_phone_1208.jpg,talking_phone
data/processed/driver_images_real/talking_phone_1209.jpg,talking_phone
data/processed/driver_images_real/talking_phone_1210.jpg,talking_phone
data/processed/driver_images_real/talking_phone_1211.jpg,talking_phone
data/processed/driver_images_real/talking_phone_1212.jpg,talking_phone
data/processed/driver_images_real/talking_phone_1213.jpg,talking_phone
data/processed/driver_images_real/talking_phone_1214.jpg,talking_phone
data/processed/driver_images_real/talking_phone_1215.jpg,talking_phone
data/processed/driver_images_real/talking_phone_1216.jpg,talking_phone
data/processed/driver_images_real/talking_phone_1217.jpg,talking_phone
data/processed/driver_images_real/talking_phone_1218.jpg,talking_phone
data/processed/driver_images_real/talking_phone_1219.jpg,talking_phone
data/processed/driver_images_real/talking_phone_1220.jpg,talking_phone
data/processed/driver_images_real/talking_phone_1221.jpg,talking_phone
data/processed/driver_images_real/talking_phone_1222.jpg,talking_phone
data/processed/driver_images_real/talking_phone_1223.jpg,talking_phone
data/processed/driver_images_real/talking_phone_1224.jpg,talking_phone
data/processed/driver_images_real/talking_phone_1225.jpg,talking_phone
data/processed/driver_images_real/talking_phone_1226.jpg,talking_phone
data/processed/driver_images_real/talking_phone_1227.jpg,talking_phone
data/processed/driver_images_real/talking_phone_1228.jpg,talking_phone
data/processed/driver_images_real/talking_phone_1229.jpg,talking_phone
data/processed/driver_images_real/talking_phone_1230.jpg,talking_phone
data/processed/driver_images_real/talking_phone_1231.jpg,talking_phone
data/processed/driver_images_real/talking_phone_1232.jpg,talking_phone
data/processed/driver_images_real/talking_phone_1233.jpg,talking_phone
data/processed/driver_images_real/talking_phone_1234.jpg,talking_phone
data/processed/driver_images_real/talking_phone_1235.jpg,talking_phone
data/processed/driver_images_real/talking_phone_1236.jpg,talking_phone
data/processed/driver_images_real/talking_phone_1237.jpg,talking_phone
data/processed/driver_images_real/talking_phone_1238.jpg,talking_phone
data/processed/driver_images_real/talking_phone_1239.jpg,talking_phone
data/processed/driver_images_real/talking_phone_1240.jpg,talking_phone
data/processed/driver_images_real/talking_phone_1241.jpg,talking_phone
data/processed/driver_images_real/talking_phone_1242.jpg,talking_phone
data/processed/driver_images_real/talking_phone_1243.jpg,talking_phone
data/processed/driver_images_real/talking_phone_1244.jpg,talking_phone
data/processed/driver_images_real/talking_phone_1245.jpg,talking_phone
data/processed/driver_images_real/talking_phone_1246.jpg,talking_phone
data/processed/driver_images_real/talking_phone_1247.jpg,talking_phone
data/processed/driver_images_real/talking_phone_1248.jpg,talking_phone
data/processed/driver_images_real/talking_phone_1249.jpg,talking_phone
data/processed/driver_images_real/talking_phone_1250.jpg,talking_phone
data/processed/driver_images_real/talking_phone_1251.jpg,talking_phone
data/processed/driver_images_real/talking_phone_1252.jpg,talking_phone
data/processed/driver_images_real/talking_phone_1253.jpg,talking_phone
data/processed/driver_images_real/talking_phone_1254.jpg,talking_phone
data/processed/driver_images_real/talking_phone_1255.jpg,talking_phone
data/processed/driver_images_real/talking_phone_1256.jpg,talking_phone
data/processed/driver_images_real/talking_phone_1257.jpg,talking_phone
data/processed/driver_images_real/talking_phone_1258.jpg,talking_phone
data/processed/driver_images_real/talking_phone_1259.jpg,talking_phone
data/processed/driver_images_real/talking_phone_1260.jpg,talking_phone
data/processed/driver_images_real/talking_phone_1261.jpg,talking_phone
data/processed/driver_images_real/talking_phone_1262.jpg,talking_phone
data/processed/driver_images_real/talking_phone_1263.jpg,talking_phone
data/processed/driver_images_real/talking_phone_1264.jpg,talking_phone
data/processed/driver_images_real/talking_phone_1265.jpg,talking_phone
data/processed/driver_images_real/talking_phone_1266.jpg,talking_phone
data/processed/driver_images_real/talking_phone_1267.jpg,talking_phone
data/processed/driver_images_real/talking_phone_1268.jpg,talking_phone
data/processed/driver_images_real/talking_phone_1269.jpg,talking_phone
data/processed/driver_images_real/talking_phone_1270.jpg,talking_phone
data/processed/driver_images_real/talking_phone_1271.jpg,talking_phone
data/processed/driver_images_real/talking_phone_1272.jpg,talking_phone
data/processed/driver_images_real/talking_phone_1273.jpg,talking_phone
data/processed/driver_images_real/talking_phone_1274.jpg,talking_phone
data/processed/driver_images_real/talking_phone_1275.jpg,talking_phone
data/processed/driver_images_real/talking_phone_1276.jpg,talking_phone
data/processed/driver_images_real/talking_phone_1277.jpg,talking_phone
data/processed/driver_images_real/talking_phone_1278.jpg,talking_phone
data/processed/driver_images_real/talking_phone_1279.jpg,talking_phone
data/processed/driver_images_real/talking_phone_1280.jpg,talking_phone
data/processed/driver_images_real/talking_phone_1281.jpg,talking_phone
data/processed/driver_images_real/talking_phone_1282.jpg,talking_phone
data/processed/driver_images_real/talking_phone_1283.jpg,talking_phone
data/processed/driver_images_real/talking_phone_1284.jpg,talking_phone
data/processed/driver_images_real/talking_phone_1285.jpg,talking_phone
data/processed/driver_images_real/talking_phone_1286.jpg,talking_phone
data/processed/driver_images_real/talking_phone_1287.jpg,talking_phone
data/processed/driver_images_real/talking_phone_1288.jpg,talking_phone
data/processed/driver_images_real/talking_phone_1289.jpg,talking_phone
data/processed/driver_images_real/talking_phone_1290.jpg,talking_phone
data/processed/driver_images_real/talking_phone_1291.jpg,talking_phone
data/processed/driver_images_real/talking_phone_1292.jpg,talking_phone
data/processed/driver_images_real/talking_phone_1293.jpg,talking_phone
data/processed/driver_images_real/talking_phone_1294.jpg,talking_phone
data/processed/driver_images_real/talking_phone_1295.jpg,talking_phone
data/processed/driver_images_real/talking_phone_1296.jpg,talking_phone
data/processed/driver_images_real/talking_phone_1297.jpg,talking_phone
data/processed/driver_images_real/talking_phone_1298.jpg,talking_phone
data/processed/driver_images_real/talking_phone_1299.jpg,talking_phone
data/processed/driver_images_real/talking_phone_1300.jpg,talking_phone
data/processed/driver_images_real/talking_phone_1301.jpg,talking_phone
data/processed/driver_images_real/talking_phone_1302.jpg,talking_phone
data/processed/driver_images_real/talking_phone_1303.jpg,talking_phone
data/processed/driver_images_real/talking_phone_1304.jpg,talking_phone
data/processed/driver_images_real/talking_phone_1305.jpg,talking_phone
data/processed/driver_images_real/talking_phone_1306.jpg,talking_phone
data/processed/driver_images_real/talking_phone_1307.jpg,talking_phone
data/processed/driver_images_real/talking_phone_1308.jpg,talking_phone
data/processed/driver_images_real/talking_phone_1309.jpg,talking_phone
data/processed/driver_images_real/talking_phone_1310.jpg,talking_phone
data/processed/driver_images_real/talking_phone_1311.jpg,talking_phone
data/processed/driver_images_real/talking_phone_1312.jpg,talking_phone
data/processed/driver_images_real/talking_phone_1313.jpg,talking_phone
data/processed/driver_images_real/talking_phone_1314.jpg,talking_phone
data/processed/driver_images_real/talking_phone_1315.jpg,talking_phone
data/processed/driver_images_real/talking_phone_1316.jpg,talking_phone
data/processed/driver_images_real/talking_phone_1317.jpg,talking_phone
data/processed/driver_images_real/talking_phone_1318.jpg,talking_phone
data/processed/driver_images_real/talking_phone_1319.jpg,talking_phone
data/processed/driver_images_real/talking_phone_1320.jpg,talking_phone
data/processed/driver_images_real/talking_phone_1321.jpg,talking_phone
data/processed/driver_images_real/talking_phone_1322.jpg,talking_phone
data/processed/driver_images_real/talking_phone_1323.jpg,talking_phone
data/processed/driver_images_real/talking_phone_1324.jpg,talking_phone
data/processed/driver_images_real/talking_phone_1325.jpg,talking_phone
data/processed/driver_images_real/talking_phone_1326.jpg,talking_phone
data/processed/driver_images_real/talking_phone_1327.jpg,talking_phone
data/processed/driver_images_real/talking_phone_1328.jpg,talking_phone
data/processed/driver_images_real/talking_phone_1329.jpg,talking_phone
data/processed/driver_images_real/talking_phone_1330.jpg,talking_phone
data/processed/driver_images_real/talking_phone_1331.jpg,talking_phone
data/processed/driver_images_real/talking_phone_1332.jpg,talking_phone
data/processed/driver_images_real/talking_phone_1333.jpg,talking_phone
data/processed/driver_images_real/talking_phone_1334.jpg,talking_phone
data/processed/driver_images_real/talking_phone_1335.jpg,talking_phone
data/processed/driver_images_real/talking_phone_1336.jpg,talking_phone
data/processed/driver_images_real/talking_phone_1337.jpg,talking_phone
data/processed/driver_images_real/talking_phone_1338.jpg,talking_phone
data/processed/driver_images_real/talking_phone_1339.jpg,talking_phone
data/processed/driver_images_real/talking_phone_1340.jpg,talking_phone
data/processed/driver_images_real/talking_phone_1341.jpg,talking_phone
data/processed/driver_images_real/talking_phone_1342.jpg,talking_phone
data/processed/driver_images_real/talking_phone_1343.jpg,talking_phone
data/processed/driver_images_real/talking_phone_1344.jpg,talking_phone
data/processed/driver_images_real/talking_phone_1345.jpg,talking_phone
data/processed/driver_images_real/talking_phone_1346.jpg,talking_phone
data/processed/driver_images_real/talking_phone_1347.jpg,talking_phone
data/processed/driver_images_real/talking_phone_1348.jpg,talking_phone
data/processed/driver_images_real/talking_phone_1349.jpg,talking_phone
data/processed/driver_images_real/talking_phone_1350.jpg,talking_phone
data/processed/driver_images_real/talking_phone_1351.jpg,talking_phone
data/processed/driver_images_real/talking_phone_1352.jpg,talking_phone
data/processed/driver_images_real/talking_phone_1353.jpg,talking_phone
data/processed/driver_images_real/talking_phone_1354.jpg,talking_phone
data/processed/driver_images_real/talking_phone_1355.jpg,talking_phone
data/processed/driver_images_real/talking_phone_1356.jpg,talking_phone
data/processed/driver_images_real/talking_phone_1357.jpg,talking_phone
data/processed/driver_images_real/talking_phone_1358.jpg,talking_phone
data/processed/driver_images_real/talking_phone_1359.jpg,talking_phone
data/processed/driver_images_real/talking_phone_1360.jpg,talking_phone
data/processed/driver_images_real/talking_phone_1361.jpg,talking_phone
data/processed/driver_images_real/talking_phone_1362.jpg,talking_phone
data/processed/driver_images_real/talking_phone_1363.jpg,talking_phone
data/processed/driver_images_real/talking_phone_1364.jpg,talking_phone
data/processed/driver_images_real/talking_phone_1365.jpg,talking_phone
data/processed/driver_images_real/talking_phone_1366.jpg,talking_phone
data/processed/driver_images_real/talking_phone_1367.jpg,talking_phone
data/processed/driver_images_real/talking_phone_1368.jpg,talking_phone
data/processed/driver_images_real/talking_phone_1369.jpg,talking_phone
data/processed/driver_images_real/talking_phone_1370.jpg,talking_phone
data/processed/driver_images_real/talking_phone_1371.jpg,talking_phone
data/processed/driver_images_real/talking_phone_1372.jpg,talking_phone
data/processed/driver_images_real/talking_phone_1373.jpg,talking_phone
data/processed/driver_images_real/talking_phone_1374.jpg,talking_phone
data/processed/driver_images_real/talking_phone_1375.jpg,talking_phone
data/processed/driver_images_real/talking_phone_1376.jpg,talking_phone
data/processed/driver_images_real/talking_phone_1377.jpg,talking_phone
data/processed/driver_images_real/talking_phone_1378.jpg,talking_phone
data/processed/driver_images_real/talking_phone_1379.jpg,talking_phone
data/processed/driver_images_real/talking_phone_1380.jpg,talking_phone
data/processed/driver_images_real/talking_phone_1381.jpg,talking_phone
data/processed/driver_images_real/talking_phone_1382.jpg,talking_phone
data/processed/driver_images_real/talking_phone_1383.jpg,talking_phone
data/processed/driver_images_real/talking_phone_1384.jpg,talking_phone
data/processed/driver_images_real/talking_phone_1385.jpg,talking_phone
data/processed/driver_images_real/talking_phone_1386.jpg,talking_phone
data/processed/driver_images_real/talking_phone_1387.jpg,talking_phone
data/processed/driver_images_real/talking_phone_1388.jpg,talking_phone
data/processed/driver_images_real/talking_phone_1389.jpg,talking_phone
data/processed/driver_images_real/talking_phone_1390.jpg,talking_phone
data/processed/driver_images_real/talking_phone_1391.jpg,talking_phone
data/processed/driver_images_real/talking_phone_1392.jpg,talking_phone
data/processed/driver_images_real/talking_phone_1393.jpg,talking_phone
data/processed/driver_images_real/talking_phone_1394.jpg,talking_phone
data/processed/driver_images_real/talking_phone_1395.jpg,talking_phone
data/processed/driver_images_real/talking_phone_1396.jpg,talking_phone
data/processed/driver_images_real/talking_phone_1397.jpg,talking_phone
data/processed/driver_images_real/talking_phone_1398.jpg,talking_phone
data/processed/driver_images_real/talking_phone_1399.jpg,talking_phone
data/processed/driver_images_real/talking_phone_1400.jpg,talking_phone
data/processed/driver_images_real/talking_phone_1401.jpg,talking_phone
data/processed/driver_images_real/talking_phone_1402.jpg,talking_phone
data/processed/driver_images_real/talking_phone_1403.jpg,talking_phone
data/processed/driver_images_real/talking_phone_1404.jpg,talking_phone
data/processed/driver_images_real/talking_phone_1405.jpg,talking_phone
data/processed/driver_images_real/talking_phone_1406.jpg,talking_phone
data/processed/driver_images_real/talking_phone_1407.jpg,talking_phone
data/processed/driver_images_real/talking_phone_1408.jpg,talking_phone
data/processed/driver_images_real/talking_phone_1409.jpg,talking_phone
data/processed/driver_images_real/talking_phone_1410.jpg,talking_phone
data/processed/driver_images_real/talking_phone_1411.jpg,talking_phone
data/processed/driver_images_real/talking_phone_1412.jpg,talking_phone
data/processed/driver_images_real/talking_phone_1413.jpg,talking_phone
data/processed/driver_images_real/talking_phone_1414.jpg,talking_phone
data/processed/driver_images_real/talking_phone_1415.jpg,talking_phone
data/processed/driver_images_real/talking_phone_1416.jpg,talking_phone
data/processed/driver_images_real/talking_phone_1417.jpg,talking_phone
data/processed/driver_images_real/talking_phone_1418.jpg,talking_phone
data/processed/driver_images_real/talking_phone_1419.jpg,talking_phone
data/processed/driver_images_real/talking_phone_1420.jpg,talking_phone
data/processed/driver_images_real/talking_phone_1421.jpg,talking_phone
data/processed/driver_images_real/talking_phone_1422.jpg,talking_phone
data/processed/driver_images_real/talking_phone_1423.jpg,talking_phone
data/processed/driver_images_real/talking_phone_1424.jpg,talking_phone
data/processed/driver_images_real/talking_phone_1425.jpg,talking_phone
data/processed/driver_images_real/talking_phone_1426.jpg,talking_phone
data/processed/driver_images_real/talking_phone_1427.jpg,talking_phone
data/processed/driver_images_real/talking_phone_1428.jpg,talking_phone
data/processed/driver_images_real/talking_phone_1429.jpg,talking_phone
data/processed/driver_images_real/talking_phone_1430.jpg,talking_phone
data/processed/driver_images_real/talking_phone_1431.jpg,talking_phone
data/processed/driver_images_real/talking_phone_1432.jpg,talking_phone
data/processed/driver_images_real/talking_phone_1433.jpg,talking_phone
data/processed/driver_images_real/talking_phone_1434.jpg,talking_phone
data/processed/driver_images_real/talking_phone_1435.jpg,talking_phone
data/processed/driver_images_real/talking_phone_1436.jpg,talking_phone
data/processed/driver_images_real/talking_phone_1437.jpg,talking_phone
data/processed/driver_images_real/talking_phone_1438.jpg,talking_phone
data/processed/driver_images_real/talking_phone_1439.jpg,talking_phone
data/processed/driver_images_real/talking_phone_1440.jpg,talking_phone
data/processed/driver_images_real/talking_phone_1441.jpg,talking_phone
data/processed/driver_images_real/talking_phone_1442.jpg,talking_phone
data/processed/driver_images_real/talking_phone_1443.jpg,talking_phone
data/processed/driver_images_real/talking_phone_1444.jpg,talking_phone
data/processed/driver_images_real/talking_phone_1445.jpg,talking_phone
data/processed/driver_images_real/talking_phone_1446.jpg,talking_phone
data/processed/driver_images_real/talking_phone_1447.jpg,talking_phone
data/processed/driver_images_real/talking_phone_1448.jpg,talking_phone
data/processed/driver_images_real/talking_phone_1449.jpg,talking_phone
data/processed/driver_images_real/talking_phone_1450.jpg,talking_phone
data/processed/driver_images_real/talking_phone_1451.jpg,talking_phone
data/processed/driver_images_real/talking_phone_1452.jpg,talking_phone
data/processed/driver_images_real/talking_phone_1453.jpg,talking_phone
data/processed/driver_images_real/talking_phone_1454.jpg,talking_phone
data/processed/driver_images_real/talking_phone_1455.jpg,talking_phone
data/processed/driver_images_real/talking_phone_1456.jpg,talking_phone
data/processed/driver_images_real/talking_phone_1457.jpg,talking_phone
data/processed/driver_images_real/talking_phone_1458.jpg,talking_phone
data/processed/driver_images_real/talking_phone_1459.jpg,talking_phone
data/processed/driver_images_real/talking_phone_1460.jpg,talking_phone
data/processed/driver_images_real/talking_phone_1461.jpg,talking_phone
data/processed/driver_images_real/talking_phone_1462.jpg,talking_phone
data/processed/driver_images_real/talking_phone_1463.jpg,talking_phone
data/processed/driver_images_real/talking_phone_1464.jpg,talking_phone
data/processed/driver_images_real/talking_phone_1465.jpg,talking_phone
data/processed/driver_images_real/talking_phone_1466.jpg,talking_phone
data/processed/driver_images_real/talking_phone_1467.jpg,talking_phone
data/processed/driver_images_real/talking_phone_1468.jpg,talking_phone
data/processed/driver_images_real/talking_phone_1469.jpg,talking_phone
data/processed/driver_images_real/talking_phone_1470.jpg,talking_phone
data/processed/driver_images_real/talking_phone_1471.jpg,talking_phone
data/processed/driver_images_real/talking_phone_1472.jpg,talking_phone
data/processed/driver_images_real/talking_phone_1473.jpg,talking_phone
data/processed/driver_images_real/talking_phone_1474.jpg,talking_phone
data/processed/driver_images_real/talking_phone_1475.jpg,talking_phone
data/processed/driver_images_real/talking_phone_1476.jpg,talking_phone
data/processed/driver_images_real/talking_phone_1477.jpg,talking_phone
data/processed/driver_images_real/talking_phone_1478.jpg,talking_phone
data/processed/driver_images_real/talking_phone_1479.jpg,talking_phone
data/processed/driver_images_real/talking_phone_1480.jpg,talking_phone
data/processed/driver_images_real/talking_phone_1481.jpg,talking_phone
data/processed/driver_images_real/talking_phone_1482.jpg,talking_phone
data/processed/driver_images_real/talking_phone_1483.jpg,talking_phone
data/processed/driver_images_real/talking_phone_1484.jpg,talking_phone
data/processed/driver_images_real/talking_phone_1485.jpg,talking_phone
data/processed/driver_images_real/talking_phone_1486.jpg,talking_phone
data/processed/driver_images_real/talking_phone_1487.jpg,talking_phone
data/processed/driver_images_real/talking_phone_1488.jpg,talking_phone
data/processed/driver_images_real/talking_phone_1489.jpg,talking_phone
data/processed/driver_images_real/talking_phone_1490.jpg,talking_phone
data/processed/driver_images_real/talking_phone_1491.jpg,talking_phone
data/processed/driver_images_real/talking_phone_1492.jpg,talking_phone
data/processed/driver_images_real/talking_phone_1493.jpg,talking_phone
data/processed/driver_images_real/talking_phone_1494.jpg,talking_phone
data/processed/driver_images_real/talking_phone_1495.jpg,talking_phone
data/processed/driver_images_real/talking_phone_1496.jpg,talking_phone
data/processed/driver_images_real/talking_phone_1497.jpg,talking_phone
data/processed/driver_images_real/talking_phone_1498.jpg,talking_phone
data/processed/driver_images_real/talking_phone_1499.jpg,talking_phone
data/processed/driver_images_real/talking_phone_1500.jpg,talking_phone
data/processed/driver_images_real/talking_phone_1501.jpg,talking_phone
data/processed/driver_images_real/talking_phone_1502.jpg,talking_phone
data/processed/driver_images_real/talking_phone_1503.jpg,talking_phone
data/processed/driver_images_real/talking_phone_1504.jpg,talking_phone
data/processed/driver_images_real/talking_phone_1505.jpg,talking_phone
data/processed/driver_images_real/talking_phone_1506.jpg,talking_phone
data/processed/driver_images_real/talking_phone_1507.jpg,talking_phone
data/processed/driver_images_real/talking_phone_1508.jpg,talking_phone
data/processed/driver_images_real/talking_phone_1509.jpg,talking_phone
data/processed/driver_images_real/talking_phone_1510.jpg,talking_phone
data/processed/driver_images_real/talking_phone_1511.jpg,talking_phone
data/processed/driver_images_real/talking_phone_1512.jpg,talking_phone
data/processed/driver_images_real/texting_phone_0000.png,texting_phone
data/processed/driver_images_real/texting_phone_0001.png,texting_phone
data/processed/driver_images_real/texting_phone_0002.png,texting_phone
data/processed/driver_images_real/texting_phone_0003.png,texting_phone
data/processed/driver_images_real/texting_phone_0004.png,texting_phone
data/processed/driver_images_real/texting_phone_0005.png,texting_phone
data/processed/driver_images_real/texting_phone_0006.png,texting_phone
data/processed/driver_images_real/texting_phone_0007.png,texting_phone
data/processed/driver_images_real/texting_phone_0008.png,texting_phone
data/processed/driver_images_real/texting_phone_0009.png,texting_phone
data/processed/driver_images_real/texting_phone_0010.png,texting_phone
data/processed/driver_images_real/texting_phone_0011.png,texting_phone
data/processed/driver_images_real/texting_phone_0012.png,texting_phone
data/processed/driver_images_real/texting_phone_0013.png,texting_phone
data/processed/driver_images_real/texting_phone_0014.jpg,texting_phone
data/processed/driver_images_real/texting_phone_0015.jpg,texting_phone
data/processed/driver_images_real/texting_phone_0016.jpg,texting_phone
data/processed/driver_images_real/texting_phone_0017.jpg,texting_phone
data/processed/driver_images_real/texting_phone_0018.jpg,texting_phone
data/processed/driver_images_real/texting_phone_0019.jpg,texting_phone
data/processed/driver_images_real/texting_phone_0020.jpg,texting_phone
data/processed/driver_images_real/texting_phone_0021.jpg,texting_phone
data/processed/driver_images_real/texting_phone_0022.jpg,texting_phone
data/processed/driver_images_real/texting_phone_0023.jpg,texting_phone
data/processed/driver_images_real/texting_phone_0024.jpg,texting_phone
data/processed/driver_images_real/texting_phone_0025.jpg,texting_phone
data/processed/driver_images_real/texting_phone_0026.jpg,texting_phone
data/processed/driver_images_real/texting_phone_0027.jpg,texting_phone
data/processed/driver_images_real/texting_phone_0028.jpg,texting_phone
data/processed/driver_images_real/texting_phone_0029.jpg,texting_phone
data/processed/driver_images_real/texting_phone_0030.jpg,texting_phone
data/processed/driver_images_real/texting_phone_0031.jpg,texting_phone
data/processed/driver_images_real/texting_phone_0032.jpg,texting_phone
data/processed/driver_images_real/texting_phone_0033.jpg,texting_phone
data/processed/driver_images_real/texting_phone_0034.jpg,texting_phone
data/processed/driver_images_real/texting_phone_0035.jpg,texting_phone
data/processed/driver_images_real/texting_phone_0036.jpg,texting_phone
data/processed/driver_images_real/texting_phone_0037.jpg,texting_phone
data/processed/driver_images_real/texting_phone_0038.jpg,texting_phone
data/processed/driver_images_real/texting_phone_0039.jpg,texting_phone
data/processed/driver_images_real/texting_phone_0040.jpg,texting_phone
data/processed/driver_images_real/texting_phone_0041.jpg,texting_phone
data/processed/driver_images_real/texting_phone_0042.jpg,texting_phone
data/processed/driver_images_real/texting_phone_0043.jpg,texting_phone
data/processed/driver_images_real/texting_phone_0044.jpg,texting_phone
data/processed/driver_images_real/texting_phone_0045.jpg,texting_phone
data/processed/driver_images_real/texting_phone_0046.jpg,texting_phone
data/processed/driver_images_real/texting_phone_0047.jpg,texting_phone
data/processed/driver_images_real/texting_phone_0048.jpg,texting_phone
data/processed/driver_images_real/texting_phone_0049.jpg,texting_phone
data/processed/driver_images_real/texting_phone_0050.jpg,texting_phone
data/processed/driver_images_real/texting_phone_0051.jpg,texting_phone
data/processed/driver_images_real/texting_phone_0052.jpg,texting_phone
data/processed/driver_images_real/texting_phone_0053.jpg,texting_phone
data/processed/driver_images_real/texting_phone_0054.jpg,texting_phone
data/processed/driver_images_real/texting_phone_0055.jpg,texting_phone
data/processed/driver_images_real/texting_phone_0056.jpg,texting_phone
data/processed/driver_images_real/texting_phone_0057.jpg,texting_phone
data/processed/driver_images_real/texting_phone_0058.jpg,texting_phone
data/processed/driver_images_real/texting_phone_0059.jpg,texting_phone
data/processed/driver_images_real/texting_phone_0060.jpg,texting_phone
data/processed/driver_images_real/texting_phone_0061.jpg,texting_phone
data/processed/driver_images_real/texting_phone_0062.jpg,texting_phone
data/processed/driver_images_real/texting_phone_0063.jpg,texting_phone
data/processed/driver_images_real/texting_phone_0064.jpg,texting_phone
data/processed/driver_images_real/texting_phone_0065.jpg,texting_phone
data/processed/driver_images_real/texting_phone_0066.jpg,texting_phone
data/processed/driver_images_real/texting_phone_0067.jpg,texting_phone
data/processed/driver_images_real/texting_phone_0068.jpg,texting_phone
data/processed/driver_images_real/texting_phone_0069.jpg,texting_phone
data/processed/driver_images_real/texting_phone_0070.jpg,texting_phone
data/processed/driver_images_real/texting_phone_0071.jpg,texting_phone
data/processed/driver_images_real/texting_phone_0072.jpg,texting_phone
data/processed/driver_images_real/texting_phone_0073.jpg,texting_phone
data/processed/driver_images_real/texting_phone_0074.jpg,texting_phone
data/processed/driver_images_real/texting_phone_0075.jpg,texting_phone
data/processed/driver_images_real/texting_phone_0076.jpg,texting_phone
data/processed/driver_images_real/texting_phone_0077.jpg,texting_phone
data/processed/driver_images_real/texting_phone_0078.jpg,texting_phone
data/processed/driver_images_real/texting_phone_0079.jpg,texting_phone
data/processed/driver_images_real/texting_phone_0080.jpg,texting_phone
data/processed/driver_images_real/texting_phone_0081.jpg,texting_phone
data/processed/driver_images_real/texting_phone_0082.jpg,texting_phone
data/processed/driver_images_real/texting_phone_0083.jpg,texting_phone
data/processed/driver_images_real/texting_phone_0084.jpg,texting_phone
data/processed/driver_images_real/texting_phone_0085.jpg,texting_phone
data/processed/driver_images_real/texting_phone_0086.jpg,texting_phone
data/processed/driver_images_real/texting_phone_0087.jpg,texting_phone
data/processed/driver_images_real/texting_phone_0088.jpg,texting_phone
data/processed/driver_images_real/texting_phone_0089.jpg,texting_phone
data/processed/driver_images_real/texting_phone_0090.jpg,texting_phone
data/processed/driver_images_real/texting_phone_0091.jpg,texting_phone
data/processed/driver_images_real/texting_phone_0092.jpg,texting_phone
data/processed/driver_images_real/texting_phone_0093.jpg,texting_phone
data/processed/driver_images_real/texting_phone_0094.jpg,texting_phone
data/processed/driver_images_real/texting_phone_0095.jpg,texting_phone
data/processed/driver_images_real/texting_phone_0096.jpg,texting_phone
data/processed/driver_images_real/texting_phone_0097.jpg,texting_phone
data/processed/driver_images_real/texting_phone_0098.jpg,texting_phone
data/processed/driver_images_real/texting_phone_0099.jpg,texting_phone
data/processed/driver_images_real/texting_phone_0100.jpg,texting_phone
data/processed/driver_images_real/texting_phone_0101.jpg,texting_phone
data/processed/driver_images_real/texting_phone_0102.jpg,texting_phone
data/processed/driver_images_real/texting_phone_0103.jpg,texting_phone
data/processed/driver_images_real/texting_phone_0104.jpg,texting_phone
data/processed/driver_images_real/texting_phone_0105.jpg,texting_phone
data/processed/driver_images_real/texting_phone_0106.jpg,texting_phone
data/processed/driver_images_real/texting_phone_0107.jpg,texting_phone
data/processed/driver_images_real/texting_phone_0108.jpg,texting_phone
data/processed/driver_images_real/texting_phone_0109.jpg,texting_phone
data/processed/driver_images_real/texting_phone_0110.jpg,texting_phone
data/processed/driver_images_real/texting_phone_0111.jpg,texting_phone
data/processed/driver_images_real/texting_phone_0112.jpg,texting_phone
data/processed/driver_images_real/texting_phone_0113.jpg,texting_phone
data/processed/driver_images_real/texting_phone_0114.jpg,texting_phone
data/processed/driver_images_real/texting_phone_0115.jpg,texting_phone
data/processed/driver_images_real/texting_phone_0116.jpg,texting_phone
data/processed/driver_images_real/texting_phone_0117.jpg,texting_phone
data/processed/driver_images_real/texting_phone_0118.jpg,texting_phone
data/processed/driver_images_real/texting_phone_0119.jpg,texting_phone
data/processed/driver_images_real/texting_phone_0120.jpg,texting_phone
data/processed/driver_images_real/texting_phone_0121.jpg,texting_phone
data/processed/driver_images_real/texting_phone_0122.jpg,texting_phone
data/processed/driver_images_real/texting_phone_0123.jpg,texting_phone
data/processed/driver_images_real/texting_phone_0124.jpg,texting_phone
data/processed/driver_images_real/texting_phone_0125.jpg,texting_phone
data/processed/driver_images_real/texting_phone_0126.jpg,texting_phone
data/processed/driver_images_real/texting_phone_0127.jpg,texting_phone
data/processed/driver_images_real/texting_phone_0128.jpg,texting_phone
data/processed/driver_images_real/texting_phone_0129.jpg,texting_phone
data/processed/driver_images_real/texting_phone_0130.jpg,texting_phone
data/processed/driver_images_real/texting_phone_0131.jpg,texting_phone
data/processed/driver_images_real/texting_phone_0132.jpg,texting_phone
data/processed/driver_images_real/texting_phone_0133.jpg,texting_phone
data/processed/driver_images_real/texting_phone_0134.jpg,texting_phone
data/processed/driver_images_real/texting_phone_0135.jpg,texting_phone
data/processed/driver_images_real/texting_phone_0136.jpg,texting_phone
data/processed/driver_images_real/texting_phone_0137.jpg,texting_phone
data/processed/driver_images_real/texting_phone_0138.jpg,texting_phone
data/processed/driver_images_real/texting_phone_0139.jpg,texting_phone
data/processed/driver_images_real/texting_phone_0140.jpg,texting_phone
data/processed/driver_images_real/texting_phone_0141.jpg,texting_phone
data/processed/driver_images_real/texting_phone_0142.jpg,texting_phone
data/processed/driver_images_real/texting_phone_0143.jpg,texting_phone
data/processed/driver_images_real/texting_phone_0144.jpg,texting_phone
data/processed/driver_images_real/texting_phone_0145.jpg,texting_phone
data/processed/driver_images_real/texting_phone_0146.jpg,texting_phone
data/processed/driver_images_real/texting_phone_0147.jpg,texting_phone
data/processed/driver_images_real/texting_phone_0148.jpg,texting_phone
data/processed/driver_images_real/texting_phone_0149.jpg,texting_phone
data/processed/driver_images_real/texting_phone_0150.jpg,texting_phone
data/processed/driver_images_real/texting_phone_0151.jpg,texting_phone
data/processed/driver_images_real/texting_phone_0152.jpg,texting_phone
data/processed/driver_images_real/texting_phone_0153.jpg,texting_phone
data/processed/driver_images_real/texting_phone_0154.jpg,texting_phone
data/processed/driver_images_real/texting_phone_0155.jpg,texting_phone
data/processed/driver_images_real/texting_phone_0156.jpg,texting_phone
data/processed/driver_images_real/texting_phone_0157.jpg,texting_phone
data/processed/driver_images_real/texting_phone_0158.jpg,texting_phone
data/processed/driver_images_real/texting_phone_0159.jpg,texting_phone
data/processed/driver_images_real/texting_phone_0160.jpg,texting_phone
data/processed/driver_images_real/texting_phone_0161.jpg,texting_phone
data/processed/driver_images_real/texting_phone_0162.jpg,texting_phone
data/processed/driver_images_real/texting_phone_0163.jpg,texting_phone
data/processed/driver_images_real/texting_phone_0164.jpg,texting_phone
data/processed/driver_images_real/texting_phone_0165.jpg,texting_phone
data/processed/driver_images_real/texting_phone_0166.jpg,texting_phone
data/processed/driver_images_real/texting_phone_0167.jpg,texting_phone
data/processed/driver_images_real/texting_phone_0168.jpg,texting_phone
data/processed/driver_images_real/texting_phone_0169.jpg,texting_phone
data/processed/driver_images_real/texting_phone_0170.jpg,texting_phone
data/processed/driver_images_real/texting_phone_0171.jpg,texting_phone
data/processed/driver_images_real/texting_phone_0172.jpg,texting_phone
data/processed/driver_images_real/texting_phone_0173.jpg,texting_phone
data/processed/driver_images_real/texting_phone_0174.jpg,texting_phone
data/processed/driver_images_real/texting_phone_0175.jpg,texting_phone
data/processed/driver_images_real/texting_phone_0176.jpg,texting_phone
data/processed/driver_images_real/texting_phone_0177.jpg,texting_phone
data/processed/driver_images_real/texting_phone_0178.jpg,texting_phone
data/processed/driver_images_real/texting_phone_0179.jpg,texting_phone
data/processed/driver_images_real/texting_phone_0180.jpg,texting_phone
data/processed/driver_images_real/texting_phone_0181.jpg,texting_phone
data/processed/driver_images_real/texting_phone_0182.jpg,texting_phone
data/processed/driver_images_real/texting_phone_0183.jpg,texting_phone
data/processed/driver_images_real/texting_phone_0184.jpg,texting_phone
data/processed/driver_images_real/texting_phone_0185.jpg,texting_phone
data/processed/driver_images_real/texting_phone_0186.jpg,texting_phone
data/processed/driver_images_real/texting_phone_0187.jpg,texting_phone
data/processed/driver_images_real/texting_phone_0188.jpg,texting_phone
data/processed/driver_images_real/texting_phone_0189.jpg,texting_phone
data/processed/driver_images_real/texting_phone_0190.jpg,texting_phone
data/processed/driver_images_real/texting_phone_0191.jpg,texting_phone
data/processed/driver_images_real/texting_phone_0192.jpg,texting_phone
data/processed/driver_images_real/texting_phone_0193.jpg,texting_phone
data/processed/driver_images_real/texting_phone_0194.jpg,texting_phone
data/processed/driver_images_real/texting_phone_0195.jpg,texting_phone
data/processed/driver_images_real/texting_phone_0196.jpg,texting_phone
data/processed/driver_images_real/texting_phone_0197.jpg,texting_phone
data/processed/driver_images_real/texting_phone_0198.jpg,texting_phone
data/processed/driver_images_real/texting_phone_0199.jpg,texting_phone
data/processed/driver_images_real/texting_phone_0200.jpg,texting_phone
data/processed/driver_images_real/texting_phone_0201.jpg,texting_phone
data/processed/driver_images_real/texting_phone_0202.jpg,texting_phone
data/processed/driver_images_real/texting_phone_0203.jpg,texting_phone
data/processed/driver_images_real/texting_phone_0204.jpg,texting_phone
data/processed/driver_images_real/texting_phone_0205.jpg,texting_phone
data/processed/driver_images_real/texting_phone_0206.jpg,texting_phone
data/processed/driver_images_real/texting_phone_0207.jpg,texting_phone
data/processed/driver_images_real/texting_phone_0208.jpg,texting_phone
data/processed/driver_images_real/texting_phone_0209.jpg,texting_phone
data/processed/driver_images_real/texting_phone_0210.jpg,texting_phone
data/processed/driver_images_real/texting_phone_0211.jpg,texting_phone
data/processed/driver_images_real/texting_phone_0212.jpg,texting_phone
data/processed/driver_images_real/texting_phone_0213.jpg,texting_phone
data/processed/driver_images_real/texting_phone_0214.jpg,texting_phone
data/processed/driver_images_real/texting_phone_0215.jpg,texting_phone
data/processed/driver_images_real/texting_phone_0216.jpg,texting_phone
data/processed/driver_images_real/texting_phone_0217.jpg,texting_phone
data/processed/driver_images_real/texting_phone_0218.jpg,texting_phone
data/processed/driver_images_real/texting_phone_0219.jpg,texting_phone
data/processed/driver_images_real/texting_phone_0220.jpg,texting_phone
data/processed/driver_images_real/texting_phone_0221.jpg,texting_phone
data/processed/driver_images_real/texting_phone_0222.jpg,texting_phone
data/processed/driver_images_real/texting_phone_0223.jpg,texting_phone
data/processed/driver_images_real/texting_phone_0224.jpg,texting_phone
data/processed/driver_images_real/texting_phone_0225.jpg,texting_phone
data/processed/driver_images_real/texting_phone_0226.jpg,texting_phone
data/processed/driver_images_real/texting_phone_0227.jpg,texting_phone
data/processed/driver_images_real/texting_phone_0228.jpg,texting_phone
data/processed/driver_images_real/texting_phone_0229.jpg,texting_phone
data/processed/driver_images_real/texting_phone_0230.jpg,texting_phone
data/processed/driver_images_real/texting_phone_0231.jpg,texting_phone
data/processed/driver_images_real/texting_phone_0232.jpg,texting_phone
data/processed/driver_images_real/texting_phone_0233.jpg,texting_phone
data/processed/driver_images_real/texting_phone_0234.jpg,texting_phone
data/processed/driver_images_real/texting_phone_0235.jpg,texting_phone
data/processed/driver_images_real/texting_phone_0236.jpg,texting_phone
data/processed/driver_images_real/texting_phone_0237.jpg,texting_phone
data/processed/driver_images_real/texting_phone_0238.jpg,texting_phone
data/processed/driver_images_real/texting_phone_0239.jpg,texting_phone
data/processed/driver_images_real/texting_phone_0240.jpg,texting_phone
data/processed/driver_images_real/texting_phone_0241.jpg,texting_phone
data/processed/driver_images_real/texting_phone_0242.jpg,texting_phone
data/processed/driver_images_real/texting_phone_0243.jpg,texting_phone
data/processed/driver_images_real/texting_phone_0244.jpg,texting_phone
data/processed/driver_images_real/texting_phone_0245.jpg,texting_phone
data/processed/driver_images_real/texting_phone_0246.jpg,texting_phone
data/processed/driver_images_real/texting_phone_0247.jpg,texting_phone
data/processed/driver_images_real/texting_phone_0248.jpg,texting_phone
data/processed/driver_images_real/texting_phone_0249.jpg,texting_phone
data/processed/driver_images_real/texting_phone_0250.jpg,texting_phone
data/processed/driver_images_real/texting_phone_0251.jpg,texting_phone
data/processed/driver_images_real/texting_phone_0252.jpg,texting_phone
data/processed/driver_images_real/texting_phone_0253.jpg,texting_phone
data/processed/driver_images_real/texting_phone_0254.jpg,texting_phone
data/processed/driver_images_real/texting_phone_0255.jpg,texting_phone
data/processed/driver_images_real/texting_phone_0256.jpg,texting_phone
data/processed/driver_images_real/texting_phone_0257.jpg,texting_phone
data/processed/driver_images_real/texting_phone_0258.jpg,texting_phone
data/processed/driver_images_real/texting_phone_0259.jpg,texting_phone
data/processed/driver_images_real/texting_phone_0260.jpg,texting_phone
data/processed/driver_images_real/texting_phone_0261.jpg,texting_phone
data/processed/driver_images_real/texting_phone_0262.jpg,texting_phone
data/processed/driver_images_real/texting_phone_0263.jpg,texting_phone
data/processed/driver_images_real/texting_phone_0264.jpg,texting_phone
data/processed/driver_images_real/texting_phone_0265.jpg,texting_phone
data/processed/driver_images_real/texting_phone_0266.jpg,texting_phone
data/processed/driver_images_real/texting_phone_0267.jpg,texting_phone
data/processed/driver_images_real/texting_phone_0268.jpg,texting_phone
data/processed/driver_images_real/texting_phone_0269.jpg,texting_phone
data/processed/driver_images_real/texting_phone_0270.jpg,texting_phone
data/processed/driver_images_real/texting_phone_0271.jpg,texting_phone
data/processed/driver_images_real/texting_phone_0272.jpg,texting_phone
data/processed/driver_images_real/texting_phone_0273.jpg,texting_phone
data/processed/driver_images_real/texting_phone_0274.jpg,texting_phone
data/processed/driver_images_real/texting_phone_0275.jpg,texting_phone
data/processed/driver_images_real/texting_phone_0276.jpg,texting_phone
data/processed/driver_images_real/texting_phone_0277.jpg,texting_phone
data/processed/driver_images_real/texting_phone_0278.jpg,texting_phone
data/processed/driver_images_real/texting_phone_0279.jpg,texting_phone
data/processed/driver_images_real/texting_phone_0280.jpg,texting_phone
data/processed/driver_images_real/texting_phone_0281.jpg,texting_phone
data/processed/driver_images_real/texting_phone_0282.jpg,texting_phone
data/processed/driver_images_real/texting_phone_0283.jpg,texting_phone
data/processed/driver_images_real/texting_phone_0284.jpg,texting_phone
data/processed/driver_images_real/texting_phone_0285.jpg,texting_phone
data/processed/driver_images_real/texting_phone_0286.jpg,texting_phone
data/processed/driver_images_real/texting_phone_0287.jpg,texting_phone
data/processed/driver_images_real/texting_phone_0288.jpg,texting_phone
data/processed/driver_images_real/texting_phone_0289.jpg,texting_phone
data/processed/driver_images_real/texting_phone_0290.jpg,texting_phone
data/processed/driver_images_real/texting_phone_0291.jpg,texting_phone
data/processed/driver_images_real/texting_phone_0292.jpg,texting_phone
data/processed/driver_images_real/texting_phone_0293.jpg,texting_phone
data/processed/driver_images_real/texting_phone_0294.jpg,texting_phone
data/processed/driver_images_real/texting_phone_0295.jpg,texting_phone
data/processed/driver_images_real/texting_phone_0296.jpg,texting_phone
data/processed/driver_images_real/texting_phone_0297.jpg,texting_phone
data/processed/driver_images_real/texting_phone_0298.jpg,texting_phone
data/processed/driver_images_real/texting_phone_0299.jpg,texting_phone
data/processed/driver_images_real/texting_phone_0300.jpg,texting_phone
data/processed/driver_images_real/texting_phone_0301.jpg,texting_phone
data/processed/driver_images_real/texting_phone_0302.jpg,texting_phone
data/processed/driver_images_real/texting_phone_0303.jpg,texting_phone
data/processed/driver_images_real/texting_phone_0304.jpg,texting_phone
data/processed/driver_images_real/texting_phone_0305.jpg,texting_phone
data/processed/driver_images_real/texting_phone_0306.jpg,texting_phone
data/processed/driver_images_real/texting_phone_0307.jpg,texting_phone
data/processed/driver_images_real/texting_phone_0308.jpg,texting_phone
data/processed/driver_images_real/texting_phone_0309.jpg,texting_phone
data/processed/driver_images_real/texting_phone_0310.jpg,texting_phone
data/processed/driver_images_real/texting_phone_0311.jpg,texting_phone
data/processed/driver_images_real/texting_phone_0312.jpg,texting_phone
data/processed/driver_images_real/texting_phone_0313.jpg,texting_phone
data/processed/driver_images_real/texting_phone_0314.jpg,texting_phone
data/processed/driver_images_real/texting_phone_0315.jpg,texting_phone
data/processed/driver_images_real/texting_phone_0316.jpg,texting_phone
data/processed/driver_images_real/texting_phone_0317.jpg,texting_phone
data/processed/driver_images_real/texting_phone_0318.jpg,texting_phone
data/processed/driver_images_real/texting_phone_0319.jpg,texting_phone
data/processed/driver_images_real/texting_phone_0320.jpg,texting_phone
data/processed/driver_images_real/texting_phone_0321.jpg,texting_phone
data/processed/driver_images_real/texting_phone_0322.jpg,texting_phone
data/processed/driver_images_real/texting_phone_0323.jpg,texting_phone
data/processed/driver_images_real/texting_phone_0324.jpg,texting_phone
data/processed/driver_images_real/texting_phone_0325.jpg,texting_phone
data/processed/driver_images_real/texting_phone_0326.jpg,texting_phone
data/processed/driver_images_real/texting_phone_0327.jpg,texting_phone
data/processed/driver_images_real/texting_phone_0328.jpg,texting_phone
data/processed/driver_images_real/texting_phone_0329.jpg,texting_phone
data/processed/driver_images_real/texting_phone_0330.jpg,texting_phone
data/processed/driver_images_real/texting_phone_0331.jpg,texting_phone
data/processed/driver_images_real/texting_phone_0332.jpg,texting_phone
data/processed/driver_images_real/texting_phone_0333.jpg,texting_phone
data/processed/driver_images_real/texting_phone_0334.jpg,texting_phone
data/processed/driver_images_real/texting_phone_0335.jpg,texting_phone
data/processed/driver_images_real/texting_phone_0336.jpg,texting_phone
data/processed/driver_images_real/texting_phone_0337.jpg,texting_phone
data/processed/driver_images_real/texting_phone_0338.jpg,texting_phone
data/processed/driver_images_real/texting_phone_0339.jpg,texting_phone
data/processed/driver_images_real/texting_phone_0340.jpg,texting_phone
data/processed/driver_images_real/texting_phone_0341.jpg,texting_phone
data/processed/driver_images_real/texting_phone_0342.jpg,texting_phone
data/processed/driver_images_real/texting_phone_0343.jpg,texting_phone
data/processed/driver_images_real/texting_phone_0344.jpg,texting_phone
data/processed/driver_images_real/texting_phone_0345.jpg,texting_phone
data/processed/driver_images_real/texting_phone_0346.jpg,texting_phone
data/processed/driver_images_real/texting_phone_0347.jpg,texting_phone
data/processed/driver_images_real/texting_phone_0348.jpg,texting_phone
data/processed/driver_images_real/texting_phone_0349.jpg,texting_phone
data/processed/driver_images_real/texting_phone_0350.jpg,texting_phone
data/processed/driver_images_real/texting_phone_0351.jpg,texting_phone
data/processed/driver_images_real/texting_phone_0352.jpg,texting_phone
data/processed/driver_images_real/texting_phone_0353.jpg,texting_phone
data/processed/driver_images_real/texting_phone_0354.jpg,texting_phone
data/processed/driver_images_real/texting_phone_0355.jpg,texting_phone
data/processed/driver_images_real/texting_phone_0356.jpg,texting_phone
data/processed/driver_images_real/texting_phone_0357.jpg,texting_phone
data/processed/driver_images_real/texting_phone_0358.jpg,texting_phone
data/processed/driver_images_real/texting_phone_0359.jpg,texting_phone
data/processed/driver_images_real/texting_phone_0360.jpg,texting_phone
data/processed/driver_images_real/texting_phone_0361.jpg,texting_phone
data/processed/driver_images_real/texting_phone_0362.jpg,texting_phone
data/processed/driver_images_real/texting_phone_0363.jpg,texting_phone
data/processed/driver_images_real/texting_phone_0364.jpg,texting_phone
data/processed/driver_images_real/texting_phone_0365.jpg,texting_phone
data/processed/driver_images_real/texting_phone_0366.jpg,texting_phone
data/processed/driver_images_real/texting_phone_0367.jpg,texting_phone
data/processed/driver_images_real/texting_phone_0368.jpg,texting_phone
data/processed/driver_images_real/texting_phone_0369.jpg,texting_phone
data/processed/driver_images_real/texting_phone_0370.jpg,texting_phone
data/processed/driver_images_real/texting_phone_0371.jpg,texting_phone
data/processed/driver_images_real/texting_phone_0372.jpg,texting_phone
data/processed/driver_images_real/texting_phone_0373.jpg,texting_phone
data/processed/driver_images_real/texting_phone_0374.jpg,texting_phone
data/processed/driver_images_real/texting_phone_0375.jpg,texting_phone
data/processed/driver_images_real/texting_phone_0376.jpg,texting_phone
data/processed/driver_images_real/texting_phone_0377.jpg,texting_phone
data/processed/driver_images_real/texting_phone_0378.jpg,texting_phone
data/processed/driver_images_real/texting_phone_0379.jpg,texting_phone
data/processed/driver_images_real/texting_phone_0380.jpg,texting_phone
data/processed/driver_images_real/texting_phone_0381.jpg,texting_phone
data/processed/driver_images_real/texting_phone_0382.jpg,texting_phone
data/processed/driver_images_real/texting_phone_0383.jpg,texting_phone
data/processed/driver_images_real/texting_phone_0384.jpg,texting_phone
data/processed/driver_images_real/texting_phone_0385.jpg,texting_phone
data/processed/driver_images_real/texting_phone_0386.jpg,texting_phone
data/processed/driver_images_real/texting_phone_0387.jpg,texting_phone
data/processed/driver_images_real/texting_phone_0388.jpg,texting_phone
data/processed/driver_images_real/texting_phone_0389.jpg,texting_phone
data/processed/driver_images_real/texting_phone_0390.jpg,texting_phone
data/processed/driver_images_real/texting_phone_0391.jpg,texting_phone
data/processed/driver_images_real/texting_phone_0392.jpg,texting_phone
data/processed/driver_images_real/texting_phone_0393.jpg,texting_phone
data/processed/driver_images_real/texting_phone_0394.jpg,texting_phone
data/processed/driver_images_real/texting_phone_0395.jpg,texting_phone
data/processed/driver_images_real/texting_phone_0396.jpg,texting_phone
data/processed/driver_images_real/texting_phone_0397.jpg,texting_phone
data/processed/driver_images_real/texting_phone_0398.jpg,texting_phone
data/processed/driver_images_real/texting_phone_0399.jpg,texting_phone
data/processed/driver_images_real/texting_phone_0400.jpg,texting_phone
data/processed/driver_images_real/texting_phone_0401.jpg,texting_phone
data/processed/driver_images_real/texting_phone_0402.jpg,texting_phone
data/processed/driver_images_real/texting_phone_0403.jpg,texting_phone
data/processed/driver_images_real/texting_phone_0404.jpg,texting_phone
data/processed/driver_images_real/texting_phone_0405.jpg,texting_phone
data/processed/driver_images_real/texting_phone_0406.jpg,texting_phone
data/processed/driver_images_real/texting_phone_0407.jpg,texting_phone
data/processed/driver_images_real/texting_phone_0408.jpg,texting_phone
data/processed/driver_images_real/texting_phone_0409.jpg,texting_phone
data/processed/driver_images_real/texting_phone_0410.jpg,texting_phone
data/processed/driver_images_real/texting_phone_0411.jpg,texting_phone
data/processed/driver_images_real/texting_phone_0412.jpg,texting_phone
data/processed/driver_images_real/texting_phone_0413.jpg,texting_phone
data/processed/driver_images_real/texting_phone_0414.jpg,texting_phone
data/processed/driver_images_real/texting_phone_0415.jpg,texting_phone
data/processed/driver_images_real/texting_phone_0416.jpg,texting_phone
data/processed/driver_images_real/texting_phone_0417.jpg,texting_phone
data/processed/driver_images_real/texting_phone_0418.jpg,texting_phone
data/processed/driver_images_real/texting_phone_0419.jpg,texting_phone
data/processed/driver_images_real/texting_phone_0420.jpg,texting_phone
data/processed/driver_images_real/texting_phone_0421.jpg,texting_phone
data/processed/driver_images_real/texting_phone_0422.jpg,texting_phone
data/processed/driver_images_real/texting_phone_0423.jpg,texting_phone
data/processed/driver_images_real/texting_phone_0424.jpg,texting_phone
data/processed/driver_images_real/texting_phone_0425.jpg,texting_phone
data/processed/driver_images_real/texting_phone_0426.jpg,texting_phone
data/processed/driver_images_real/texting_phone_0427.jpg,texting_phone
data/processed/driver_images_real/texting_phone_0428.jpg,texting_phone
data/processed/driver_images_real/texting_phone_0429.jpg,texting_phone
data/processed/driver_images_real/texting_phone_0430.jpg,texting_phone
data/processed/driver_images_real/texting_phone_0431.jpg,texting_phone
data/processed/driver_images_real/texting_phone_0432.jpg,texting_phone
data/processed/driver_images_real/texting_phone_0433.jpg,texting_phone
data/processed/driver_images_real/texting_phone_0434.jpg,texting_phone
data/processed/driver_images_real/texting_phone_0435.jpg,texting_phone
data/processed/driver_images_real/texting_phone_0436.jpg,texting_phone
data/processed/driver_images_real/texting_phone_0437.jpg,texting_phone
data/processed/driver_images_real/texting_phone_0438.jpg,texting_phone
data/processed/driver_images_real/texting_phone_0439.jpg,texting_phone
data/processed/driver_images_real/texting_phone_0440.jpg,texting_phone
data/processed/driver_images_real/texting_phone_0441.jpg,texting_phone
data/processed/driver_images_real/texting_phone_0442.jpg,texting_phone
data/processed/driver_images_real/texting_phone_0443.jpg,texting_phone
data/processed/driver_images_real/texting_phone_0444.jpg,texting_phone
data/processed/driver_images_real/texting_phone_0445.jpg,texting_phone
data/processed/driver_images_real/texting_phone_0446.jpg,texting_phone
data/processed/driver_images_real/texting_phone_0447.jpg,texting_phone
data/processed/driver_images_real/texting_phone_0448.jpg,texting_phone
data/processed/driver_images_real/texting_phone_0449.jpg,texting_phone
data/processed/driver_images_real/texting_phone_0450.jpg,texting_phone
data/processed/driver_images_real/texting_phone_0451.jpg,texting_phone
data/processed/driver_images_real/texting_phone_0452.jpg,texting_phone
data/processed/driver_images_real/texting_phone_0453.jpg,texting_phone
data/processed/driver_images_real/texting_phone_0454.jpg,texting_phone
data/processed/driver_images_real/texting_phone_0455.jpg,texting_phone
data/processed/driver_images_real/texting_phone_0456.jpg,texting_phone
data/processed/driver_images_real/texting_phone_0457.jpg,texting_phone
data/processed/driver_images_real/texting_phone_0458.jpg,texting_phone
data/processed/driver_images_real/texting_phone_0459.jpg,texting_phone
data/processed/driver_images_real/texting_phone_0460.jpg,texting_phone
data/processed/driver_images_real/texting_phone_0461.jpg,texting_phone
data/processed/driver_images_real/texting_phone_0462.jpg,texting_phone
data/processed/driver_images_real/texting_phone_0463.jpg,texting_phone
data/processed/driver_images_real/texting_phone_0464.jpg,texting_phone
data/processed/driver_images_real/texting_phone_0465.jpg,texting_phone
data/processed/driver_images_real/texting_phone_0466.jpg,texting_phone
data/processed/driver_images_real/texting_phone_0467.jpg,texting_phone
data/processed/driver_images_real/texting_phone_0468.jpg,texting_phone
data/processed/driver_images_real/texting_phone_0469.jpg,texting_phone
data/processed/driver_images_real/texting_phone_0470.jpg,texting_phone
data/processed/driver_images_real/texting_phone_0471.jpg,texting_phone
data/processed/driver_images_real/texting_phone_0472.jpg,texting_phone
data/processed/driver_images_real/texting_phone_0473.jpg,texting_phone
data/processed/driver_images_real/texting_phone_0474.jpg,texting_phone
data/processed/driver_images_real/texting_phone_0475.jpg,texting_phone
data/processed/driver_images_real/texting_phone_0476.jpg,texting_phone
data/processed/driver_images_real/texting_phone_0477.jpg,texting_phone
data/processed/driver_images_real/texting_phone_0478.jpg,texting_phone
data/processed/driver_images_real/texting_phone_0479.jpg,texting_phone
data/processed/driver_images_real/texting_phone_0480.jpg,texting_phone
data/processed/driver_images_real/texting_phone_0481.jpg,texting_phone
data/processed/driver_images_real/texting_phone_0482.jpg,texting_phone
data/processed/driver_images_real/texting_phone_0483.jpg,texting_phone
data/processed/driver_images_real/texting_phone_0484.jpg,texting_phone
data/processed/driver_images_real/texting_phone_0485.jpg,texting_phone
data/processed/driver_images_real/texting_phone_0486.jpg,texting_phone
data/processed/driver_images_real/texting_phone_0487.jpg,texting_phone
data/processed/driver_images_real/texting_phone_0488.jpg,texting_phone
data/processed/driver_images_real/texting_phone_0489.jpg,texting_phone
data/processed/driver_images_real/texting_phone_0490.jpg,texting_phone
data/processed/driver_images_real/texting_phone_0491.jpg,texting_phone
data/processed/driver_images_real/texting_phone_0492.jpg,texting_phone
data/processed/driver_images_real/texting_phone_0493.jpg,texting_phone
data/processed/driver_images_real/texting_phone_0494.jpg,texting_phone
data/processed/driver_images_real/texting_phone_0495.jpg,texting_phone
data/processed/driver_images_real/texting_phone_0496.jpg,texting_phone
data/processed/driver_images_real/texting_phone_0497.jpg,texting_phone
data/processed/driver_images_real/texting_phone_0498.jpg,texting_phone
data/processed/driver_images_real/texting_phone_0499.jpg,texting_phone
data/processed/driver_images_real/texting_phone_0500.jpg,texting_phone
data/processed/driver_images_real/texting_phone_0501.jpg,texting_phone
data/processed/driver_images_real/texting_phone_0502.jpg,texting_phone
data/processed/driver_images_real/texting_phone_0503.jpg,texting_phone
data/processed/driver_images_real/texting_phone_0504.jpg,texting_phone
data/processed/driver_images_real/texting_phone_0505.jpg,texting_phone
data/processed/driver_images_real/texting_phone_0506.jpg,texting_phone
data/processed/driver_images_real/texting_phone_0507.jpg,texting_phone
data/processed/driver_images_real/texting_phone_0508.jpg,texting_phone
data/processed/driver_images_real/texting_phone_0509.jpg,texting_phone
data/processed/driver_images_real/texting_phone_0510.jpg,texting_phone
data/processed/driver_images_real/texting_phone_0511.jpg,texting_phone
data/processed/driver_images_real/texting_phone_0512.jpg,texting_phone
data/processed/driver_images_real/texting_phone_0513.jpg,texting_phone
data/processed/driver_images_real/texting_phone_0514.jpg,texting_phone
data/processed/driver_images_real/texting_phone_0515.jpg,texting_phone
data/processed/driver_images_real/texting_phone_0516.jpg,texting_phone
data/processed/driver_images_real/texting_phone_0517.jpg,texting_phone
data/processed/driver_images_real/texting_phone_0518.jpg,texting_phone
data/processed/driver_images_real/texting_phone_0519.jpg,texting_phone
data/processed/driver_images_real/texting_phone_0520.jpg,texting_phone
data/processed/driver_images_real/texting_phone_0521.jpg,texting_phone
data/processed/driver_images_real/texting_phone_0522.jpg,texting_phone
data/processed/driver_images_real/texting_phone_0523.jpg,texting_phone
data/processed/driver_images_real/texting_phone_0524.jpg,texting_phone
data/processed/driver_images_real/texting_phone_0525.jpg,texting_phone
data/processed/driver_images_real/texting_phone_0526.jpg,texting_phone
data/processed/driver_images_real/texting_phone_0527.jpg,texting_phone
data/processed/driver_images_real/texting_phone_0528.jpg,texting_phone
data/processed/driver_images_real/texting_phone_0529.jpg,texting_phone
data/processed/driver_images_real/texting_phone_0530.jpg,texting_phone
data/processed/driver_images_real/texting_phone_0531.jpg,texting_phone
data/processed/driver_images_real/texting_phone_0532.jpg,texting_phone
data/processed/driver_images_real/texting_phone_0533.jpg,texting_phone
data/processed/driver_images_real/texting_phone_0534.jpg,texting_phone
data/processed/driver_images_real/texting_phone_0535.jpg,texting_phone
data/processed/driver_images_real/texting_phone_0536.jpg,texting_phone
data/processed/driver_images_real/texting_phone_0537.jpg,texting_phone
data/processed/driver_images_real/texting_phone_0538.jpg,texting_phone
data/processed/driver_images_real/texting_phone_0539.jpg,texting_phone
data/processed/driver_images_real/texting_phone_0540.jpg,texting_phone
data/processed/driver_images_real/texting_phone_0541.jpg,texting_phone
data/processed/driver_images_real/texting_phone_0542.jpg,texting_phone
data/processed/driver_images_real/texting_phone_0543.jpg,texting_phone
data/processed/driver_images_real/texting_phone_0544.jpg,texting_phone
data/processed/driver_images_real/texting_phone_0545.jpg,texting_phone
data/processed/driver_images_real/texting_phone_0546.jpg,texting_phone
data/processed/driver_images_real/texting_phone_0547.jpg,texting_phone
data/processed/driver_images_real/texting_phone_0548.jpg,texting_phone
data/processed/driver_images_real/texting_phone_0549.jpg,texting_phone
data/processed/driver_images_real/texting_phone_0550.jpg,texting_phone
data/processed/driver_images_real/texting_phone_0551.jpg,texting_phone
data/processed/driver_images_real/texting_phone_0552.jpg,texting_phone
data/processed/driver_images_real/texting_phone_0553.jpg,texting_phone
data/processed/driver_images_real/texting_phone_0554.jpg,texting_phone
data/processed/driver_images_real/texting_phone_0555.jpg,texting_phone
data/processed/driver_images_real/texting_phone_0556.jpg,texting_phone
data/processed/driver_images_real/texting_phone_0557.jpg,texting_phone
data/processed/driver_images_real/texting_phone_0558.jpg,texting_phone
data/processed/driver_images_real/texting_phone_0559.jpg,texting_phone
data/processed/driver_images_real/texting_phone_0560.jpg,texting_phone
data/processed/driver_images_real/texting_phone_0561.jpg,texting_phone
data/processed/driver_images_real/texting_phone_0562.jpg,texting_phone
data/processed/driver_images_real/texting_phone_0563.jpg,texting_phone
data/processed/driver_images_real/texting_phone_0564.jpg,texting_phone
data/processed/driver_images_real/texting_phone_0565.jpg,texting_phone
data/processed/driver_images_real/texting_phone_0566.jpg,texting_phone
data/processed/driver_images_real/texting_phone_0567.jpg,texting_phone
data/processed/driver_images_real/texting_phone_0568.jpg,texting_phone
data/processed/driver_images_real/texting_phone_0569.jpg,texting_phone
data/processed/driver_images_real/texting_phone_0570.jpg,texting_phone
data/processed/driver_images_real/texting_phone_0571.jpg,texting_phone
data/processed/driver_images_real/texting_phone_0572.jpg,texting_phone
data/processed/driver_images_real/texting_phone_0573.jpg,texting_phone
data/processed/driver_images_real/texting_phone_0574.jpg,texting_phone
data/processed/driver_images_real/texting_phone_0575.jpg,texting_phone
data/processed/driver_images_real/texting_phone_0576.jpg,texting_phone
data/processed/driver_images_real/texting_phone_0577.jpg,texting_phone
data/processed/driver_images_real/texting_phone_0578.jpg,texting_phone
data/processed/driver_images_real/texting_phone_0579.jpg,texting_phone
data/processed/driver_images_real/texting_phone_0580.jpg,texting_phone
data/processed/driver_images_real/texting_phone_0581.jpg,texting_phone
data/processed/driver_images_real/texting_phone_0582.jpg,texting_phone
data/processed/driver_images_real/texting_phone_0583.jpg,texting_phone
data/processed/driver_images_real/texting_phone_0584.jpg,texting_phone
data/processed/driver_images_real/texting_phone_0585.jpg,texting_phone
data/processed/driver_images_real/texting_phone_0586.jpg,texting_phone
data/processed/driver_images_real/texting_phone_0587.jpg,texting_phone
data/processed/driver_images_real/texting_phone_0588.jpg,texting_phone
data/processed/driver_images_real/texting_phone_0589.jpg,texting_phone
data/processed/driver_images_real/texting_phone_0590.jpg,texting_phone
data/processed/driver_images_real/texting_phone_0591.jpg,texting_phone
data/processed/driver_images_real/texting_phone_0592.jpg,texting_phone
data/processed/driver_images_real/texting_phone_0593.jpg,texting_phone
data/processed/driver_images_real/texting_phone_0594.jpg,texting_phone
data/processed/driver_images_real/texting_phone_0595.jpg,texting_phone
data/processed/driver_images_real/texting_phone_0596.jpg,texting_phone
data/processed/driver_images_real/texting_phone_0597.jpg,texting_phone
data/processed/driver_images_real/texting_phone_0598.jpg,texting_phone
data/processed/driver_images_real/texting_phone_0599.jpg,texting_phone
data/processed/driver_images_real/texting_phone_0600.jpg,texting_phone
data/processed/driver_images_real/texting_phone_0601.jpg,texting_phone
data/processed/driver_images_real/texting_phone_0602.jpg,texting_phone
data/processed/driver_images_real/texting_phone_0603.jpg,texting_phone
data/processed/driver_images_real/texting_phone_0604.jpg,texting_phone
data/processed/driver_images_real/texting_phone_0605.jpg,texting_phone
data/processed/driver_images_real/texting_phone_0606.jpg,texting_phone
data/processed/driver_images_real/texting_phone_0607.jpg,texting_phone
data/processed/driver_images_real/texting_phone_0608.jpg,texting_phone
data/processed/driver_images_real/texting_phone_0609.jpg,texting_phone
data/processed/driver_images_real/texting_phone_0610.jpg,texting_phone
data/processed/driver_images_real/texting_phone_0611.jpg,texting_phone
data/processed/driver_images_real/texting_phone_0612.jpg,texting_phone
data/processed/driver_images_real/texting_phone_0613.jpg,texting_phone
data/processed/driver_images_real/texting_phone_0614.jpg,texting_phone
data/processed/driver_images_real/texting_phone_0615.jpg,texting_phone
data/processed/driver_images_real/texting_phone_0616.jpg,texting_phone
data/processed/driver_images_real/texting_phone_0617.jpg,texting_phone
data/processed/driver_images_real/texting_phone_0618.jpg,texting_phone
data/processed/driver_images_real/texting_phone_0619.jpg,texting_phone
data/processed/driver_images_real/texting_phone_0620.jpg,texting_phone
data/processed/driver_images_real/texting_phone_0621.jpg,texting_phone
data/processed/driver_images_real/texting_phone_0622.jpg,texting_phone
data/processed/driver_images_real/texting_phone_0623.jpg,texting_phone
data/processed/driver_images_real/texting_phone_0624.jpg,texting_phone
data/processed/driver_images_real/texting_phone_0625.jpg,texting_phone
data/processed/driver_images_real/texting_phone_0626.jpg,texting_phone
data/processed/driver_images_real/texting_phone_0627.jpg,texting_phone
data/processed/driver_images_real/texting_phone_0628.jpg,texting_phone
data/processed/driver_images_real/texting_phone_0629.jpg,texting_phone
data/processed/driver_images_real/texting_phone_0630.jpg,texting_phone
data/processed/driver_images_real/texting_phone_0631.jpg,texting_phone
data/processed/driver_images_real/texting_phone_0632.jpg,texting_phone
data/processed/driver_images_real/texting_phone_0633.jpg,texting_phone
data/processed/driver_images_real/texting_phone_0634.jpg,texting_phone
data/processed/driver_images_real/texting_phone_0635.jpg,texting_phone
data/processed/driver_images_real/texting_phone_0636.jpg,texting_phone
data/processed/driver_images_real/texting_phone_0637.jpg,texting_phone
data/processed/driver_images_real/texting_phone_0638.jpg,texting_phone
data/processed/driver_images_real/texting_phone_0639.jpg,texting_phone
data/processed/driver_images_real/texting_phone_0640.jpg,texting_phone
data/processed/driver_images_real/texting_phone_0641.jpg,texting_phone
data/processed/driver_images_real/texting_phone_0642.jpg,texting_phone
data/processed/driver_images_real/texting_phone_0643.jpg,texting_phone
data/processed/driver_images_real/texting_phone_0644.jpg,texting_phone
data/processed/driver_images_real/texting_phone_0645.jpg,texting_phone
data/processed/driver_images_real/texting_phone_0646.jpg,texting_phone
data/processed/driver_images_real/texting_phone_0647.jpg,texting_phone
data/processed/driver_images_real/texting_phone_0648.jpg,texting_phone
data/processed/driver_images_real/texting_phone_0649.jpg,texting_phone
data/processed/driver_images_real/texting_phone_0650.jpg,texting_phone
data/processed/driver_images_real/texting_phone_0651.jpg,texting_phone
data/processed/driver_images_real/texting_phone_0652.jpg,texting_phone
data/processed/driver_images_real/texting_phone_0653.jpg,texting_phone
data/processed/driver_images_real/texting_phone_0654.jpg,texting_phone
data/processed/driver_images_real/texting_phone_0655.jpg,texting_phone
data/processed/driver_images_real/texting_phone_0656.jpg,texting_phone
data/processed/driver_images_real/texting_phone_0657.jpg,texting_phone
data/processed/driver_images_real/texting_phone_0658.jpg,texting_phone
data/processed/driver_images_real/texting_phone_0659.jpg,texting_phone
data/processed/driver_images_real/texting_phone_0660.jpg,texting_phone
data/processed/driver_images_real/texting_phone_0661.jpg,texting_phone
data/processed/driver_images_real/texting_phone_0662.jpg,texting_phone
data/processed/driver_images_real/texting_phone_0663.jpg,texting_phone
data/processed/driver_images_real/texting_phone_0664.jpg,texting_phone
data/processed/driver_images_real/texting_phone_0665.jpg,texting_phone
data/processed/driver_images_real/texting_phone_0666.jpg,texting_phone
data/processed/driver_images_real/texting_phone_0667.jpg,texting_phone
data/processed/driver_images_real/texting_phone_0668.jpg,texting_phone
data/processed/driver_images_real/texting_phone_0669.jpg,texting_phone
data/processed/driver_images_real/texting_phone_0670.jpg,texting_phone
data/processed/driver_images_real/texting_phone_0671.jpg,texting_phone
data/processed/driver_images_real/texting_phone_0672.jpg,texting_phone
data/processed/driver_images_real/texting_phone_0673.jpg,texting_phone
data/processed/driver_images_real/texting_phone_0674.jpg,texting_phone
data/processed/driver_images_real/texting_phone_0675.jpg,texting_phone
data/processed/driver_images_real/texting_phone_0676.jpg,texting_phone
data/processed/driver_images_real/texting_phone_0677.jpg,texting_phone
data/processed/driver_images_real/texting_phone_0678.jpg,texting_phone
data/processed/driver_images_real/texting_phone_0679.jpg,texting_phone
data/processed/driver_images_real/texting_phone_0680.jpg,texting_phone
data/processed/driver_images_real/texting_phone_0681.jpg,texting_phone
data/processed/driver_images_real/texting_phone_0682.jpg,texting_phone
data/processed/driver_images_real/texting_phone_0683.jpg,texting_phone
data/processed/driver_images_real/texting_phone_0684.jpg,texting_phone
data/processed/driver_images_real/texting_phone_0685.jpg,texting_phone
data/processed/driver_images_real/texting_phone_0686.jpg,texting_phone
data/processed/driver_images_real/texting_phone_0687.jpg,texting_phone
data/processed/driver_images_real/texting_phone_0688.jpg,texting_phone
data/processed/driver_images_real/texting_phone_0689.jpg,texting_phone
data/processed/driver_images_real/texting_phone_0690.jpg,texting_phone
data/processed/driver_images_real/texting_phone_0691.jpg,texting_phone
data/processed/driver_images_real/texting_phone_0692.jpg,texting_phone
data/processed/driver_images_real/texting_phone_0693.jpg,texting_phone
data/processed/driver_images_real/texting_phone_0694.jpg,texting_phone
data/processed/driver_images_real/texting_phone_0695.jpg,texting_phone
data/processed/driver_images_real/texting_phone_0696.jpg,texting_phone
data/processed/driver_images_real/texting_phone_0697.jpg,texting_phone
data/processed/driver_images_real/texting_phone_0698.jpg,texting_phone
data/processed/driver_images_real/texting_phone_0699.jpg,texting_phone
data/processed/driver_images_real/texting_phone_0700.jpg,texting_phone
data/processed/driver_images_real/texting_phone_0701.jpg,texting_phone
data/processed/driver_images_real/texting_phone_0702.jpg,texting_phone
data/processed/driver_images_real/texting_phone_0703.jpg,texting_phone
data/processed/driver_images_real/texting_phone_0704.jpg,texting_phone
data/processed/driver_images_real/texting_phone_0705.jpg,texting_phone
data/processed/driver_images_real/texting_phone_0706.jpg,texting_phone
data/processed/driver_images_real/texting_phone_0707.jpg,texting_phone
data/processed/driver_images_real/texting_phone_0708.jpg,texting_phone
data/processed/driver_images_real/texting_phone_0709.jpg,texting_phone
data/processed/driver_images_real/texting_phone_0710.jpg,texting_phone
data/processed/driver_images_real/texting_phone_0711.jpg,texting_phone
data/processed/driver_images_real/texting_phone_0712.jpg,texting_phone
data/processed/driver_images_real/texting_phone_0713.jpg,texting_phone
data/processed/driver_images_real/texting_phone_0714.jpg,texting_phone
data/processed/driver_images_real/texting_phone_0715.jpg,texting_phone
data/processed/driver_images_real/texting_phone_0716.jpg,texting_phone
data/processed/driver_images_real/texting_phone_0717.jpg,texting_phone
data/processed/driver_images_real/texting_phone_0718.jpg,texting_phone
data/processed/driver_images_real/texting_phone_0719.jpg,texting_phone
data/processed/driver_images_real/texting_phone_0720.jpg,texting_phone
data/processed/driver_images_real/texting_phone_0721.jpg,texting_phone
data/processed/driver_images_real/texting_phone_0722.jpg,texting_phone
data/processed/driver_images_real/texting_phone_0723.jpg,texting_phone
data/processed/driver_images_real/texting_phone_0724.jpg,texting_phone
data/processed/driver_images_real/texting_phone_0725.jpg,texting_phone
data/processed/driver_images_real/texting_phone_0726.jpg,texting_phone
data/processed/driver_images_real/texting_phone_0727.jpg,texting_phone
data/processed/driver_images_real/texting_phone_0728.jpg,texting_phone
data/processed/driver_images_real/texting_phone_0729.jpg,texting_phone
data/processed/driver_images_real/texting_phone_0730.jpg,texting_phone
data/processed/driver_images_real/texting_phone_0731.jpg,texting_phone
data/processed/driver_images_real/texting_phone_0732.jpg,texting_phone
data/processed/driver_images_real/texting_phone_0733.jpg,texting_phone
data/processed/driver_images_real/texting_phone_0734.jpg,texting_phone
data/processed/driver_images_real/texting_phone_0735.jpg,texting_phone
data/processed/driver_images_real/texting_phone_0736.jpg,texting_phone
data/processed/driver_images_real/texting_phone_0737.jpg,texting_phone
data/processed/driver_images_real/texting_phone_0738.jpg,texting_phone
data/processed/driver_images_real/texting_phone_0739.jpg,texting_phone
data/processed/driver_images_real/texting_phone_0740.jpg,texting_phone
data/processed/driver_images_real/texting_phone_0741.jpg,texting_phone
data/processed/driver_images_real/texting_phone_0742.jpg,texting_phone
data/processed/driver_images_real/texting_phone_0743.jpg,texting_phone
data/processed/driver_images_real/texting_phone_0744.jpg,texting_phone
data/processed/driver_images_real/texting_phone_0745.jpg,texting_phone
data/processed/driver_images_real/texting_phone_0746.jpg,texting_phone
data/processed/driver_images_real/texting_phone_0747.jpg,texting_phone
data/processed/driver_images_real/texting_phone_0748.jpg,texting_phone
data/processed/driver_images_real/texting_phone_0749.jpg,texting_phone
data/processed/driver_images_real/texting_phone_0750.jpg,texting_phone
data/processed/driver_images_real/texting_phone_0751.jpg,texting_phone
data/processed/driver_images_real/texting_phone_0752.jpg,texting_phone
data/processed/driver_images_real/texting_phone_0753.jpg,texting_phone
data/processed/driver_images_real/texting_phone_0754.jpg,texting_phone
data/processed/driver_images_real/texting_phone_0755.jpg,texting_phone
data/processed/driver_images_real/texting_phone_0756.jpg,texting_phone
data/processed/driver_images_real/texting_phone_0757.jpg,texting_phone
data/processed/driver_images_real/texting_phone_0758.jpg,texting_phone
data/processed/driver_images_real/texting_phone_0759.jpg,texting_phone
data/processed/driver_images_real/texting_phone_0760.jpg,texting_phone
data/processed/driver_images_real/texting_phone_0761.jpg,texting_phone
data/processed/driver_images_real/texting_phone_0762.jpg,texting_phone
data/processed/driver_images_real/texting_phone_0763.jpg,texting_phone
data/processed/driver_images_real/texting_phone_0764.jpg,texting_phone
data/processed/driver_images_real/texting_phone_0765.jpg,texting_phone
data/processed/driver_images_real/texting_phone_0766.jpg,texting_phone
data/processed/driver_images_real/texting_phone_0767.jpg,texting_phone
data/processed/driver_images_real/texting_phone_0768.jpg,texting_phone
data/processed/driver_images_real/texting_phone_0769.jpg,texting_phone
data/processed/driver_images_real/texting_phone_0770.jpg,texting_phone
data/processed/driver_images_real/texting_phone_0771.jpg,texting_phone
data/processed/driver_images_real/texting_phone_0772.jpg,texting_phone
data/processed/driver_images_real/texting_phone_0773.jpg,texting_phone
data/processed/driver_images_real/texting_phone_0774.jpg,texting_phone
data/processed/driver_images_real/texting_phone_0775.jpg,texting_phone
data/processed/driver_images_real/texting_phone_0776.jpg,texting_phone
data/processed/driver_images_real/texting_phone_0777.jpg,texting_phone
data/processed/driver_images_real/texting_phone_0778.jpg,texting_phone
data/processed/driver_images_real/texting_phone_0779.jpg,texting_phone
data/processed/driver_images_real/texting_phone_0780.jpg,texting_phone
data/processed/driver_images_real/texting_phone_0781.jpg,texting_phone
data/processed/driver_images_real/texting_phone_0782.jpg,texting_phone
data/processed/driver_images_real/texting_phone_0783.jpg,texting_phone
data/processed/driver_images_real/texting_phone_0784.jpg,texting_phone
data/processed/driver_images_real/texting_phone_0785.jpg,texting_phone
data/processed/driver_images_real/texting_phone_0786.jpg,texting_phone
data/processed/driver_images_real/texting_phone_0787.jpg,texting_phone
data/processed/driver_images_real/texting_phone_0788.jpg,texting_phone
data/processed/driver_images_real/texting_phone_0789.jpg,texting_phone
data/processed/driver_images_real/texting_phone_0790.jpg,texting_phone
data/processed/driver_images_real/texting_phone_0791.jpg,texting_phone
data/processed/driver_images_real/texting_phone_0792.jpg,texting_phone
data/processed/driver_images_real/texting_phone_0793.jpg,texting_phone
data/processed/driver_images_real/texting_phone_0794.jpg,texting_phone
data/processed/driver_images_real/texting_phone_0795.jpg,texting_phone
data/processed/driver_images_real/texting_phone_0796.jpg,texting_phone
data/processed/driver_images_real/texting_phone_0797.jpg,texting_phone
data/processed/driver_images_real/texting_phone_0798.jpg,texting_phone
data/processed/driver_images_real/texting_phone_0799.jpg,texting_phone
data/processed/driver_images_real/texting_phone_0800.jpg,texting_phone
data/processed/driver_images_real/texting_phone_0801.jpg,texting_phone
data/processed/driver_images_real/texting_phone_0802.jpg,texting_phone
data/processed/driver_images_real/texting_phone_0803.jpg,texting_phone
data/processed/driver_images_real/texting_phone_0804.jpg,texting_phone
data/processed/driver_images_real/texting_phone_0805.jpg,texting_phone
data/processed/driver_images_real/texting_phone_0806.jpg,texting_phone
data/processed/driver_images_real/texting_phone_0807.jpg,texting_phone
data/processed/driver_images_real/texting_phone_0808.jpg,texting_phone
data/processed/driver_images_real/texting_phone_0809.jpg,texting_phone
data/processed/driver_images_real/texting_phone_0810.jpg,texting_phone
data/processed/driver_images_real/texting_phone_0811.jpg,texting_phone
data/processed/driver_images_real/texting_phone_0812.jpg,texting_phone
data/processed/driver_images_real/texting_phone_0813.jpg,texting_phone
data/processed/driver_images_real/texting_phone_0814.jpg,texting_phone
data/processed/driver_images_real/texting_phone_0815.jpg,texting_phone
data/processed/driver_images_real/texting_phone_0816.jpg,texting_phone
data/processed/driver_images_real/texting_phone_0817.jpg,texting_phone
data/processed/driver_images_real/texting_phone_0818.jpg,texting_phone
data/processed/driver_images_real/texting_phone_0819.jpg,texting_phone
data/processed/driver_images_real/texting_phone_0820.jpg,texting_phone
data/processed/driver_images_real/texting_phone_0821.jpg,texting_phone
data/processed/driver_images_real/texting_phone_0822.jpg,texting_phone
data/processed/driver_images_real/texting_phone_0823.jpg,texting_phone
data/processed/driver_images_real/texting_phone_0824.jpg,texting_phone
data/processed/driver_images_real/texting_phone_0825.jpg,texting_phone
data/processed/driver_images_real/texting_phone_0826.jpg,texting_phone
data/processed/driver_images_real/texting_phone_0827.jpg,texting_phone
data/processed/driver_images_real/texting_phone_0828.jpg,texting_phone
data/processed/driver_images_real/texting_phone_0829.jpg,texting_phone
data/processed/driver_images_real/texting_phone_0830.jpg,texting_phone
data/processed/driver_images_real/texting_phone_0831.jpg,texting_phone
data/processed/driver_images_real/texting_phone_0832.jpg,texting_phone
data/processed/driver_images_real/texting_phone_0833.jpg,texting_phone
data/processed/driver_images_real/texting_phone_0834.jpg,texting_phone
data/processed/driver_images_real/texting_phone_0835.jpg,texting_phone
data/processed/driver_images_real/texting_phone_0836.jpg,texting_phone
data/processed/driver_images_real/texting_phone_0837.jpg,texting_phone
data/processed/driver_images_real/texting_phone_0838.jpg,texting_phone
data/processed/driver_images_real/texting_phone_0839.jpg,texting_phone
data/processed/driver_images_real/texting_phone_0840.jpg,texting_phone
data/processed/driver_images_real/texting_phone_0841.jpg,texting_phone
data/processed/driver_images_real/texting_phone_0842.jpg,texting_phone
data/processed/driver_images_real/texting_phone_0843.jpg,texting_phone
data/processed/driver_images_real/texting_phone_0844.jpg,texting_phone
data/processed/driver_images_real/texting_phone_0845.jpg,texting_phone
data/processed/driver_images_real/texting_phone_0846.jpg,texting_phone
data/processed/driver_images_real/texting_phone_0847.jpg,texting_phone
data/processed/driver_images_real/texting_phone_0848.jpg,texting_phone
data/processed/driver_images_real/texting_phone_0849.jpg,texting_phone
data/processed/driver_images_real/texting_phone_0850.jpg,texting_phone
data/processed/driver_images_real/texting_phone_0851.jpg,texting_phone
data/processed/driver_images_real/texting_phone_0852.jpg,texting_phone
data/processed/driver_images_real/texting_phone_0853.jpg,texting_phone
data/processed/driver_images_real/texting_phone_0854.jpg,texting_phone
data/processed/driver_images_real/texting_phone_0855.jpg,texting_phone
data/processed/driver_images_real/texting_phone_0856.jpg,texting_phone
data/processed/driver_images_real/texting_phone_0857.jpg,texting_phone
data/processed/driver_images_real/texting_phone_0858.jpg,texting_phone
data/processed/driver_images_real/texting_phone_0859.jpg,texting_phone
data/processed/driver_images_real/texting_phone_0860.jpg,texting_phone
data/processed/driver_images_real/texting_phone_0861.jpg,texting_phone
data/processed/driver_images_real/texting_phone_0862.jpg,texting_phone
data/processed/driver_images_real/texting_phone_0863.jpg,texting_phone
data/processed/driver_images_real/texting_phone_0864.jpg,texting_phone
data/processed/driver_images_real/texting_phone_0865.jpg,texting_phone
data/processed/driver_images_real/texting_phone_0866.jpg,texting_phone
data/processed/driver_images_real/texting_phone_0867.jpg,texting_phone
data/processed/driver_images_real/texting_phone_0868.jpg,texting_phone
data/processed/driver_images_real/texting_phone_0869.jpg,texting_phone
data/processed/driver_images_real/texting_phone_0870.jpg,texting_phone
data/processed/driver_images_real/texting_phone_0871.jpg,texting_phone
data/processed/driver_images_real/texting_phone_0872.jpg,texting_phone
data/processed/driver_images_real/texting_phone_0873.jpg,texting_phone
data/processed/driver_images_real/texting_phone_0874.jpg,texting_phone
data/processed/driver_images_real/texting_phone_0875.jpg,texting_phone
data/processed/driver_images_real/texting_phone_0876.jpg,texting_phone
data/processed/driver_images_real/texting_phone_0877.jpg,texting_phone
data/processed/driver_images_real/texting_phone_0878.jpg,texting_phone
data/processed/driver_images_real/texting_phone_0879.jpg,texting_phone
data/processed/driver_images_real/texting_phone_0880.jpg,texting_phone
data/processed/driver_images_real/texting_phone_0881.jpg,texting_phone
data/processed/driver_images_real/texting_phone_0882.jpg,texting_phone
data/processed/driver_images_real/texting_phone_0883.jpg,texting_phone
data/processed/driver_images_real/texting_phone_0884.jpg,texting_phone
data/processed/driver_images_real/texting_phone_0885.jpg,texting_phone
data/processed/driver_images_real/texting_phone_0886.jpg,texting_phone
data/processed/driver_images_real/texting_phone_0887.jpg,texting_phone
data/processed/driver_images_real/texting_phone_0888.jpg,texting_phone
data/processed/driver_images_real/texting_phone_0889.jpg,texting_phone
data/processed/driver_images_real/texting_phone_0890.jpg,texting_phone
data/processed/driver_images_real/texting_phone_0891.jpg,texting_phone
data/processed/driver_images_real/texting_phone_0892.jpg,texting_phone
data/processed/driver_images_real/texting_phone_0893.jpg,texting_phone
data/processed/driver_images_real/texting_phone_0894.jpg,texting_phone
data/processed/driver_images_real/texting_phone_0895.jpg,texting_phone
data/processed/driver_images_real/texting_phone_0896.jpg,texting_phone
data/processed/driver_images_real/texting_phone_0897.jpg,texting_phone
data/processed/driver_images_real/texting_phone_0898.jpg,texting_phone
data/processed/driver_images_real/texting_phone_0899.jpg,texting_phone
data/processed/driver_images_real/texting_phone_0900.jpg,texting_phone
data/processed/driver_images_real/texting_phone_0901.jpg,texting_phone
data/processed/driver_images_real/texting_phone_0902.jpg,texting_phone
data/processed/driver_images_real/texting_phone_0903.jpg,texting_phone
data/processed/driver_images_real/texting_phone_0904.jpg,texting_phone
data/processed/driver_images_real/texting_phone_0905.jpg,texting_phone
data/processed/driver_images_real/texting_phone_0906.jpg,texting_phone
data/processed/driver_images_real/texting_phone_0907.jpg,texting_phone
data/processed/driver_images_real/texting_phone_0908.jpg,texting_phone
data/processed/driver_images_real/texting_phone_0909.jpg,texting_phone
data/processed/driver_images_real/texting_phone_0910.jpg,texting_phone
data/processed/driver_images_real/texting_phone_0911.jpg,texting_phone
data/processed/driver_images_real/texting_phone_0912.jpg,texting_phone
data/processed/driver_images_real/texting_phone_0913.jpg,texting_phone
data/processed/driver_images_real/texting_phone_0914.jpg,texting_phone
data/processed/driver_images_real/texting_phone_0915.jpg,texting_phone
data/processed/driver_images_real/texting_phone_0916.jpg,texting_phone
data/processed/driver_images_real/texting_phone_0917.jpg,texting_phone
data/processed/driver_images_real/texting_phone_0918.jpg,texting_phone
data/processed/driver_images_real/texting_phone_0919.jpg,texting_phone
data/processed/driver_images_real/texting_phone_0920.jpg,texting_phone
data/processed/driver_images_real/texting_phone_0921.jpg,texting_phone
data/processed/driver_images_real/texting_phone_0922.jpg,texting_phone
data/processed/driver_images_real/texting_phone_0923.jpg,texting_phone
data/processed/driver_images_real/texting_phone_0924.jpg,texting_phone
data/processed/driver_images_real/texting_phone_0925.jpg,texting_phone
data/processed/driver_images_real/texting_phone_0926.jpg,texting_phone
data/processed/driver_images_real/texting_phone_0927.jpg,texting_phone
data/processed/driver_images_real/texting_phone_0928.jpg,texting_phone
data/processed/driver_images_real/texting_phone_0929.jpg,texting_phone
data/processed/driver_images_real/texting_phone_0930.jpg,texting_phone
data/processed/driver_images_real/texting_phone_0931.jpg,texting_phone
data/processed/driver_images_real/texting_phone_0932.jpg,texting_phone
data/processed/driver_images_real/texting_phone_0933.jpg,texting_phone
data/processed/driver_images_real/texting_phone_0934.jpg,texting_phone
data/processed/driver_images_real/texting_phone_0935.jpg,texting_phone
data/processed/driver_images_real/texting_phone_0936.jpg,texting_phone
data/processed/driver_images_real/texting_phone_0937.jpg,texting_phone
data/processed/driver_images_real/texting_phone_0938.jpg,texting_phone
data/processed/driver_images_real/texting_phone_0939.jpg,texting_phone
data/processed/driver_images_real/texting_phone_0940.jpg,texting_phone
data/processed/driver_images_real/texting_phone_0941.jpg,texting_phone
data/processed/driver_images_real/texting_phone_0942.jpg,texting_phone
data/processed/driver_images_real/texting_phone_0943.jpg,texting_phone
data/processed/driver_images_real/texting_phone_0944.jpg,texting_phone
data/processed/driver_images_real/texting_phone_0945.jpg,texting_phone
data/processed/driver_images_real/texting_phone_0946.jpg,texting_phone
data/processed/driver_images_real/texting_phone_0947.jpg,texting_phone
data/processed/driver_images_real/texting_phone_0948.jpg,texting_phone
data/processed/driver_images_real/texting_phone_0949.jpg,texting_phone
data/processed/driver_images_real/texting_phone_0950.jpg,texting_phone
data/processed/driver_images_real/texting_phone_0951.jpg,texting_phone
data/processed/driver_images_real/texting_phone_0952.jpg,texting_phone
data/processed/driver_images_real/texting_phone_0953.jpg,texting_phone
data/processed/driver_images_real/texting_phone_0954.jpg,texting_phone
data/processed/driver_images_real/texting_phone_0955.jpg,texting_phone
data/processed/driver_images_real/texting_phone_0956.jpg,texting_phone
data/processed/driver_images_real/texting_phone_0957.jpg,texting_phone
data/processed/driver_images_real/texting_phone_0958.jpg,texting_phone
data/processed/driver_images_real/texting_phone_0959.jpg,texting_phone
data/processed/driver_images_real/texting_phone_0960.jpg,texting_phone
data/processed/driver_images_real/texting_phone_0961.jpg,texting_phone
data/processed/driver_images_real/texting_phone_0962.jpg,texting_phone
data/processed/driver_images_real/texting_phone_0963.jpg,texting_phone
data/processed/driver_images_real/texting_phone_0964.jpg,texting_phone
data/processed/driver_images_real/texting_phone_0965.jpg,texting_phone
data/processed/driver_images_real/texting_phone_0966.jpg,texting_phone
data/processed/driver_images_real/texting_phone_0967.jpg,texting_phone
data/processed/driver_images_real/texting_phone_0968.jpg,texting_phone
data/processed/driver_images_real/texting_phone_0969.jpg,texting_phone
data/processed/driver_images_real/texting_phone_0970.jpg,texting_phone
data/processed/driver_images_real/texting_phone_0971.jpg,texting_phone
data/processed/driver_images_real/texting_phone_0972.jpg,texting_phone
data/processed/driver_images_real/texting_phone_0973.jpg,texting_phone
data/processed/driver_images_real/texting_phone_0974.jpg,texting_phone
data/processed/driver_images_real/texting_phone_0975.jpg,texting_phone
data/processed/driver_images_real/texting_phone_0976.jpg,texting_phone
data/processed/driver_images_real/texting_phone_0977.jpg,texting_phone
data/processed/driver_images_real/texting_phone_0978.jpg,texting_phone
data/processed/driver_images_real/texting_phone_0979.jpg,texting_phone
data/processed/driver_images_real/texting_phone_0980.jpg,texting_phone
data/processed/driver_images_real/texting_phone_0981.jpg,texting_phone
data/processed/driver_images_real/texting_phone_0982.jpg,texting_phone
data/processed/driver_images_real/texting_phone_0983.jpg,texting_phone
data/processed/driver_images_real/texting_phone_0984.jpg,texting_phone
data/processed/driver_images_real/texting_phone_0985.jpg,texting_phone
data/processed/driver_images_real/texting_phone_0986.jpg,texting_phone
data/processed/driver_images_real/texting_phone_0987.jpg,texting_phone
data/processed/driver_images_real/texting_phone_0988.jpg,texting_phone
data/processed/driver_images_real/texting_phone_0989.jpg,texting_phone
data/processed/driver_images_real/texting_phone_0990.jpg,texting_phone
data/processed/driver_images_real/texting_phone_0991.jpg,texting_phone
data/processed/driver_images_real/texting_phone_0992.jpg,texting_phone
data/processed/driver_images_real/texting_phone_0993.jpg,texting_phone
data/processed/driver_images_real/texting_phone_0994.jpg,texting_phone
data/processed/driver_images_real/texting_phone_0995.jpg,texting_phone
data/processed/driver_images_real/texting_phone_0996.jpg,texting_phone
data/processed/driver_images_real/texting_phone_0997.jpg,texting_phone
data/processed/driver_images_real/texting_phone_0998.jpg,texting_phone
data/processed/driver_images_real/texting_phone_0999.jpg,texting_phone
data/processed/driver_images_real/texting_phone_1000.jpg,texting_phone
data/processed/driver_images_real/texting_phone_1001.jpg,texting_phone
data/processed/driver_images_real/texting_phone_1002.jpg,texting_phone
data/processed/driver_images_real/texting_phone_1003.jpg,texting_phone
data/processed/driver_images_real/texting_phone_1004.jpg,texting_phone
data/processed/driver_images_real/texting_phone_1005.jpg,texting_phone
data/processed/driver_images_real/texting_phone_1006.jpg,texting_phone
data/processed/driver_images_real/texting_phone_1007.jpg,texting_phone
data/processed/driver_images_real/texting_phone_1008.jpg,texting_phone
data/processed/driver_images_real/texting_phone_1009.jpg,texting_phone
data/processed/driver_images_real/texting_phone_1010.jpg,texting_phone
data/processed/driver_images_real/texting_phone_1011.jpg,texting_phone
data/processed/driver_images_real/texting_phone_1012.jpg,texting_phone
data/processed/driver_images_real/texting_phone_1013.jpg,texting_phone
data/processed/driver_images_real/texting_phone_1014.jpg,texting_phone
data/processed/driver_images_real/texting_phone_1015.jpg,texting_phone
data/processed/driver_images_real/texting_phone_1016.jpg,texting_phone
data/processed/driver_images_real/texting_phone_1017.jpg,texting_phone
data/processed/driver_images_real/texting_phone_1018.jpg,texting_phone
data/processed/driver_images_real/texting_phone_1019.jpg,texting_phone
data/processed/driver_images_real/texting_phone_1020.jpg,texting_phone
data/processed/driver_images_real/texting_phone_1021.jpg,texting_phone
data/processed/driver_images_real/texting_phone_1022.jpg,texting_phone
data/processed/driver_images_real/texting_phone_1023.jpg,texting_phone
data/processed/driver_images_real/texting_phone_1024.jpg,texting_phone
data/processed/driver_images_real/texting_phone_1025.jpg,texting_phone
data/processed/driver_images_real/texting_phone_1026.jpg,texting_phone
data/processed/driver_images_real/texting_phone_1027.jpg,texting_phone
data/processed/driver_images_real/texting_phone_1028.jpg,texting_phone
data/processed/driver_images_real/texting_phone_1029.jpg,texting_phone
data/processed/driver_images_real/texting_phone_1030.jpg,texting_phone
data/processed/driver_images_real/texting_phone_1031.jpg,texting_phone
data/processed/driver_images_real/texting_phone_1032.jpg,texting_phone
data/processed/driver_images_real/texting_phone_1033.jpg,texting_phone
data/processed/driver_images_real/texting_phone_1034.jpg,texting_phone
data/processed/driver_images_real/texting_phone_1035.jpg,texting_phone
data/processed/driver_images_real/texting_phone_1036.jpg,texting_phone
data/processed/driver_images_real/texting_phone_1037.jpg,texting_phone
data/processed/driver_images_real/texting_phone_1038.jpg,texting_phone
data/processed/driver_images_real/texting_phone_1039.jpg,texting_phone
data/processed/driver_images_real/texting_phone_1040.jpg,texting_phone
data/processed/driver_images_real/texting_phone_1041.jpg,texting_phone
data/processed/driver_images_real/texting_phone_1042.jpg,texting_phone
data/processed/driver_images_real/texting_phone_1043.jpg,texting_phone
data/processed/driver_images_real/texting_phone_1044.jpg,texting_phone
data/processed/driver_images_real/texting_phone_1045.jpg,texting_phone
data/processed/driver_images_real/texting_phone_1046.jpg,texting_phone
data/processed/driver_images_real/texting_phone_1047.jpg,texting_phone
data/processed/driver_images_real/texting_phone_1048.jpg,texting_phone
data/processed/driver_images_real/texting_phone_1049.jpg,texting_phone
data/processed/driver_images_real/texting_phone_1050.jpg,texting_phone
data/processed/driver_images_real/texting_phone_1051.jpg,texting_phone
data/processed/driver_images_real/texting_phone_1052.jpg,texting_phone
data/processed/driver_images_real/texting_phone_1053.jpg,texting_phone
data/processed/driver_images_real/texting_phone_1054.jpg,texting_phone
data/processed/driver_images_real/texting_phone_1055.jpg,texting_phone
data/processed/driver_images_real/texting_phone_1056.jpg,texting_phone
data/processed/driver_images_real/texting_phone_1057.jpg,texting_phone
data/processed/driver_images_real/texting_phone_1058.jpg,texting_phone
data/processed/driver_images_real/texting_phone_1059.jpg,texting_phone
data/processed/driver_images_real/texting_phone_1060.jpg,texting_phone
data/processed/driver_images_real/texting_phone_1061.jpg,texting_phone
data/processed/driver_images_real/texting_phone_1062.jpg,texting_phone
data/processed/driver_images_real/texting_phone_1063.jpg,texting_phone
data/processed/driver_images_real/texting_phone_1064.jpg,texting_phone
data/processed/driver_images_real/texting_phone_1065.jpg,texting_phone
data/processed/driver_images_real/texting_phone_1066.jpg,texting_phone
data/processed/driver_images_real/texting_phone_1067.jpg,texting_phone
data/processed/driver_images_real/texting_phone_1068.jpg,texting_phone
data/processed/driver_images_real/texting_phone_1069.jpg,texting_phone
data/processed/driver_images_real/texting_phone_1070.jpg,texting_phone
data/processed/driver_images_real/texting_phone_1071.jpg,texting_phone
data/processed/driver_images_real/texting_phone_1072.jpg,texting_phone
data/processed/driver_images_real/texting_phone_1073.jpg,texting_phone
data/processed/driver_images_real/texting_phone_1074.jpg,texting_phone
data/processed/driver_images_real/texting_phone_1075.jpg,texting_phone
data/processed/driver_images_real/texting_phone_1076.jpg,texting_phone
data/processed/driver_images_real/texting_phone_1077.jpg,texting_phone
data/processed/driver_images_real/texting_phone_1078.jpg,texting_phone
data/processed/driver_images_real/texting_phone_1079.jpg,texting_phone
data/processed/driver_images_real/texting_phone_1080.jpg,texting_phone
data/processed/driver_images_real/texting_phone_1081.jpg,texting_phone
data/processed/driver_images_real/texting_phone_1082.jpg,texting_phone
data/processed/driver_images_real/texting_phone_1083.jpg,texting_phone
data/processed/driver_images_real/texting_phone_1084.jpg,texting_phone
data/processed/driver_images_real/texting_phone_1085.jpg,texting_phone
data/processed/driver_images_real/texting_phone_1086.jpg,texting_phone
data/processed/driver_images_real/texting_phone_1087.jpg,texting_phone
data/processed/driver_images_real/texting_phone_1088.jpg,texting_phone
data/processed/driver_images_real/texting_phone_1089.jpg,texting_phone
data/processed/driver_images_real/texting_phone_1090.jpg,texting_phone
data/processed/driver_images_real/texting_phone_1091.jpg,texting_phone
data/processed/driver_images_real/texting_phone_1092.jpg,texting_phone
data/processed/driver_images_real/texting_phone_1093.jpg,texting_phone
data/processed/driver_images_real/texting_phone_1094.jpg,texting_phone
data/processed/driver_images_real/texting_phone_1095.jpg,texting_phone
data/processed/driver_images_real/texting_phone_1096.jpg,texting_phone
data/processed/driver_images_real/texting_phone_1097.jpg,texting_phone
data/processed/driver_images_real/texting_phone_1098.jpg,texting_phone
data/processed/driver_images_real/texting_phone_1099.jpg,texting_phone
data/processed/driver_images_real/texting_phone_1100.jpg,texting_phone
data/processed/driver_images_real/texting_phone_1101.jpg,texting_phone
data/processed/driver_images_real/texting_phone_1102.jpg,texting_phone
data/processed/driver_images_real/texting_phone_1103.jpg,texting_phone
data/processed/driver_images_real/texting_phone_1104.jpg,texting_phone
data/processed/driver_images_real/texting_phone_1105.jpg,texting_phone
data/processed/driver_images_real/texting_phone_1106.jpg,texting_phone
data/processed/driver_images_real/texting_phone_1107.jpg,texting_phone
data/processed/driver_images_real/texting_phone_1108.jpg,texting_phone
data/processed/driver_images_real/texting_phone_1109.jpg,texting_phone
data/processed/driver_images_real/texting_phone_1110.jpg,texting_phone
data/processed/driver_images_real/texting_phone_1111.jpg,texting_phone
data/processed/driver_images_real/texting_phone_1112.jpg,texting_phone
data/processed/driver_images_real/texting_phone_1113.jpg,texting_phone
data/processed/driver_images_real/texting_phone_1114.jpg,texting_phone
data/processed/driver_images_real/texting_phone_1115.jpg,texting_phone
data/processed/driver_images_real/texting_phone_1116.jpg,texting_phone
data/processed/driver_images_real/texting_phone_1117.jpg,texting_phone
data/processed/driver_images_real/texting_phone_1118.jpg,texting_phone
data/processed/driver_images_real/texting_phone_1119.jpg,texting_phone
data/processed/driver_images_real/texting_phone_1120.jpg,texting_phone
data/processed/driver_images_real/texting_phone_1121.jpg,texting_phone
data/processed/driver_images_real/texting_phone_1122.jpg,texting_phone
data/processed/driver_images_real/texting_phone_1123.jpg,texting_phone
data/processed/driver_images_real/texting_phone_1124.jpg,texting_phone
data/processed/driver_images_real/texting_phone_1125.jpg,texting_phone
data/processed/driver_images_real/texting_phone_1126.jpg,texting_phone
data/processed/driver_images_real/texting_phone_1127.jpg,texting_phone
data/processed/driver_images_real/texting_phone_1128.jpg,texting_phone
data/processed/driver_images_real/texting_phone_1129.jpg,texting_phone
data/processed/driver_images_real/texting_phone_1130.jpg,texting_phone
data/processed/driver_images_real/texting_phone_1131.jpg,texting_phone
data/processed/driver_images_real/texting_phone_1132.jpg,texting_phone
data/processed/driver_images_real/texting_phone_1133.jpg,texting_phone
data/processed/driver_images_real/texting_phone_1134.jpg,texting_phone
data/processed/driver_images_real/texting_phone_1135.jpg,texting_phone
data/processed/driver_images_real/texting_phone_1136.jpg,texting_phone
data/processed/driver_images_real/texting_phone_1137.jpg,texting_phone
data/processed/driver_images_real/texting_phone_1138.jpg,texting_phone
data/processed/driver_images_real/texting_phone_1139.jpg,texting_phone
data/processed/driver_images_real/texting_phone_1140.jpg,texting_phone
data/processed/driver_images_real/texting_phone_1141.jpg,texting_phone
data/processed/driver_images_real/texting_phone_1142.jpg,texting_phone
data/processed/driver_images_real/texting_phone_1143.jpg,texting_phone
data/processed/driver_images_real/texting_phone_1144.jpg,texting_phone
data/processed/driver_images_real/texting_phone_1145.jpg,texting_phone
data/processed/driver_images_real/texting_phone_1146.jpg,texting_phone
data/processed/driver_images_real/texting_phone_1147.jpg,texting_phone
data/processed/driver_images_real/texting_phone_1148.jpg,texting_phone
data/processed/driver_images_real/texting_phone_1149.jpg,texting_phone
data/processed/driver_images_real/texting_phone_1150.jpg,texting_phone
data/processed/driver_images_real/texting_phone_1151.jpg,texting_phone
data/processed/driver_images_real/texting_phone_1152.jpg,texting_phone
data/processed/driver_images_real/texting_phone_1153.jpg,texting_phone
data/processed/driver_images_real/texting_phone_1154.jpg,texting_phone
data/processed/driver_images_real/texting_phone_1155.jpg,texting_phone
data/processed/driver_images_real/texting_phone_1156.jpg,texting_phone
data/processed/driver_images_real/texting_phone_1157.jpg,texting_phone
data/processed/driver_images_real/texting_phone_1158.jpg,texting_phone
data/processed/driver_images_real/texting_phone_1159.jpg,texting_phone
data/processed/driver_images_real/texting_phone_1160.jpg,texting_phone
data/processed/driver_images_real/texting_phone_1161.jpg,texting_phone
data/processed/driver_images_real/texting_phone_1162.jpg,texting_phone
data/processed/driver_images_real/texting_phone_1163.jpg,texting_phone
data/processed/driver_images_real/texting_phone_1164.jpg,texting_phone
data/processed/driver_images_real/texting_phone_1165.jpg,texting_phone
data/processed/driver_images_real/texting_phone_1166.jpg,texting_phone
data/processed/driver_images_real/texting_phone_1167.jpg,texting_phone
data/processed/driver_images_real/texting_phone_1168.jpg,texting_phone
data/processed/driver_images_real/texting_phone_1169.jpg,texting_phone
data/processed/driver_images_real/texting_phone_1170.jpg,texting_phone
data/processed/driver_images_real/texting_phone_1171.jpg,texting_phone
data/processed/driver_images_real/texting_phone_1172.jpg,texting_phone
data/processed/driver_images_real/texting_phone_1173.jpg,texting_phone
data/processed/driver_images_real/texting_phone_1174.jpg,texting_phone
data/processed/driver_images_real/texting_phone_1175.jpg,texting_phone
data/processed/driver_images_real/texting_phone_1176.jpg,texting_phone
data/processed/driver_images_real/texting_phone_1177.jpg,texting_phone
data/processed/driver_images_real/texting_phone_1178.jpg,texting_phone
data/processed/driver_images_real/texting_phone_1179.jpg,texting_phone
data/processed/driver_images_real/texting_phone_1180.jpg,texting_phone
data/processed/driver_images_real/texting_phone_1181.jpg,texting_phone
data/processed/driver_images_real/texting_phone_1182.jpg,texting_phone
data/processed/driver_images_real/texting_phone_1183.jpg,texting_phone
data/processed/driver_images_real/texting_phone_1184.jpg,texting_phone
data/processed/driver_images_real/texting_phone_1185.jpg,texting_phone
data/processed/driver_images_real/texting_phone_1186.jpg,texting_phone
data/processed/driver_images_real/texting_phone_1187.jpg,texting_phone
data/processed/driver_images_real/texting_phone_1188.jpg,texting_phone
data/processed/driver_images_real/texting_phone_1189.jpg,texting_phone
data/processed/driver_images_real/texting_phone_1190.jpg,texting_phone
data/processed/driver_images_real/texting_phone_1191.jpg,texting_phone
data/processed/driver_images_real/texting_phone_1192.jpg,texting_phone
data/processed/driver_images_real/texting_phone_1193.jpg,texting_phone
data/processed/driver_images_real/texting_phone_1194.jpg,texting_phone
data/processed/driver_images_real/texting_phone_1195.jpg,texting_phone
data/processed/driver_images_real/texting_phone_1196.jpg,texting_phone
data/processed/driver_images_real/texting_phone_1197.jpg,texting_phone
data/processed/driver_images_real/texting_phone_1198.jpg,texting_phone
data/processed/driver_images_real/texting_phone_1199.jpg,texting_phone
data/processed/driver_images_real/texting_phone_1200.jpg,texting_phone
data/processed/driver_images_real/texting_phone_1201.jpg,texting_phone
data/processed/driver_images_real/texting_phone_1202.jpg,texting_phone
data/processed/driver_images_real/texting_phone_1203.jpg,texting_phone
data/processed/driver_images_real/texting_phone_1204.jpg,texting_phone
data/processed/driver_images_real/texting_phone_1205.jpg,texting_phone
data/processed/driver_images_real/texting_phone_1206.jpg,texting_phone
data/processed/driver_images_real/texting_phone_1207.jpg,texting_phone
data/processed/driver_images_real/texting_phone_1208.jpg,texting_phone
data/processed/driver_images_real/texting_phone_1209.jpg,texting_phone
data/processed/driver_images_real/texting_phone_1210.jpg,texting_phone
data/processed/driver_images_real/texting_phone_1211.jpg,texting_phone
data/processed/driver_images_real/texting_phone_1212.jpg,texting_phone
data/processed/driver_images_real/texting_phone_1213.jpg,texting_phone
data/processed/driver_images_real/texting_phone_1214.jpg,texting_phone
data/processed/driver_images_real/texting_phone_1215.jpg,texting_phone
data/processed/driver_images_real/texting_phone_1216.jpg,texting_phone
data/processed/driver_images_real/texting_phone_1217.jpg,texting_phone
data/processed/driver_images_real/texting_phone_1218.jpg,texting_phone
data/processed/driver_images_real/texting_phone_1219.jpg,texting_phone
data/processed/driver_images_real/texting_phone_1220.jpg,texting_phone
data/processed/driver_images_real/texting_phone_1221.jpg,texting_phone
data/processed/driver_images_real/texting_phone_1222.jpg,texting_phone
data/processed/driver_images_real/texting_phone_1223.jpg,texting_phone
data/processed/driver_images_real/texting_phone_1224.jpg,texting_phone
data/processed/driver_images_real/texting_phone_1225.jpg,texting_phone
data/processed/driver_images_real/texting_phone_1226.jpg,texting_phone
data/processed/driver_images_real/texting_phone_1227.jpg,texting_phone
data/processed/driver_images_real/texting_phone_1228.jpg,texting_phone
data/processed/driver_images_real/texting_phone_1229.jpg,texting_phone
data/processed/driver_images_real/texting_phone_1230.jpg,texting_phone
data/processed/driver_images_real/texting_phone_1231.jpg,texting_phone
data/processed/driver_images_real/texting_phone_1232.jpg,texting_phone
data/processed/driver_images_real/texting_phone_1233.jpg,texting_phone
data/processed/driver_images_real/texting_phone_1234.jpg,texting_phone
data/processed/driver_images_real/texting_phone_1235.jpg,texting_phone
data/processed/driver_images_real/texting_phone_1236.jpg,texting_phone
data/processed/driver_images_real/texting_phone_1237.jpg,texting_phone
data/processed/driver_images_real/texting_phone_1238.jpg,texting_phone
data/processed/driver_images_real/texting_phone_1239.jpg,texting_phone
data/processed/driver_images_real/texting_phone_1240.jpg,texting_phone
data/processed/driver_images_real/texting_phone_1241.jpg,texting_phone
data/processed/driver_images_real/texting_phone_1242.jpg,texting_phone
data/processed/driver_images_real/texting_phone_1243.jpg,texting_phone
data/processed/driver_images_real/texting_phone_1244.jpg,texting_phone
data/processed/driver_images_real/texting_phone_1245.jpg,texting_phone
data/processed/driver_images_real/texting_phone_1246.jpg,texting_phone
data/processed/driver_images_real/texting_phone_1247.jpg,texting_phone
data/processed/driver_images_real/texting_phone_1248.jpg,texting_phone
data/processed/driver_images_real/texting_phone_1249.jpg,texting_phone
data/processed/driver_images_real/texting_phone_1250.jpg,texting_phone
data/processed/driver_images_real/texting_phone_1251.jpg,texting_phone
data/processed/driver_images_real/texting_phone_1252.jpg,texting_phone
data/processed/driver_images_real/texting_phone_1253.jpg,texting_phone
data/processed/driver_images_real/texting_phone_1254.jpg,texting_phone
data/processed/driver_images_real/texting_phone_1255.jpg,texting_phone
data/processed/driver_images_real/texting_phone_1256.jpg,texting_phone
data/processed/driver_images_real/texting_phone_1257.jpg,texting_phone
data/processed/driver_images_real/texting_phone_1258.jpg,texting_phone
data/processed/driver_images_real/texting_phone_1259.jpg,texting_phone
data/processed/driver_images_real/texting_phone_1260.jpg,texting_phone
data/processed/driver_images_real/texting_phone_1261.jpg,texting_phone
data/processed/driver_images_real/texting_phone_1262.jpg,texting_phone
data/processed/driver_images_real/texting_phone_1263.jpg,texting_phone
data/processed/driver_images_real/texting_phone_1264.jpg,texting_phone
data/processed/driver_images_real/texting_phone_1265.jpg,texting_phone
data/processed/driver_images_real/texting_phone_1266.jpg,texting_phone
data/processed/driver_images_real/texting_phone_1267.jpg,texting_phone
data/processed/driver_images_real/texting_phone_1268.jpg,texting_phone
data/processed/driver_images_real/texting_phone_1269.jpg,texting_phone
data/processed/driver_images_real/texting_phone_1270.jpg,texting_phone
data/processed/driver_images_real/texting_phone_1271.jpg,texting_phone
data/processed/driver_images_real/texting_phone_1272.jpg,texting_phone
data/processed/driver_images_real/texting_phone_1273.jpg,texting_phone
data/processed/driver_images_real/texting_phone_1274.jpg,texting_phone
data/processed/driver_images_real/texting_phone_1275.jpg,texting_phone
data/processed/driver_images_real/texting_phone_1276.jpg,texting_phone
data/processed/driver_images_real/texting_phone_1277.jpg,texting_phone
data/processed/driver_images_real/texting_phone_1278.jpg,texting_phone
data/processed/driver_images_real/texting_phone_1279.jpg,texting_phone
data/processed/driver_images_real/texting_phone_1280.jpg,texting_phone
data/processed/driver_images_real/texting_phone_1281.jpg,texting_phone
data/processed/driver_images_real/texting_phone_1282.jpg,texting_phone
data/processed/driver_images_real/texting_phone_1283.jpg,texting_phone
data/processed/driver_images_real/texting_phone_1284.jpg,texting_phone
data/processed/driver_images_real/texting_phone_1285.jpg,texting_phone
data/processed/driver_images_real/texting_phone_1286.jpg,texting_phone
data/processed/driver_images_real/texting_phone_1287.jpg,texting_phone
data/processed/driver_images_real/texting_phone_1288.jpg,texting_phone
data/processed/driver_images_real/texting_phone_1289.jpg,texting_phone
data/processed/driver_images_real/texting_phone_1290.jpg,texting_phone
data/processed/driver_images_real/texting_phone_1291.jpg,texting_phone
data/processed/driver_images_real/texting_phone_1292.jpg,texting_phone
data/processed/driver_images_real/texting_phone_1293.jpg,texting_phone
data/processed/driver_images_real/texting_phone_1294.jpg,texting_phone
data/processed/driver_images_real/texting_phone_1295.jpg,texting_phone
data/processed/driver_images_real/texting_phone_1296.jpg,texting_phone
data/processed/driver_images_real/texting_phone_1297.jpg,texting_phone
data/processed/driver_images_real/texting_phone_1298.jpg,texting_phone
data/processed/driver_images_real/texting_phone_1299.jpg,texting_phone
data/processed/driver_images_real/texting_phone_1300.jpg,texting_phone
data/processed/driver_images_real/texting_phone_1301.jpg,texting_phone
data/processed/driver_images_real/texting_phone_1302.jpg,texting_phone
data/processed/driver_images_real/texting_phone_1303.jpg,texting_phone
data/processed/driver_images_real/texting_phone_1304.jpg,texting_phone
data/processed/driver_images_real/texting_phone_1305.jpg,texting_phone
data/processed/driver_images_real/texting_phone_1306.jpg,texting_phone
data/processed/driver_images_real/texting_phone_1307.jpg,texting_phone
data/processed/driver_images_real/texting_phone_1308.jpg,texting_phone
data/processed/driver_images_real/texting_phone_1309.jpg,texting_phone
data/processed/driver_images_real/texting_phone_1310.jpg,texting_phone
data/processed/driver_images_real/texting_phone_1311.jpg,texting_phone
data/processed/driver_images_real/texting_phone_1312.jpg,texting_phone
data/processed/driver_images_real/texting_phone_1313.jpg,texting_phone
data/processed/driver_images_real/texting_phone_1314.jpg,texting_phone
data/processed/driver_images_real/texting_phone_1315.jpg,texting_phone
data/processed/driver_images_real/texting_phone_1316.jpg,texting_phone
data/processed/driver_images_real/texting_phone_1317.jpg,texting_phone
data/processed/driver_images_real/texting_phone_1318.jpg,texting_phone
data/processed/driver_images_real/texting_phone_1319.jpg,texting_phone
data/processed/driver_images_real/texting_phone_1320.jpg,texting_phone
data/processed/driver_images_real/texting_phone_1321.jpg,texting_phone
data/processed/driver_images_real/texting_phone_1322.jpg,texting_phone
data/processed/driver_images_real/texting_phone_1323.jpg,texting_phone
data/processed/driver_images_real/texting_phone_1324.jpg,texting_phone
data/processed/driver_images_real/texting_phone_1325.jpg,texting_phone
data/processed/driver_images_real/texting_phone_1326.jpg,texting_phone
data/processed/driver_images_real/texting_phone_1327.jpg,texting_phone
data/processed/driver_images_real/texting_phone_1328.jpg,texting_phone
data/processed/driver_images_real/texting_phone_1329.jpg,texting_phone
data/processed/driver_images_real/texting_phone_1330.jpg,texting_phone
data/processed/driver_images_real/texting_phone_1331.jpg,texting_phone
data/processed/driver_images_real/texting_phone_1332.jpg,texting_phone
data/processed/driver_images_real/texting_phone_1333.jpg,texting_phone
data/processed/driver_images_real/texting_phone_1334.jpg,texting_phone
data/processed/driver_images_real/texting_phone_1335.jpg,texting_phone
data/processed/driver_images_real/texting_phone_1336.jpg,texting_phone
data/processed/driver_images_real/texting_phone_1337.jpg,texting_phone
data/processed/driver_images_real/texting_phone_1338.jpg,texting_phone
data/processed/driver_images_real/texting_phone_1339.jpg,texting_phone
data/processed/driver_images_real/texting_phone_1340.jpg,texting_phone
data/processed/driver_images_real/texting_phone_1341.jpg,texting_phone
data/processed/driver_images_real/texting_phone_1342.jpg,texting_phone
data/processed/driver_images_real/texting_phone_1343.jpg,texting_phone
data/processed/driver_images_real/texting_phone_1344.jpg,texting_phone
data/processed/driver_images_real/texting_phone_1345.jpg,texting_phone
data/processed/driver_images_real/texting_phone_1346.jpg,texting_phone
data/processed/driver_images_real/texting_phone_1347.jpg,texting_phone
data/processed/driver_images_real/texting_phone_1348.jpg,texting_phone
data/processed/driver_images_real/texting_phone_1349.jpg,texting_phone
data/processed/driver_images_real/texting_phone_1350.jpg,texting_phone
data/processed/driver_images_real/texting_phone_1351.jpg,texting_phone
data/processed/driver_images_real/texting_phone_1352.jpg,texting_phone
data/processed/driver_images_real/texting_phone_1353.jpg,texting_phone
data/processed/driver_images_real/texting_phone_1354.jpg,texting_phone
data/processed/driver_images_real/texting_phone_1355.jpg,texting_phone
data/processed/driver_images_real/texting_phone_1356.jpg,texting_phone
data/processed/driver_images_real/texting_phone_1357.jpg,texting_phone
data/processed/driver_images_real/texting_phone_1358.jpg,texting_phone
data/processed/driver_images_real/texting_phone_1359.jpg,texting_phone
data/processed/driver_images_real/texting_phone_1360.jpg,texting_phone
data/processed/driver_images_real/texting_phone_1361.jpg,texting_phone
data/processed/driver_images_real/texting_phone_1362.jpg,texting_phone
data/processed/driver_images_real/texting_phone_1363.jpg,texting_phone
data/processed/driver_images_real/texting_phone_1364.jpg,texting_phone
data/processed/driver_images_real/texting_phone_1365.jpg,texting_phone
data/processed/driver_images_real/texting_phone_1366.jpg,texting_phone
data/processed/driver_images_real/texting_phone_1367.jpg,texting_phone
data/processed/driver_images_real/texting_phone_1368.jpg,texting_phone
data/processed/driver_images_real/texting_phone_1369.jpg,texting_phone
data/processed/driver_images_real/texting_phone_1370.jpg,texting_phone
data/processed/driver_images_real/texting_phone_1371.jpg,texting_phone
data/processed/driver_images_real/texting_phone_1372.jpg,texting_phone
data/processed/driver_images_real/texting_phone_1373.jpg,texting_phone
data/processed/driver_images_real/texting_phone_1374.jpg,texting_phone
data/processed/driver_images_real/texting_phone_1375.jpg,texting_phone
data/processed/driver_images_real/texting_phone_1376.jpg,texting_phone
data/processed/driver_images_real/texting_phone_1377.jpg,texting_phone
data/processed/driver_images_real/texting_phone_1378.jpg,texting_phone
data/processed/driver_images_real/texting_phone_1379.jpg,texting_phone
data/processed/driver_images_real/texting_phone_1380.jpg,texting_phone
data/processed/driver_images_real/texting_phone_1381.jpg,texting_phone
data/processed/driver_images_real/texting_phone_1382.jpg,texting_phone
data/processed/driver_images_real/texting_phone_1383.jpg,texting_phone
data/processed/driver_images_real/texting_phone_1384.jpg,texting_phone
data/processed/driver_images_real/texting_phone_1385.jpg,texting_phone
data/processed/driver_images_real/texting_phone_1386.jpg,texting_phone
data/processed/driver_images_real/texting_phone_1387.jpg,texting_phone
data/processed/driver_images_real/texting_phone_1388.jpg,texting_phone
data/processed/driver_images_real/texting_phone_1389.jpg,texting_phone
data/processed/driver_images_real/texting_phone_1390.jpg,texting_phone
data/processed/driver_images_real/texting_phone_1391.jpg,texting_phone
data/processed/driver_images_real/texting_phone_1392.jpg,texting_phone
data/processed/driver_images_real/texting_phone_1393.jpg,texting_phone
data/processed/driver_images_real/texting_phone_1394.jpg,texting_phone
data/processed/driver_images_real/texting_phone_1395.jpg,texting_phone
data/processed/driver_images_real/texting_phone_1396.jpg,texting_phone
data/processed/driver_images_real/texting_phone_1397.jpg,texting_phone
data/processed/driver_images_real/texting_phone_1398.jpg,texting_phone
data/processed/driver_images_real/texting_phone_1399.jpg,texting_phone
data/processed/driver_images_real/texting_phone_1400.jpg,texting_phone
data/processed/driver_images_real/texting_phone_1401.jpg,texting_phone
data/processed/driver_images_real/texting_phone_1402.jpg,texting_phone
data/processed/driver_images_real/texting_phone_1403.jpg,texting_phone
data/processed/driver_images_real/texting_phone_1404.jpg,texting_phone
data/processed/driver_images_real/texting_phone_1405.jpg,texting_phone
data/processed/driver_images_real/texting_phone_1406.jpg,texting_phone
data/processed/driver_images_real/texting_phone_1407.jpg,texting_phone
data/processed/driver_images_real/texting_phone_1408.jpg,texting_phone
data/processed/driver_images_real/texting_phone_1409.jpg,texting_phone
data/processed/driver_images_real/texting_phone_1410.jpg,texting_phone
data/processed/driver_images_real/texting_phone_1411.jpg,texting_phone
data/processed/driver_images_real/texting_phone_1412.jpg,texting_phone
data/processed/driver_images_real/texting_phone_1413.jpg,texting_phone
data/processed/driver_images_real/texting_phone_1414.jpg,texting_phone
data/processed/driver_images_real/texting_phone_1415.jpg,texting_phone
data/processed/driver_images_real/texting_phone_1416.jpg,texting_phone
data/processed/driver_images_real/texting_phone_1417.jpg,texting_phone
data/processed/driver_images_real/texting_phone_1418.jpg,texting_phone
data/processed/driver_images_real/texting_phone_1419.jpg,texting_phone
data/processed/driver_images_real/texting_phone_1420.jpg,texting_phone
data/processed/driver_images_real/texting_phone_1421.jpg,texting_phone
data/processed/driver_images_real/texting_phone_1422.jpg,texting_phone
data/processed/driver_images_real/texting_phone_1423.jpg,texting_phone
data/processed/driver_images_real/texting_phone_1424.jpg,texting_phone
data/processed/driver_images_real/texting_phone_1425.jpg,texting_phone
data/processed/driver_images_real/texting_phone_1426.jpg,texting_phone
data/processed/driver_images_real/texting_phone_1427.jpg,texting_phone
data/processed/driver_images_real/texting_phone_1428.jpg,texting_phone
data/processed/driver_images_real/texting_phone_1429.jpg,texting_phone
data/processed/driver_images_real/texting_phone_1430.jpg,texting_phone
data/processed/driver_images_real/texting_phone_1431.jpg,texting_phone
data/processed/driver_images_real/texting_phone_1432.jpg,texting_phone
data/processed/driver_images_real/texting_phone_1433.jpg,texting_phone
data/processed/driver_images_real/texting_phone_1434.jpg,texting_phone
data/processed/driver_images_real/texting_phone_1435.jpg,texting_phone
data/processed/driver_images_real/texting_phone_1436.jpg,texting_phone
data/processed/driver_images_real/texting_phone_1437.jpg,texting_phone
data/processed/driver_images_real/texting_phone_1438.jpg,texting_phone
data/processed/driver_images_real/texting_phone_1439.jpg,texting_phone
data/processed/driver_images_real/texting_phone_1440.jpg,texting_phone
data/processed/driver_images_real/texting_phone_1441.jpg,texting_phone
data/processed/driver_images_real/texting_phone_1442.jpg,texting_phone
data/processed/driver_images_real/texting_phone_1443.jpg,texting_phone
data/processed/driver_images_real/texting_phone_1444.jpg,texting_phone
data/processed/driver_images_real/texting_phone_1445.jpg,texting_phone
data/processed/driver_images_real/texting_phone_1446.jpg,texting_phone
data/processed/driver_images_real/texting_phone_1447.jpg,texting_phone
data/processed/driver_images_real/texting_phone_1448.jpg,texting_phone
data/processed/driver_images_real/texting_phone_1449.jpg,texting_phone
data/processed/driver_images_real/texting_phone_1450.jpg,texting_phone
data/processed/driver_images_real/texting_phone_1451.jpg,texting_phone
data/processed/driver_images_real/texting_phone_1452.jpg,texting_phone
data/processed/driver_images_real/texting_phone_1453.jpg,texting_phone
data/processed/driver_images_real/texting_phone_1454.jpg,texting_phone
data/processed/driver_images_real/texting_phone_1455.jpg,texting_phone
data/processed/driver_images_real/texting_phone_1456.jpg,texting_phone
data/processed/driver_images_real/texting_phone_1457.jpg,texting_phone
data/processed/driver_images_real/texting_phone_1458.jpg,texting_phone
data/processed/driver_images_real/texting_phone_1459.jpg,texting_phone
data/processed/driver_images_real/texting_phone_1460.jpg,texting_phone
data/processed/driver_images_real/texting_phone_1461.jpg,texting_phone
data/processed/driver_images_real/texting_phone_1462.jpg,texting_phone
data/processed/driver_images_real/texting_phone_1463.jpg,texting_phone
data/processed/driver_images_real/texting_phone_1464.jpg,texting_phone
data/processed/driver_images_real/texting_phone_1465.jpg,texting_phone
data/processed/driver_images_real/texting_phone_1466.jpg,texting_phone
data/processed/driver_images_real/texting_phone_1467.jpg,texting_phone
data/processed/driver_images_real/texting_phone_1468.jpg,texting_phone
data/processed/driver_images_real/texting_phone_1469.jpg,texting_phone
data/processed/driver_images_real/texting_phone_1470.jpg,texting_phone
data/processed/driver_images_real/texting_phone_1471.jpg,texting_phone
data/processed/driver_images_real/texting_phone_1472.jpg,texting_phone
data/processed/driver_images_real/texting_phone_1473.jpg,texting_phone
data/processed/driver_images_real/texting_phone_1474.jpg,texting_phone
data/processed/driver_images_real/texting_phone_1475.jpg,texting_phone
data/processed/driver_images_real/texting_phone_1476.jpg,texting_phone
data/processed/driver_images_real/texting_phone_1477.jpg,texting_phone
data/processed/driver_images_real/texting_phone_1478.jpg,texting_phone
data/processed/driver_images_real/texting_phone_1479.jpg,texting_phone
data/processed/driver_images_real/texting_phone_1480.jpg,texting_phone
data/processed/driver_images_real/texting_phone_1481.jpg,texting_phone
data/processed/driver_images_real/texting_phone_1482.jpg,texting_phone
data/processed/driver_images_real/texting_phone_1483.jpg,texting_phone
data/processed/driver_images_real/texting_phone_1484.jpg,texting_phone
data/processed/driver_images_real/texting_phone_1485.jpg,texting_phone
data/processed/driver_images_real/texting_phone_1486.jpg,texting_phone
data/processed/driver_images_real/texting_phone_1487.jpg,texting_phone
data/processed/driver_images_real/texting_phone_1488.jpg,texting_phone
data/processed/driver_images_real/texting_phone_1489.jpg,texting_phone
data/processed/driver_images_real/texting_phone_1490.jpg,texting_phone
data/processed/driver_images_real/texting_phone_1491.jpg,texting_phone
data/processed/driver_images_real/texting_phone_1492.jpg,texting_phone
data/processed/driver_images_real/texting_phone_1493.jpg,texting_phone
data/processed/driver_images_real/texting_phone_1494.jpg,texting_phone
data/processed/driver_images_real/texting_phone_1495.jpg,texting_phone
data/processed/driver_images_real/texting_phone_1496.jpg,texting_phone
data/processed/driver_images_real/texting_phone_1497.jpg,texting_phone
data/processed/driver_images_real/texting_phone_1498.jpg,texting_phone
data/processed/driver_images_real/texting_phone_1499.jpg,texting_phone
data/processed/driver_images_real/texting_phone_1500.jpg,texting_phone
data/processed/driver_images_real/texting_phone_1501.jpg,texting_phone
data/processed/driver_images_real/texting_phone_1502.jpg,texting_phone
data/processed/driver_images_real/texting_phone_1503.jpg,texting_phone
data/processed/driver_images_real/texting_phone_1504.jpg,texting_phone
data/processed/driver_images_real/texting_phone_1505.jpg,texting_phone
data/processed/driver_images_real/texting_phone_1506.jpg,texting_phone
data/processed/driver_images_real/texting_phone_1507.jpg,texting_phone
data/processed/driver_images_real/texting_phone_1508.jpg,texting_phone
data/processed/driver_images_real/texting_phone_1509.jpg,texting_phone
data/processed/driver_images_real/texting_phone_1510.jpg,texting_phone
data/processed/driver_images_real/texting_phone_1511.jpg,texting_phone
data/processed/driver_images_real/texting_phone_1512.jpg,texting_phone
data/processed/driver_images_real/texting_phone_1513.jpg,texting_phone
data/processed/driver_images_real/texting_phone_1514.jpg,texting_phone
data/processed/driver_images_real/texting_phone_1515.jpg,texting_phone
data/processed/driver_images_real/texting_phone_1516.jpg,texting_phone
data/processed/driver_images_real/texting_phone_1517.jpg,texting_phone
data/processed/driver_images_real/texting_phone_1518.jpg,texting_phone
data/processed/driver_images_real/texting_phone_1519.jpg,texting_phone
data/processed/driver_images_real/texting_phone_1520.jpg,texting_phone
data/processed/driver_images_real/texting_phone_1521.jpg,texting_phone
data/processed/driver_images_real/texting_phone_1522.jpg,texting_phone
data/processed/driver_images_real/texting_phone_1523.jpg,texting_phone
data/processed/driver_images_real/texting_phone_1524.jpg,texting_phone
data/processed/driver_images_real/texting_phone_1525.jpg,texting_phone
data/processed/driver_images_real/texting_phone_1526.jpg,texting_phone
data/processed/driver_images_real/texting_phone_1527.jpg,texting_phone
data/processed/driver_images_real/texting_phone_1528.jpg,texting_phone
data/processed/driver_images_real/texting_phone_1529.jpg,texting_phone
data/processed/driver_images_real/texting_phone_1530.jpg,texting_phone
data/processed/driver_images_real/texting_phone_1531.jpg,texting_phone
data/processed/driver_images_real/texting_phone_1532.jpg,texting_phone
data/processed/driver_images_real/texting_phone_1533.jpg,texting_phone
data/processed/driver_images_real/texting_phone_1534.jpg,texting_phone
data/processed/driver_images_real/texting_phone_1535.jpg,texting_phone
data/processed/driver_images_real/texting_phone_1536.jpg,texting_phone
data/processed/driver_images_real/texting_phone_1537.jpg,texting_phone
data/processed/driver_images_real/texting_phone_1538.jpg,texting_phone
data/processed/driver_images_real/texting_phone_1539.jpg,texting_phone
data/processed/driver_images_real/texting_phone_1540.jpg,texting_phone
data/processed/driver_images_real/texting_phone_1541.jpg,texting_phone
data/processed/driver_images_real/texting_phone_1542.jpg,texting_phone
data/processed/driver_images_real/texting_phone_1543.jpg,texting_phone
data/processed/driver_images_real/texting_phone_1544.jpg,texting_phone
data/processed/driver_images_real/texting_phone_1545.jpg,texting_phone
data/processed/driver_images_real/texting_phone_1546.jpg,texting_phone
data/processed/driver_images_real/texting_phone_1547.jpg,texting_phone
data/processed/driver_images_real/texting_phone_1548.jpg,texting_phone
data/processed/driver_images_real/texting_phone_1549.jpg,texting_phone
data/processed/driver_images_real/texting_phone_1550.jpg,texting_phone
data/processed/driver_images_real/texting_phone_1551.jpg,texting_phone
data/processed/driver_images_real/texting_phone_1552.jpg,texting_phone
data/processed/driver_images_real/texting_phone_1553.jpg,texting_phone
data/processed/driver_images_real/texting_phone_1554.jpg,texting_phone
data/processed/driver_images_real/texting_phone_1555.jpg,texting_phone
data/processed/driver_images_real/texting_phone_1556.jpg,texting_phone
data/processed/driver_images_real/texting_phone_1557.jpg,texting_phone
data/processed/driver_images_real/texting_phone_1558.jpg,texting_phone
data/processed/driver_images_real/texting_phone_1559.jpg,texting_phone
data/processed/driver_images_real/texting_phone_1560.jpg,texting_phone
data/processed/driver_images_real/turning_0000.png,turning
data/processed/driver_images_real/turning_0001.png,turning
data/processed/driver_images_real/turning_0002.png,turning
data/processed/driver_images_real/turning_0003.png,turning
data/processed/driver_images_real/turning_0004.png,turning
data/processed/driver_images_real/turning_0005.png,turning
data/processed/driver_images_real/turning_0006.png,turning
data/processed/driver_images_real/turning_0007.png,turning
data/processed/driver_images_real/turning_0008.png,turning
data/processed/driver_images_real/turning_0009.png,turning
data/processed/driver_images_real/turning_0010.png,turning
data/processed/driver_images_real/turning_0011.png,turning
data/processed/driver_images_real/turning_0012.png,turning
data/processed/driver_images_real/turning_0013.png,turning
data/processed/driver_images_real/turning_0014.png,turning
data/processed/driver_images_real/turning_0015.png,turning
data/processed/driver_images_real/turning_0016.png,turning
data/processed/driver_images_real/turning_0017.png,turning
data/processed/driver_images_real/turning_0018.png,turning
data/processed/driver_images_real/turning_0019.png,turning
data/processed/driver_images_real/turning_0020.png,turning
data/processed/driver_images_real/turning_0021.png,turning
data/processed/driver_images_real/turning_0022.png,turning
data/processed/driver_images_real/turning_0023.png,turning
data/processed/driver_images_real/turning_0024.png,turning
data/processed/driver_images_real/turning_0025.png,turning
data/processed/driver_images_real/turning_0026.png,turning
data/processed/driver_images_real/turning_0027.png,turning
data/processed/driver_images_real/turning_0028.png,turning
data/processed/driver_images_real/turning_0029.png,turning
data/processed/driver_images_real/turning_0030.png,turning
data/processed/driver_images_real/turning_0031.png,turning
data/processed/driver_images_real/turning_0032.png,turning
data/processed/driver_images_real/turning_0033.png,turning
data/processed/driver_images_real/turning_0034.png,turning
data/processed/driver_images_real/turning_0035.png,turning
data/processed/driver_images_real/turning_0036.png,turning
data/processed/driver_images_real/turning_0037.png,turning
data/processed/driver_images_real/turning_0038.png,turning
data/processed/driver_images_real/turning_0039.png,turning
data/processed/driver_images_real/turning_0040.png,turning
data/processed/driver_images_real/turning_0041.png,turning
data/processed/driver_images_real/turning_0042.png,turning
data/processed/driver_images_real/turning_0043.png,turning
data/processed/driver_images_real/turning_0044.png,turning
data/processed/driver_images_real/turning_0045.png,turning
data/processed/driver_images_real/turning_0046.png,turning
data/processed/driver_images_real/turning_0047.png,turning
data/processed/driver_images_real/turning_0048.png,turning
data/processed/driver_images_real/turning_0049.png,turning
data/processed/driver_images_real/turning_0050.png,turning
data/processed/driver_images_real/turning_0051.png,turning
data/processed/driver_images_real/turning_0052.png,turning
data/processed/driver_images_real/turning_0053.png,turning
data/processed/driver_images_real/turning_0054.png,turning
data/processed/driver_images_real/turning_0055.png,turning
data/processed/driver_images_real/turning_0056.png,turning
data/processed/driver_images_real/turning_0057.png,turning
data/processed/driver_images_real/turning_0058.png,turning
data/processed/driver_images_real/turning_0059.png,turning
data/processed/driver_images_real/turning_0060.png,turning
data/processed/driver_images_real/turning_0061.jpg,turning
data/processed/driver_images_real/turning_0062.jpg,turning
data/processed/driver_images_real/turning_0063.jpg,turning
data/processed/driver_images_real/turning_0064.jpg,turning
data/processed/driver_images_real/turning_0065.jpg,turning
data/processed/driver_images_real/turning_0066.jpg,turning
data/processed/driver_images_real/turning_0067.jpg,turning
data/processed/driver_images_real/turning_0068.jpg,turning
data/processed/driver_images_real/turning_0069.jpg,turning
data/processed/driver_images_real/turning_0070.jpg,turning
data/processed/driver_images_real/turning_0071.jpg,turning
data/processed/driver_images_real/turning_0072.jpg,turning
data/processed/driver_images_real/turning_0073.jpg,turning
data/processed/driver_images_real/turning_0074.jpg,turning
data/processed/driver_images_real/turning_0075.jpg,turning
data/processed/driver_images_real/turning_0076.jpg,turning
data/processed/driver_images_real/turning_0077.jpg,turning
data/processed/driver_images_real/turning_0078.jpg,turning
data/processed/driver_images_real/turning_0079.jpg,turning
data/processed/driver_images_real/turning_0080.jpg,turning
data/processed/driver_images_real/turning_0081.jpg,turning
data/processed/driver_images_real/turning_0082.jpg,turning
data/processed/driver_images_real/turning_0083.jpg,turning
data/processed/driver_images_real/turning_0084.jpg,turning
data/processed/driver_images_real/turning_0085.jpg,turning
data/processed/driver_images_real/turning_0086.jpg,turning
data/processed/driver_images_real/turning_0087.jpg,turning
data/processed/driver_images_real/turning_0088.jpg,turning
data/processed/driver_images_real/turning_0089.jpg,turning
data/processed/driver_images_real/turning_0090.jpg,turning
data/processed/driver_images_real/turning_0091.jpg,turning
data/processed/driver_images_real/turning_0092.jpg,turning
data/processed/driver_images_real/turning_0093.jpg,turning
data/processed/driver_images_real/turning_0094.jpg,turning
data/processed/driver_images_real/turning_0095.jpg,turning
data/processed/driver_images_real/turning_0096.jpg,turning
data/processed/driver_images_real/turning_0097.jpg,turning
data/processed/driver_images_real/turning_0098.jpg,turning
data/processed/driver_images_real/turning_0099.jpg,turning
data/processed/driver_images_real/turning_0100.jpg,turning
data/processed/driver_images_real/turning_0101.jpg,turning
data/processed/driver_images_real/turning_0102.jpg,turning
data/processed/driver_images_real/turning_0103.jpg,turning
data/processed/driver_images_real/turning_0104.jpg,turning
data/processed/driver_images_real/turning_0105.jpg,turning
data/processed/driver_images_real/turning_0106.jpg,turning
data/processed/driver_images_real/turning_0107.jpg,turning
data/processed/driver_images_real/turning_0108.jpg,turning
data/processed/driver_images_real/turning_0109.jpg,turning
data/processed/driver_images_real/turning_0110.jpg,turning
data/processed/driver_images_real/turning_0111.jpg,turning
data/processed/driver_images_real/turning_0112.jpg,turning
data/processed/driver_images_real/turning_0113.jpg,turning
data/processed/driver_images_real/turning_0114.jpg,turning
data/processed/driver_images_real/turning_0115.jpg,turning
data/processed/driver_images_real/turning_0116.jpg,turning
data/processed/driver_images_real/turning_0117.jpg,turning
data/processed/driver_images_real/turning_0118.jpg,turning
data/processed/driver_images_real/turning_0119.jpg,turning
data/processed/driver_images_real/turning_0120.jpg,turning
data/processed/driver_images_real/turning_0121.jpg,turning
data/processed/driver_images_real/turning_0122.jpg,turning
data/processed/driver_images_real/turning_0123.jpg,turning
data/processed/driver_images_real/turning_0124.jpg,turning
data/processed/driver_images_real/turning_0125.jpg,turning
data/processed/driver_images_real/turning_0126.jpg,turning
data/processed/driver_images_real/turning_0127.jpg,turning
data/processed/driver_images_real/turning_0128.jpg,turning
data/processed/driver_images_real/turning_0129.jpg,turning
data/processed/driver_images_real/turning_0130.jpg,turning
data/processed/driver_images_real/turning_0131.jpg,turning
data/processed/driver_images_real/turning_0132.jpg,turning
data/processed/driver_images_real/turning_0133.jpg,turning
data/processed/driver_images_real/turning_0134.jpg,turning
data/processed/driver_images_real/turning_0135.jpg,turning
data/processed/driver_images_real/turning_0136.jpg,turning
data/processed/driver_images_real/turning_0137.jpg,turning
data/processed/driver_images_real/turning_0138.jpg,turning
data/processed/driver_images_real/turning_0139.jpg,turning
data/processed/driver_images_real/turning_0140.jpg,turning
data/processed/driver_images_real/turning_0141.jpg,turning
data/processed/driver_images_real/turning_0142.jpg,turning
data/processed/driver_images_real/turning_0143.jpg,turning
data/processed/driver_images_real/turning_0144.jpg,turning
data/processed/driver_images_real/turning_0145.jpg,turning
data/processed/driver_images_real/turning_0146.jpg,turning
data/processed/driver_images_real/turning_0147.jpg,turning
data/processed/driver_images_real/turning_0148.jpg,turning
data/processed/driver_images_real/turning_0149.jpg,turning
data/processed/driver_images_real/turning_0150.jpg,turning
data/processed/driver_images_real/turning_0151.jpg,turning
data/processed/driver_images_real/turning_0152.jpg,turning
data/processed/driver_images_real/turning_0153.jpg,turning
data/processed/driver_images_real/turning_0154.jpg,turning
data/processed/driver_images_real/turning_0155.jpg,turning
data/processed/driver_images_real/turning_0156.jpg,turning
data/processed/driver_images_real/turning_0157.jpg,turning
data/processed/driver_images_real/turning_0158.jpg,turning
data/processed/driver_images_real/turning_0159.jpg,turning
data/processed/driver_images_real/turning_0160.jpg,turning
data/processed/driver_images_real/turning_0161.jpg,turning
data/processed/driver_images_real/turning_0162.jpg,turning
data/processed/driver_images_real/turning_0163.jpg,turning
data/processed/driver_images_real/turning_0164.jpg,turning
data/processed/driver_images_real/turning_0165.jpg,turning
data/processed/driver_images_real/turning_0166.jpg,turning
data/processed/driver_images_real/turning_0167.jpg,turning
data/processed/driver_images_real/turning_0168.jpg,turning
data/processed/driver_images_real/turning_0169.jpg,turning
data/processed/driver_images_real/turning_0170.jpg,turning
data/processed/driver_images_real/turning_0171.jpg,turning
data/processed/driver_images_real/turning_0172.jpg,turning
data/processed/driver_images_real/turning_0173.jpg,turning
data/processed/driver_images_real/turning_0174.jpg,turning
data/processed/driver_images_real/turning_0175.jpg,turning
data/processed/driver_images_real/turning_0176.jpg,turning
data/processed/driver_images_real/turning_0177.jpg,turning
data/processed/driver_images_real/turning_0178.jpg,turning
data/processed/driver_images_real/turning_0179.jpg,turning
data/processed/driver_images_real/turning_0180.jpg,turning
data/processed/driver_images_real/turning_0181.jpg,turning
data/processed/driver_images_real/turning_0182.jpg,turning
data/processed/driver_images_real/turning_0183.jpg,turning
data/processed/driver_images_real/turning_0184.jpg,turning
data/processed/driver_images_real/turning_0185.jpg,turning
data/processed/driver_images_real/turning_0186.jpg,turning
data/processed/driver_images_real/turning_0187.jpg,turning
data/processed/driver_images_real/turning_0188.jpg,turning
data/processed/driver_images_real/turning_0189.jpg,turning
data/processed/driver_images_real/turning_0190.jpg,turning
data/processed/driver_images_real/turning_0191.jpg,turning
data/processed/driver_images_real/turning_0192.jpg,turning
data/processed/driver_images_real/turning_0193.jpg,turning
data/processed/driver_images_real/turning_0194.jpg,turning
data/processed/driver_images_real/turning_0195.jpg,turning
data/processed/driver_images_real/turning_0196.jpg,turning
data/processed/driver_images_real/turning_0197.jpg,turning
data/processed/driver_images_real/turning_0198.jpg,turning
data/processed/driver_images_real/turning_0199.jpg,turning
data/processed/driver_images_real/turning_0200.jpg,turning
data/processed/driver_images_real/turning_0201.jpg,turning
data/processed/driver_images_real/turning_0202.jpg,turning
data/processed/driver_images_real/turning_0203.jpg,turning
data/processed/driver_images_real/turning_0204.jpg,turning
data/processed/driver_images_real/turning_0205.jpg,turning
data/processed/driver_images_real/turning_0206.jpg,turning
data/processed/driver_images_real/turning_0207.jpg,turning
data/processed/driver_images_real/turning_0208.jpg,turning
data/processed/driver_images_real/turning_0209.jpg,turning
data/processed/driver_images_real/turning_0210.jpg,turning
data/processed/driver_images_real/turning_0211.jpg,turning
data/processed/driver_images_real/turning_0212.jpg,turning
data/processed/driver_images_real/turning_0213.jpg,turning
data/processed/driver_images_real/turning_0214.jpg,turning
data/processed/driver_images_real/turning_0215.jpg,turning
data/processed/driver_images_real/turning_0216.jpg,turning
data/processed/driver_images_real/turning_0217.jpg,turning
data/processed/driver_images_real/turning_0218.jpg,turning
data/processed/driver_images_real/turning_0219.jpg,turning
data/processed/driver_images_real/turning_0220.jpg,turning
data/processed/driver_images_real/turning_0221.jpg,turning
data/processed/driver_images_real/turning_0222.JPG,turning
data/processed/driver_images_real/turning_0223.JPG,turning
data/processed/driver_images_real/turning_0224.JPG,turning
data/processed/driver_images_real/turning_0225.JPG,turning
data/processed/driver_images_real/turning_0226.JPG,turning
data/processed/driver_images_real/turning_0227.JPG,turning
data/processed/driver_images_real/turning_0228.jpg,turning
data/processed/driver_images_real/turning_0229.jpg,turning
data/processed/driver_images_real/turning_0230.jpg,turning
data/processed/driver_images_real/turning_0231.jpg,turning
data/processed/driver_images_real/turning_0232.jpg,turning
data/processed/driver_images_real/turning_0233.jpg,turning
data/processed/driver_images_real/turning_0234.jpg,turning
data/processed/driver_images_real/turning_0235.jpg,turning
data/processed/driver_images_real/turning_0236.jpg,turning
data/processed/driver_images_real/turning_0237.jpg,turning
data/processed/driver_images_real/turning_0238.jpg,turning
data/processed/driver_images_real/turning_0239.jpg,turning
data/processed/driver_images_real/turning_0240.jpg,turning
data/processed/driver_images_real/turning_0241.jpg,turning
data/processed/driver_images_real/turning_0242.jpg,turning
data/processed/driver_images_real/turning_0243.jpg,turning
data/processed/driver_images_real/turning_0244.jpg,turning
data/processed/driver_images_real/turning_0245.jpg,turning
data/processed/driver_images_real/turning_0246.jpg,turning
data/processed/driver_images_real/turning_0247.jpg,turning
data/processed/driver_images_real/turning_0248.jpg,turning
data/processed/driver_images_real/turning_0249.jpg,turning
data/processed/driver_images_real/turning_0250.jpg,turning
data/processed/driver_images_real/turning_0251.jpg,turning
data/processed/driver_images_real/turning_0252.jpg,turning
data/processed/driver_images_real/turning_0253.jpg,turning
data/processed/driver_images_real/turning_0254.jpg,turning
data/processed/driver_images_real/turning_0255.jpg,turning
data/processed/driver_images_real/turning_0256.jpg,turning
data/processed/driver_images_real/turning_0257.jpg,turning
data/processed/driver_images_real/turning_0258.jpg,turning
data/processed/driver_images_real/turning_0259.jpg,turning
data/processed/driver_images_real/turning_0260.jpg,turning
data/processed/driver_images_real/turning_0261.jpg,turning
data/processed/driver_images_real/turning_0262.jpg,turning
data/processed/driver_images_real/turning_0263.jpg,turning
data/processed/driver_images_real/turning_0264.jpg,turning
data/processed/driver_images_real/turning_0265.jpg,turning
data/processed/driver_images_real/turning_0266.jpg,turning
data/processed/driver_images_real/turning_0267.jpg,turning
data/processed/driver_images_real/turning_0268.jpg,turning
data/processed/driver_images_real/turning_0269.jpg,turning
data/processed/driver_images_real/turning_0270.jpg,turning
data/processed/driver_images_real/turning_0271.jpg,turning
data/processed/driver_images_real/turning_0272.jpg,turning
data/processed/driver_images_real/turning_0273.jpg,turning
data/processed/driver_images_real/turning_0274.jpg,turning
data/processed/driver_images_real/turning_0275.jpg,turning
data/processed/driver_images_real/turning_0276.jpg,turning
data/processed/driver_images_real/turning_0277.jpg,turning
data/processed/driver_images_real/turning_0278.jpg,turning
data/processed/driver_images_real/turning_0279.jpg,turning
data/processed/driver_images_real/turning_0280.jpg,turning
data/processed/driver_images_real/turning_0281.jpg,turning
data/processed/driver_images_real/turning_0282.jpg,turning
data/processed/driver_images_real/turning_0283.jpg,turning
data/processed/driver_images_real/turning_0284.jpg,turning
data/processed/driver_images_real/turning_0285.jpg,turning
data/processed/driver_images_real/turning_0286.jpg,turning
data/processed/driver_images_real/turning_0287.jpg,turning
data/processed/driver_images_real/turning_0288.jpg,turning
data/processed/driver_images_real/turning_0289.jpg,turning
data/processed/driver_images_real/turning_0290.jpg,turning
data/processed/driver_images_real/turning_0291.jpg,turning
data/processed/driver_images_real/turning_0292.jpg,turning
data/processed/driver_images_real/turning_0293.jpg,turning
data/processed/driver_images_real/turning_0294.jpg,turning
data/processed/driver_images_real/turning_0295.jpg,turning
data/processed/driver_images_real/turning_0296.jpg,turning
data/processed/driver_images_real/turning_0297.jpg,turning
data/processed/driver_images_real/turning_0298.jpg,turning
data/processed/driver_images_real/turning_0299.jpg,turning
data/processed/driver_images_real/turning_0300.jpg,turning
data/processed/driver_images_real/turning_0301.jpg,turning
data/processed/driver_images_real/turning_0302.jpg,turning
data/processed/driver_images_real/turning_0303.jpg,turning
data/processed/driver_images_real/turning_0304.jpg,turning
data/processed/driver_images_real/turning_0305.jpg,turning
data/processed/driver_images_real/turning_0306.jpg,turning
data/processed/driver_images_real/turning_0307.jpg,turning
data/processed/driver_images_real/turning_0308.jpg,turning
data/processed/driver_images_real/turning_0309.jpg,turning
data/processed/driver_images_real/turning_0310.jpg,turning
data/processed/driver_images_real/turning_0311.jpg,turning
data/processed/driver_images_real/turning_0312.jpg,turning
data/processed/driver_images_real/turning_0313.jpg,turning
data/processed/driver_images_real/turning_0314.jpg,turning
data/processed/driver_images_real/turning_0315.jpg,turning
data/processed/driver_images_real/turning_0316.jpg,turning
data/processed/driver_images_real/turning_0317.jpg,turning
data/processed/driver_images_real/turning_0318.jpg,turning
data/processed/driver_images_real/turning_0319.jpg,turning
data/processed/driver_images_real/turning_0320.jpg,turning
data/processed/driver_images_real/turning_0321.jpg,turning
data/processed/driver_images_real/turning_0322.jpg,turning
data/processed/driver_images_real/turning_0323.jpg,turning
data/processed/driver_images_real/turning_0324.jpg,turning
data/processed/driver_images_real/turning_0325.jpg,turning
data/processed/driver_images_real/turning_0326.jpg,turning
data/processed/driver_images_real/turning_0327.jpg,turning
data/processed/driver_images_real/turning_0328.jpg,turning
data/processed/driver_images_real/turning_0329.jpg,turning
data/processed/driver_images_real/turning_0330.jpg,turning
data/processed/driver_images_real/turning_0331.jpg,turning
data/processed/driver_images_real/turning_0332.jpg,turning
data/processed/driver_images_real/turning_0333.jpg,turning
data/processed/driver_images_real/turning_0334.jpg,turning
data/processed/driver_images_real/turning_0335.jpg,turning
data/processed/driver_images_real/turning_0336.jpg,turning
data/processed/driver_images_real/turning_0337.jpg,turning
data/processed/driver_images_real/turning_0338.jpg,turning
data/processed/driver_images_real/turning_0339.jpg,turning
data/processed/driver_images_real/turning_0340.jpg,turning
data/processed/driver_images_real/turning_0341.jpg,turning
data/processed/driver_images_real/turning_0342.jpg,turning
data/processed/driver_images_real/turning_0343.jpg,turning
data/processed/driver_images_real/turning_0344.jpg,turning
data/processed/driver_images_real/turning_0345.jpg,turning
data/processed/driver_images_real/turning_0346.jpg,turning
data/processed/driver_images_real/turning_0347.jpg,turning
data/processed/driver_images_real/turning_0348.jpg,turning
data/processed/driver_images_real/turning_0349.jpg,turning
data/processed/driver_images_real/turning_0350.jpg,turning
data/processed/driver_images_real/turning_0351.jpg,turning
data/processed/driver_images_real/turning_0352.jpg,turning
data/processed/driver_images_real/turning_0353.jpg,turning
data/processed/driver_images_real/turning_0354.jpg,turning
data/processed/driver_images_real/turning_0355.jpg,turning
data/processed/driver_images_real/turning_0356.jpg,turning
data/processed/driver_images_real/turning_0357.jpg,turning
data/processed/driver_images_real/turning_0358.jpg,turning
data/processed/driver_images_real/turning_0359.jpg,turning
data/processed/driver_images_real/turning_0360.jpg,turning
data/processed/driver_images_real/turning_0361.jpg,turning
data/processed/driver_images_real/turning_0362.jpg,turning
data/processed/driver_images_real/turning_0363.jpg,turning
data/processed/driver_images_real/turning_0364.jpg,turning
data/processed/driver_images_real/turning_0365.jpg,turning
data/processed/driver_images_real/turning_0366.jpg,turning
data/processed/driver_images_real/turning_0367.jpg,turning
data/processed/driver_images_real/turning_0368.jpg,turning
data/processed/driver_images_real/turning_0369.jpg,turning
data/processed/driver_images_real/turning_0370.jpg,turning
data/processed/driver_images_real/turning_0371.jpg,turning
data/processed/driver_images_real/turning_0372.jpg,turning
data/processed/driver_images_real/turning_0373.jpg,turning
data/processed/driver_images_real/turning_0374.jpg,turning
data/processed/driver_images_real/turning_0375.jpg,turning
data/processed/driver_images_real/turning_0376.jpg,turning
data/processed/driver_images_real/turning_0377.jpg,turning
data/processed/driver_images_real/turning_0378.jpg,turning
data/processed/driver_images_real/turning_0379.jpg,turning
data/processed/driver_images_real/turning_0380.jpg,turning
data/processed/driver_images_real/turning_0381.jpg,turning
data/processed/driver_images_real/turning_0382.jpg,turning
data/processed/driver_images_real/turning_0383.jpg,turning
data/processed/driver_images_real/turning_0384.jpg,turning
data/processed/driver_images_real/turning_0385.jpg,turning
data/processed/driver_images_real/turning_0386.jpg,turning
data/processed/driver_images_real/turning_0387.jpg,turning
data/processed/driver_images_real/turning_0388.jpg,turning
data/processed/driver_images_real/turning_0389.jpg,turning
data/processed/driver_images_real/turning_0390.jpg,turning
data/processed/driver_images_real/turning_0391.jpg,turning
data/processed/driver_images_real/turning_0392.jpg,turning
data/processed/driver_images_real/turning_0393.jpg,turning
data/processed/driver_images_real/turning_0394.jpg,turning
data/processed/driver_images_real/turning_0395.jpg,turning
data/processed/driver_images_real/turning_0396.jpg,turning
data/processed/driver_images_real/turning_0397.jpg,turning
data/processed/driver_images_real/turning_0398.jpg,turning
data/processed/driver_images_real/turning_0399.jpg,turning
data/processed/driver_images_real/turning_0400.jpg,turning
data/processed/driver_images_real/turning_0401.jpg,turning
data/processed/driver_images_real/turning_0402.jpg,turning
data/processed/driver_images_real/turning_0403.jpg,turning
data/processed/driver_images_real/turning_0404.jpg,turning
data/processed/driver_images_real/turning_0405.jpg,turning
data/processed/driver_images_real/turning_0406.jpg,turning
data/processed/driver_images_real/turning_0407.jpg,turning
data/processed/driver_images_real/turning_0408.jpg,turning
data/processed/driver_images_real/turning_0409.jpg,turning
data/processed/driver_images_real/turning_0410.jpg,turning
data/processed/driver_images_real/turning_0411.jpg,turning
data/processed/driver_images_real/turning_0412.jpg,turning
data/processed/driver_images_real/turning_0413.jpg,turning
data/processed/driver_images_real/turning_0414.jpg,turning
data/processed/driver_images_real/turning_0415.jpg,turning
data/processed/driver_images_real/turning_0416.jpg,turning
data/processed/driver_images_real/turning_0417.jpg,turning
data/processed/driver_images_real/turning_0418.jpg,turning
data/processed/driver_images_real/turning_0419.jpg,turning
data/processed/driver_images_real/turning_0420.jpg,turning
data/processed/driver_images_real/turning_0421.jpg,turning
data/processed/driver_images_real/turning_0422.jpg,turning
data/processed/driver_images_real/turning_0423.jpg,turning
data/processed/driver_images_real/turning_0424.jpg,turning
data/processed/driver_images_real/turning_0425.jpg,turning
data/processed/driver_images_real/turning_0426.jpg,turning
data/processed/driver_images_real/turning_0427.jpg,turning
data/processed/driver_images_real/turning_0428.jpg,turning
data/processed/driver_images_real/turning_0429.jpg,turning
data/processed/driver_images_real/turning_0430.jpg,turning
data/processed/driver_images_real/turning_0431.jpg,turning
data/processed/driver_images_real/turning_0432.jpg,turning
data/processed/driver_images_real/turning_0433.jpg,turning
data/processed/driver_images_real/turning_0434.jpg,turning
data/processed/driver_images_real/turning_0435.jpg,turning
data/processed/driver_images_real/turning_0436.jpg,turning
data/processed/driver_images_real/turning_0437.jpg,turning
data/processed/driver_images_real/turning_0438.jpg,turning
data/processed/driver_images_real/turning_0439.jpg,turning
data/processed/driver_images_real/turning_0440.jpg,turning
data/processed/driver_images_real/turning_0441.jpg,turning
data/processed/driver_images_real/turning_0442.jpg,turning
data/processed/driver_images_real/turning_0443.jpg,turning
data/processed/driver_images_real/turning_0444.jpg,turning
data/processed/driver_images_real/turning_0445.jpg,turning
data/processed/driver_images_real/turning_0446.jpg,turning
data/processed/driver_images_real/turning_0447.jpg,turning
data/processed/driver_images_real/turning_0448.jpg,turning
data/processed/driver_images_real/turning_0449.jpg,turning
data/processed/driver_images_real/turning_0450.jpg,turning
data/processed/driver_images_real/turning_0451.jpg,turning
data/processed/driver_images_real/turning_0452.jpg,turning
data/processed/driver_images_real/turning_0453.jpg,turning
data/processed/driver_images_real/turning_0454.jpg,turning
data/processed/driver_images_real/turning_0455.jpg,turning
data/processed/driver_images_real/turning_0456.jpg,turning
data/processed/driver_images_real/turning_0457.jpg,turning
data/processed/driver_images_real/turning_0458.jpg,turning
data/processed/driver_images_real/turning_0459.jpg,turning
data/processed/driver_images_real/turning_0460.jpg,turning
data/processed/driver_images_real/turning_0461.jpg,turning
data/processed/driver_images_real/turning_0462.jpg,turning
data/processed/driver_images_real/turning_0463.jpg,turning
data/processed/driver_images_real/turning_0464.jpg,turning
data/processed/driver_images_real/turning_0465.jpg,turning
data/processed/driver_images_real/turning_0466.jpg,turning
data/processed/driver_images_real/turning_0467.jpg,turning
data/processed/driver_images_real/turning_0468.jpg,turning
data/processed/driver_images_real/turning_0469.jpg,turning
data/processed/driver_images_real/turning_0470.jpg,turning
data/processed/driver_images_real/turning_0471.jpg,turning
data/processed/driver_images_real/turning_0472.jpg,turning
data/processed/driver_images_real/turning_0473.jpg,turning
data/processed/driver_images_real/turning_0474.jpg,turning
data/processed/driver_images_real/turning_0475.jpg,turning
data/processed/driver_images_real/turning_0476.jpg,turning
data/processed/driver_images_real/turning_0477.jpg,turning
data/processed/driver_images_real/turning_0478.jpg,turning
data/processed/driver_images_real/turning_0479.jpg,turning
data/processed/driver_images_real/turning_0480.jpg,turning
data/processed/driver_images_real/turning_0481.jpg,turning
data/processed/driver_images_real/turning_0482.jpg,turning
data/processed/driver_images_real/turning_0483.jpg,turning
data/processed/driver_images_real/turning_0484.jpg,turning
data/processed/driver_images_real/turning_0485.jpg,turning
data/processed/driver_images_real/turning_0486.jpg,turning
data/processed/driver_images_real/turning_0487.jpg,turning
data/processed/driver_images_real/turning_0488.jpg,turning
data/processed/driver_images_real/turning_0489.jpg,turning
data/processed/driver_images_real/turning_0490.jpg,turning
data/processed/driver_images_real/turning_0491.jpg,turning
data/processed/driver_images_real/turning_0492.jpg,turning
data/processed/driver_images_real/turning_0493.jpg,turning
data/processed/driver_images_real/turning_0494.jpg,turning
data/processed/driver_images_real/turning_0495.jpg,turning
data/processed/driver_images_real/turning_0496.jpg,turning
data/processed/driver_images_real/turning_0497.jpg,turning
data/processed/driver_images_real/turning_0498.jpg,turning
data/processed/driver_images_real/turning_0499.jpg,turning
data/processed/driver_images_real/turning_0500.jpg,turning
data/processed/driver_images_real/turning_0501.jpg,turning
data/processed/driver_images_real/turning_0502.jpg,turning
data/processed/driver_images_real/turning_0503.jpg,turning
data/processed/driver_images_real/turning_0504.jpg,turning
data/processed/driver_images_real/turning_0505.jpg,turning
data/processed/driver_images_real/turning_0506.jpg,turning
data/processed/driver_images_real/turning_0507.jpg,turning
data/processed/driver_images_real/turning_0508.jpg,turning
data/processed/driver_images_real/turning_0509.jpg,turning
data/processed/driver_images_real/turning_0510.jpg,turning
data/processed/driver_images_real/turning_0511.jpg,turning
data/processed/driver_images_real/turning_0512.jpg,turning
data/processed/driver_images_real/turning_0513.jpg,turning
data/processed/driver_images_real/turning_0514.jpg,turning
data/processed/driver_images_real/turning_0515.jpg,turning
data/processed/driver_images_real/turning_0516.jpg,turning
data/processed/driver_images_real/turning_0517.jpg,turning
data/processed/driver_images_real/turning_0518.jpg,turning
data/processed/driver_images_real/turning_0519.jpg,turning
data/processed/driver_images_real/turning_0520.jpg,turning
data/processed/driver_images_real/turning_0521.jpg,turning
data/processed/driver_images_real/turning_0522.jpg,turning
data/processed/driver_images_real/turning_0523.jpg,turning
data/processed/driver_images_real/turning_0524.jpg,turning
data/processed/driver_images_real/turning_0525.jpg,turning
data/processed/driver_images_real/turning_0526.jpg,turning
data/processed/driver_images_real/turning_0527.jpg,turning
data/processed/driver_images_real/turning_0528.jpg,turning
data/processed/driver_images_real/turning_0529.jpg,turning
data/processed/driver_images_real/turning_0530.jpg,turning
data/processed/driver_images_real/turning_0531.jpg,turning
data/processed/driver_images_real/turning_0532.jpg,turning
data/processed/driver_images_real/turning_0533.jpg,turning
data/processed/driver_images_real/turning_0534.jpg,turning
data/processed/driver_images_real/turning_0535.jpg,turning
data/processed/driver_images_real/turning_0536.jpg,turning
data/processed/driver_images_real/turning_0537.jpg,turning
data/processed/driver_images_real/turning_0538.jpg,turning
data/processed/driver_images_real/turning_0539.jpg,turning
data/processed/driver_images_real/turning_0540.jpg,turning
data/processed/driver_images_real/turning_0541.jpg,turning
data/processed/driver_images_real/turning_0542.jpg,turning
data/processed/driver_images_real/turning_0543.jpg,turning
data/processed/driver_images_real/turning_0544.jpg,turning
data/processed/driver_images_real/turning_0545.jpg,turning
data/processed/driver_images_real/turning_0546.jpg,turning
data/processed/driver_images_real/turning_0547.jpg,turning
data/processed/driver_images_real/turning_0548.jpg,turning
data/processed/driver_images_real/turning_0549.jpg,turning
data/processed/driver_images_real/turning_0550.jpg,turning
data/processed/driver_images_real/turning_0551.jpg,turning
data/processed/driver_images_real/turning_0552.jpg,turning
data/processed/driver_images_real/turning_0553.jpg,turning
data/processed/driver_images_real/turning_0554.jpg,turning
data/processed/driver_images_real/turning_0555.jpg,turning
data/processed/driver_images_real/turning_0556.jpg,turning
data/processed/driver_images_real/turning_0557.jpg,turning
data/processed/driver_images_real/turning_0558.jpg,turning
data/processed/driver_images_real/turning_0559.jpg,turning
data/processed/driver_images_real/turning_0560.jpg,turning
data/processed/driver_images_real/turning_0561.jpg,turning
data/processed/driver_images_real/turning_0562.jpg,turning
data/processed/driver_images_real/turning_0563.jpg,turning
data/processed/driver_images_real/turning_0564.jpg,turning
data/processed/driver_images_real/turning_0565.jpg,turning
data/processed/driver_images_real/turning_0566.jpg,turning
data/processed/driver_images_real/turning_0567.jpg,turning
data/processed/driver_images_real/turning_0568.jpg,turning
data/processed/driver_images_real/turning_0569.jpg,turning
data/processed/driver_images_real/turning_0570.jpg,turning
data/processed/driver_images_real/turning_0571.jpg,turning
data/processed/driver_images_real/turning_0572.jpg,turning
data/processed/driver_images_real/turning_0573.jpg,turning
data/processed/driver_images_real/turning_0574.jpg,turning
data/processed/driver_images_real/turning_0575.jpg,turning
data/processed/driver_images_real/turning_0576.jpg,turning
data/processed/driver_images_real/turning_0577.jpg,turning
data/processed/driver_images_real/turning_0578.jpg,turning
data/processed/driver_images_real/turning_0579.jpg,turning
data/processed/driver_images_real/turning_0580.jpg,turning
data/processed/driver_images_real/turning_0581.jpg,turning
data/processed/driver_images_real/turning_0582.jpg,turning
data/processed/driver_images_real/turning_0583.jpg,turning
data/processed/driver_images_real/turning_0584.jpg,turning
data/processed/driver_images_real/turning_0585.jpg,turning
data/processed/driver_images_real/turning_0586.jpg,turning
data/processed/driver_images_real/turning_0587.jpg,turning
data/processed/driver_images_real/turning_0588.jpg,turning
data/processed/driver_images_real/turning_0589.jpg,turning
data/processed/driver_images_real/turning_0590.jpg,turning
data/processed/driver_images_real/turning_0591.jpg,turning
data/processed/driver_images_real/turning_0592.jpg,turning
data/processed/driver_images_real/turning_0593.jpg,turning
data/processed/driver_images_real/turning_0594.jpg,turning
data/processed/driver_images_real/turning_0595.jpg,turning
data/processed/driver_images_real/turning_0596.jpg,turning
data/processed/driver_images_real/turning_0597.jpg,turning
data/processed/driver_images_real/turning_0598.jpg,turning
data/processed/driver_images_real/turning_0599.jpg,turning
data/processed/driver_images_real/turning_0600.jpg,turning
data/processed/driver_images_real/turning_0601.jpg,turning
data/processed/driver_images_real/turning_0602.jpg,turning
data/processed/driver_images_real/turning_0603.jpg,turning
data/processed/driver_images_real/turning_0604.jpg,turning
data/processed/driver_images_real/turning_0605.jpg,turning
data/processed/driver_images_real/turning_0606.jpg,turning
data/processed/driver_images_real/turning_0607.jpg,turning
data/processed/driver_images_real/turning_0608.jpg,turning
data/processed/driver_images_real/turning_0609.jpg,turning
data/processed/driver_images_real/turning_0610.jpg,turning
data/processed/driver_images_real/turning_0611.jpg,turning
data/processed/driver_images_real/turning_0612.jpg,turning
data/processed/driver_images_real/turning_0613.jpg,turning
data/processed/driver_images_real/turning_0614.jpg,turning
data/processed/driver_images_real/turning_0615.jpg,turning
data/processed/driver_images_real/turning_0616.jpg,turning
data/processed/driver_images_real/turning_0617.jpg,turning
data/processed/driver_images_real/turning_0618.jpg,turning
data/processed/driver_images_real/turning_0619.jpg,turning
data/processed/driver_images_real/turning_0620.jpg,turning
data/processed/driver_images_real/turning_0621.jpg,turning
data/processed/driver_images_real/turning_0622.jpg,turning
data/processed/driver_images_real/turning_0623.jpg,turning
data/processed/driver_images_real/turning_0624.jpg,turning
data/processed/driver_images_real/turning_0625.jpg,turning
data/processed/driver_images_real/turning_0626.jpg,turning
data/processed/driver_images_real/turning_0627.jpg,turning
data/processed/driver_images_real/turning_0628.jpg,turning
data/processed/driver_images_real/turning_0629.jpg,turning
data/processed/driver_images_real/turning_0630.jpg,turning
data/processed/driver_images_real/turning_0631.jpg,turning
data/processed/driver_images_real/turning_0632.jpg,turning
data/processed/driver_images_real/turning_0633.jpg,turning
data/processed/driver_images_real/turning_0634.jpg,turning
data/processed/driver_images_real/turning_0635.jpg,turning
data/processed/driver_images_real/turning_0636.jpg,turning
data/processed/driver_images_real/turning_0637.jpg,turning
data/processed/driver_images_real/turning_0638.jpg,turning
data/processed/driver_images_real/turning_0639.jpg,turning
data/processed/driver_images_real/turning_0640.jpg,turning
data/processed/driver_images_real/turning_0641.jpg,turning
data/processed/driver_images_real/turning_0642.jpg,turning
data/processed/driver_images_real/turning_0643.jpg,turning
data/processed/driver_images_real/turning_0644.jpg,turning
data/processed/driver_images_real/turning_0645.jpg,turning
data/processed/driver_images_real/turning_0646.jpg,turning
data/processed/driver_images_real/turning_0647.jpg,turning
data/processed/driver_images_real/turning_0648.jpg,turning
data/processed/driver_images_real/turning_0649.jpg,turning
data/processed/driver_images_real/turning_0650.jpg,turning
data/processed/driver_images_real/turning_0651.jpg,turning
data/processed/driver_images_real/turning_0652.jpg,turning
data/processed/driver_images_real/turning_0653.jpg,turning
data/processed/driver_images_real/turning_0654.jpg,turning
data/processed/driver_images_real/turning_0655.jpg,turning
data/processed/driver_images_real/turning_0656.jpg,turning
data/processed/driver_images_real/turning_0657.jpg,turning
data/processed/driver_images_real/turning_0658.jpg,turning
data/processed/driver_images_real/turning_0659.jpg,turning
data/processed/driver_images_real/turning_0660.jpg,turning
data/processed/driver_images_real/turning_0661.jpg,turning
data/processed/driver_images_real/turning_0662.jpg,turning
data/processed/driver_images_real/turning_0663.jpg,turning
data/processed/driver_images_real/turning_0664.jpg,turning
data/processed/driver_images_real/turning_0665.jpg,turning
data/processed/driver_images_real/turning_0666.jpg,turning
data/processed/driver_images_real/turning_0667.jpg,turning
data/processed/driver_images_real/turning_0668.jpg,turning
data/processed/driver_images_real/turning_0669.jpg,turning
data/processed/driver_images_real/turning_0670.jpg,turning
data/processed/driver_images_real/turning_0671.jpg,turning
data/processed/driver_images_real/turning_0672.jpg,turning
data/processed/driver_images_real/turning_0673.jpg,turning
data/processed/driver_images_real/turning_0674.jpg,turning
data/processed/driver_images_real/turning_0675.jpg,turning
data/processed/driver_images_real/turning_0676.jpg,turning
data/processed/driver_images_real/turning_0677.jpg,turning
data/processed/driver_images_real/turning_0678.jpg,turning
data/processed/driver_images_real/turning_0679.jpg,turning
data/processed/driver_images_real/turning_0680.jpg,turning
data/processed/driver_images_real/turning_0681.jpg,turning
data/processed/driver_images_real/turning_0682.jpg,turning
data/processed/driver_images_real/turning_0683.jpg,turning
data/processed/driver_images_real/turning_0684.jpg,turning
data/processed/driver_images_real/turning_0685.jpg,turning
data/processed/driver_images_real/turning_0686.jpg,turning
data/processed/driver_images_real/turning_0687.jpg,turning
data/processed/driver_images_real/turning_0688.jpg,turning
data/processed/driver_images_real/turning_0689.jpg,turning
data/processed/driver_images_real/turning_0690.jpg,turning
data/processed/driver_images_real/turning_0691.jpg,turning
data/processed/driver_images_real/turning_0692.jpg,turning
data/processed/driver_images_real/turning_0693.jpg,turning
data/processed/driver_images_real/turning_0694.jpg,turning
data/processed/driver_images_real/turning_0695.jpg,turning
data/processed/driver_images_real/turning_0696.jpg,turning
data/processed/driver_images_real/turning_0697.jpg,turning
data/processed/driver_images_real/turning_0698.jpg,turning
data/processed/driver_images_real/turning_0699.jpg,turning
data/processed/driver_images_real/turning_0700.jpg,turning
data/processed/driver_images_real/turning_0701.jpg,turning
data/processed/driver_images_real/turning_0702.jpg,turning
data/processed/driver_images_real/turning_0703.jpg,turning
data/processed/driver_images_real/turning_0704.jpg,turning
data/processed/driver_images_real/turning_0705.jpg,turning
data/processed/driver_images_real/turning_0706.jpg,turning
data/processed/driver_images_real/turning_0707.jpg,turning
data/processed/driver_images_real/turning_0708.jpg,turning
data/processed/driver_images_real/turning_0709.jpg,turning
data/processed/driver_images_real/turning_0710.jpg,turning
data/processed/driver_images_real/turning_0711.jpg,turning
data/processed/driver_images_real/turning_0712.jpg,turning
data/processed/driver_images_real/turning_0713.jpg,turning
data/processed/driver_images_real/turning_0714.jpg,turning
data/processed/driver_images_real/turning_0715.jpg,turning
data/processed/driver_images_real/turning_0716.jpg,turning
data/processed/driver_images_real/turning_0717.jpg,turning
data/processed/driver_images_real/turning_0718.jpg,turning
data/processed/driver_images_real/turning_0719.jpg,turning
data/processed/driver_images_real/turning_0720.jpg,turning
data/processed/driver_images_real/turning_0721.jpg,turning
data/processed/driver_images_real/turning_0722.jpg,turning
data/processed/driver_images_real/turning_0723.jpg,turning
data/processed/driver_images_real/turning_0724.jpg,turning
data/processed/driver_images_real/turning_0725.jpg,turning
data/processed/driver_images_real/turning_0726.jpg,turning
data/processed/driver_images_real/turning_0727.jpg,turning
data/processed/driver_images_real/turning_0728.jpg,turning
data/processed/driver_images_real/turning_0729.jpg,turning
data/processed/driver_images_real/turning_0730.jpg,turning
data/processed/driver_images_real/turning_0731.jpg,turning
data/processed/driver_images_real/turning_0732.jpg,turning
data/processed/driver_images_real/turning_0733.jpg,turning
data/processed/driver_images_real/turning_0734.jpg,turning
data/processed/driver_images_real/turning_0735.jpg,turning
data/processed/driver_images_real/turning_0736.jpg,turning
data/processed/driver_images_real/turning_0737.jpg,turning
data/processed/driver_images_real/turning_0738.jpg,turning
data/processed/driver_images_real/turning_0739.jpg,turning
data/processed/driver_images_real/turning_0740.jpg,turning
data/processed/driver_images_real/turning_0741.jpg,turning
data/processed/driver_images_real/turning_0742.jpg,turning
data/processed/driver_images_real/turning_0743.jpg,turning
data/processed/driver_images_real/turning_0744.jpg,turning
data/processed/driver_images_real/turning_0745.jpg,turning
data/processed/driver_images_real/turning_0746.jpg,turning
data/processed/driver_images_real/turning_0747.jpg,turning
data/processed/driver_images_real/turning_0748.jpg,turning
data/processed/driver_images_real/turning_0749.jpg,turning
data/processed/driver_images_real/turning_0750.jpg,turning
data/processed/driver_images_real/turning_0751.jpg,turning
data/processed/driver_images_real/turning_0752.jpg,turning
data/processed/driver_images_real/turning_0753.jpg,turning
data/processed/driver_images_real/turning_0754.jpg,turning
data/processed/driver_images_real/turning_0755.jpg,turning
data/processed/driver_images_real/turning_0756.jpg,turning
data/processed/driver_images_real/turning_0757.jpg,turning
data/processed/driver_images_real/turning_0758.jpg,turning
data/processed/driver_images_real/turning_0759.jpg,turning
data/processed/driver_images_real/turning_0760.jpg,turning
data/processed/driver_images_real/turning_0761.jpg,turning
data/processed/driver_images_real/turning_0762.jpg,turning
data/processed/driver_images_real/turning_0763.jpg,turning
data/processed/driver_images_real/turning_0764.jpg,turning
data/processed/driver_images_real/turning_0765.jpg,turning
data/processed/driver_images_real/turning_0766.jpg,turning
data/processed/driver_images_real/turning_0767.jpg,turning
data/processed/driver_images_real/turning_0768.jpg,turning
data/processed/driver_images_real/turning_0769.jpg,turning
data/processed/driver_images_real/turning_0770.jpg,turning
data/processed/driver_images_real/turning_0771.jpg,turning
data/processed/driver_images_real/turning_0772.jpg,turning
data/processed/driver_images_real/turning_0773.jpg,turning
data/processed/driver_images_real/turning_0774.jpg,turning
data/processed/driver_images_real/turning_0775.jpg,turning
data/processed/driver_images_real/turning_0776.jpg,turning
data/processed/driver_images_real/turning_0777.jpg,turning
data/processed/driver_images_real/turning_0778.jpg,turning
data/processed/driver_images_real/turning_0779.jpg,turning
data/processed/driver_images_real/turning_0780.jpg,turning
data/processed/driver_images_real/turning_0781.jpg,turning
data/processed/driver_images_real/turning_0782.jpg,turning
data/processed/driver_images_real/turning_0783.jpg,turning
data/processed/driver_images_real/turning_0784.jpg,turning
data/processed/driver_images_real/turning_0785.jpg,turning
data/processed/driver_images_real/turning_0786.jpg,turning
data/processed/driver_images_real/turning_0787.jpg,turning
data/processed/driver_images_real/turning_0788.jpg,turning
data/processed/driver_images_real/turning_0789.jpg,turning
data/processed/driver_images_real/turning_0790.jpg,turning
data/processed/driver_images_real/turning_0791.jpg,turning
data/processed/driver_images_real/turning_0792.jpg,turning
data/processed/driver_images_real/turning_0793.jpg,turning
data/processed/driver_images_real/turning_0794.jpg,turning
data/processed/driver_images_real/turning_0795.jpg,turning
data/processed/driver_images_real/turning_0796.jpg,turning
data/processed/driver_images_real/turning_0797.jpg,turning
data/processed/driver_images_real/turning_0798.jpg,turning
data/processed/driver_images_real/turning_0799.jpg,turning
data/processed/driver_images_real/turning_0800.jpg,turning
data/processed/driver_images_real/turning_0801.jpg,turning
data/processed/driver_images_real/turning_0802.jpg,turning
data/processed/driver_images_real/turning_0803.jpg,turning
data/processed/driver_images_real/turning_0804.jpg,turning
data/processed/driver_images_real/turning_0805.jpg,turning
data/processed/driver_images_real/turning_0806.jpg,turning
data/processed/driver_images_real/turning_0807.jpg,turning
data/processed/driver_images_real/turning_0808.jpg,turning
data/processed/driver_images_real/turning_0809.jpg,turning
data/processed/driver_images_real/turning_0810.jpg,turning
data/processed/driver_images_real/turning_0811.jpg,turning
data/processed/driver_images_real/turning_0812.jpg,turning
data/processed/driver_images_real/turning_0813.jpg,turning
data/processed/driver_images_real/turning_0814.jpg,turning
data/processed/driver_images_real/turning_0815.jpg,turning
data/processed/driver_images_real/turning_0816.jpg,turning
data/processed/driver_images_real/turning_0817.jpg,turning
data/processed/driver_images_real/turning_0818.jpg,turning
data/processed/driver_images_real/turning_0819.jpg,turning
data/processed/driver_images_real/turning_0820.jpg,turning
data/processed/driver_images_real/turning_0821.jpg,turning
data/processed/driver_images_real/turning_0822.jpg,turning
data/processed/driver_images_real/turning_0823.jpg,turning
data/processed/driver_images_real/turning_0824.jpg,turning
data/processed/driver_images_real/turning_0825.jpg,turning
data/processed/driver_images_real/turning_0826.jpg,turning
data/processed/driver_images_real/turning_0827.jpg,turning
data/processed/driver_images_real/turning_0828.jpg,turning
data/processed/driver_images_real/turning_0829.jpg,turning
data/processed/driver_images_real/turning_0830.jpg,turning
data/processed/driver_images_real/turning_0831.jpg,turning
data/processed/driver_images_real/turning_0832.jpg,turning
data/processed/driver_images_real/turning_0833.jpg,turning
data/processed/driver_images_real/turning_0834.jpg,turning
data/processed/driver_images_real/turning_0835.jpg,turning
data/processed/driver_images_real/turning_0836.jpg,turning
data/processed/driver_images_real/turning_0837.jpg,turning
data/processed/driver_images_real/turning_0838.jpg,turning
data/processed/driver_images_real/turning_0839.jpg,turning
data/processed/driver_images_real/turning_0840.jpg,turning
data/processed/driver_images_real/turning_0841.jpg,turning
data/processed/driver_images_real/turning_0842.jpg,turning
data/processed/driver_images_real/turning_0843.jpg,turning
data/processed/driver_images_real/turning_0844.jpg,turning
data/processed/driver_images_real/turning_0845.jpg,turning
data/processed/driver_images_real/turning_0846.jpg,turning
data/processed/driver_images_real/turning_0847.jpg,turning
data/processed/driver_images_real/turning_0848.jpg,turning
data/processed/driver_images_real/turning_0849.jpg,turning
data/processed/driver_images_real/turning_0850.jpg,turning
data/processed/driver_images_real/turning_0851.jpg,turning
data/processed/driver_images_real/turning_0852.jpg,turning
data/processed/driver_images_real/turning_0853.jpg,turning
data/processed/driver_images_real/turning_0854.jpg,turning
data/processed/driver_images_real/turning_0855.jpg,turning
data/processed/driver_images_real/turning_0856.jpg,turning
data/processed/driver_images_real/turning_0857.jpg,turning
data/processed/driver_images_real/turning_0858.jpg,turning
data/processed/driver_images_real/turning_0859.jpg,turning
data/processed/driver_images_real/turning_0860.jpg,turning
data/processed/driver_images_real/turning_0861.jpg,turning
data/processed/driver_images_real/turning_0862.jpg,turning
data/processed/driver_images_real/turning_0863.jpg,turning
data/processed/driver_images_real/turning_0864.jpg,turning
data/processed/driver_images_real/turning_0865.jpg,turning
data/processed/driver_images_real/turning_0866.jpg,turning
data/processed/driver_images_real/turning_0867.jpg,turning
data/processed/driver_images_real/turning_0868.jpg,turning
data/processed/driver_images_real/turning_0869.jpg,turning
data/processed/driver_images_real/turning_0870.jpg,turning
data/processed/driver_images_real/turning_0871.jpg,turning
data/processed/driver_images_real/turning_0872.jpg,turning
data/processed/driver_images_real/turning_0873.jpg,turning
data/processed/driver_images_real/turning_0874.jpg,turning
data/processed/driver_images_real/turning_0875.jpg,turning
data/processed/driver_images_real/turning_0876.jpg,turning
data/processed/driver_images_real/turning_0877.jpg,turning
data/processed/driver_images_real/turning_0878.jpg,turning
data/processed/driver_images_real/turning_0879.jpg,turning
data/processed/driver_images_real/turning_0880.jpg,turning
data/processed/driver_images_real/turning_0881.jpg,turning
data/processed/driver_images_real/turning_0882.jpg,turning
data/processed/driver_images_real/turning_0883.jpg,turning
data/processed/driver_images_real/turning_0884.jpg,turning
data/processed/driver_images_real/turning_0885.jpg,turning
data/processed/driver_images_real/turning_0886.jpg,turning
data/processed/driver_images_real/turning_0887.jpg,turning
data/processed/driver_images_real/turning_0888.jpg,turning
data/processed/driver_images_real/turning_0889.jpg,turning
data/processed/driver_images_real/turning_0890.jpg,turning
data/processed/driver_images_real/turning_0891.jpg,turning
data/processed/driver_images_real/turning_0892.jpg,turning
data/processed/driver_images_real/turning_0893.jpg,turning
data/processed/driver_images_real/turning_0894.jpg,turning
data/processed/driver_images_real/turning_0895.jpg,turning
data/processed/driver_images_real/turning_0896.jpg,turning
data/processed/driver_images_real/turning_0897.jpg,turning
data/processed/driver_images_real/turning_0898.jpg,turning
data/processed/driver_images_real/turning_0899.jpg,turning
data/processed/driver_images_real/turning_0900.jpg,turning
data/processed/driver_images_real/turning_0901.jpg,turning
data/processed/driver_images_real/turning_0902.jpg,turning
data/processed/driver_images_real/turning_0903.jpg,turning
data/processed/driver_images_real/turning_0904.jpg,turning
data/processed/driver_images_real/turning_0905.jpg,turning
data/processed/driver_images_real/turning_0906.jpg,turning
data/processed/driver_images_real/turning_0907.jpg,turning
data/processed/driver_images_real/turning_0908.jpg,turning
data/processed/driver_images_real/turning_0909.jpg,turning
data/processed/driver_images_real/turning_0910.jpg,turning
data/processed/driver_images_real/turning_0911.jpg,turning
data/processed/driver_images_real/turning_0912.jpg,turning
data/processed/driver_images_real/turning_0913.jpg,turning
data/processed/driver_images_real/turning_0914.jpg,turning
data/processed/driver_images_real/turning_0915.jpg,turning
data/processed/driver_images_real/turning_0916.jpg,turning
data/processed/driver_images_real/turning_0917.jpg,turning
data/processed/driver_images_real/turning_0918.jpg,turning
data/processed/driver_images_real/turning_0919.jpg,turning
data/processed/driver_images_real/turning_0920.jpg,turning
data/processed/driver_images_real/turning_0921.jpg,turning
data/processed/driver_images_real/turning_0922.jpg,turning
data/processed/driver_images_real/turning_0923.jpg,turning
data/processed/driver_images_real/turning_0924.jpg,turning
data/processed/driver_images_real/turning_0925.jpg,turning
data/processed/driver_images_real/turning_0926.jpg,turning
data/processed/driver_images_real/turning_0927.jpg,turning
data/processed/driver_images_real/turning_0928.jpg,turning
data/processed/driver_images_real/turning_0929.jpg,turning
data/processed/driver_images_real/turning_0930.jpg,turning
data/processed/driver_images_real/turning_0931.jpg,turning
data/processed/driver_images_real/turning_0932.jpg,turning
data/processed/driver_images_real/turning_0933.jpg,turning
data/processed/driver_images_real/turning_0934.jpg,turning
data/processed/driver_images_real/turning_0935.jpg,turning
data/processed/driver_images_real/turning_0936.jpg,turning
data/processed/driver_images_real/turning_0937.jpg,turning
data/processed/driver_images_real/turning_0938.jpg,turning
data/processed/driver_images_real/turning_0939.jpg,turning
data/processed/driver_images_real/turning_0940.jpg,turning
data/processed/driver_images_real/turning_0941.jpg,turning
data/processed/driver_images_real/turning_0942.jpg,turning
data/processed/driver_images_real/turning_0943.jpg,turning
data/processed/driver_images_real/turning_0944.jpg,turning
data/processed/driver_images_real/turning_0945.jpg,turning
data/processed/driver_images_real/turning_0946.jpg,turning
data/processed/driver_images_real/turning_0947.jpg,turning
data/processed/driver_images_real/turning_0948.jpg,turning
data/processed/driver_images_real/turning_0949.jpg,turning
data/processed/driver_images_real/turning_0950.jpg,turning
data/processed/driver_images_real/turning_0951.jpg,turning
data/processed/driver_images_real/turning_0952.jpg,turning
data/processed/driver_images_real/turning_0953.jpg,turning
data/processed/driver_images_real/turning_0954.jpg,turning
data/processed/driver_images_real/turning_0955.jpg,turning
data/processed/driver_images_real/turning_0956.jpg,turning
data/processed/driver_images_real/turning_0957.jpg,turning
data/processed/driver_images_real/turning_0958.jpg,turning
data/processed/driver_images_real/turning_0959.jpg,turning
data/processed/driver_images_real/turning_0960.jpg,turning
data/processed/driver_images_real/turning_0961.jpg,turning
data/processed/driver_images_real/turning_0962.jpg,turning
data/processed/driver_images_real/turning_0963.jpg,turning
data/processed/driver_images_real/turning_0964.jpg,turning
data/processed/driver_images_real/turning_0965.jpg,turning
data/processed/driver_images_real/turning_0966.jpg,turning
data/processed/driver_images_real/turning_0967.jpg,turning
data/processed/driver_images_real/turning_0968.jpg,turning
data/processed/driver_images_real/turning_0969.jpg,turning
data/processed/driver_images_real/turning_0970.jpg,turning
data/processed/driver_images_real/turning_0971.jpg,turning
data/processed/driver_images_real/turning_0972.jpg,turning
data/processed/driver_images_real/turning_0973.jpg,turning
data/processed/driver_images_real/turning_0974.jpg,turning
data/processed/driver_images_real/turning_0975.jpg,turning
data/processed/driver_images_real/turning_0976.jpg,turning
data/processed/driver_images_real/turning_0977.jpg,turning
data/processed/driver_images_real/turning_0978.jpg,turning
data/processed/driver_images_real/turning_0979.jpg,turning
data/processed/driver_images_real/turning_0980.jpg,turning
data/processed/driver_images_real/turning_0981.jpg,turning
data/processed/driver_images_real/turning_0982.jpg,turning
data/processed/driver_images_real/turning_0983.jpg,turning
data/processed/driver_images_real/turning_0984.jpg,turning
data/processed/driver_images_real/turning_0985.jpg,turning
data/processed/driver_images_real/turning_0986.jpg,turning
data/processed/driver_images_real/turning_0987.jpg,turning
data/processed/driver_images_real/turning_0988.jpg,turning
data/processed/driver_images_real/turning_0989.jpg,turning
data/processed/driver_images_real/turning_0990.jpg,turning
data/processed/driver_images_real/turning_0991.jpg,turning
data/processed/driver_images_real/turning_0992.jpg,turning
data/processed/driver_images_real/turning_0993.jpg,turning
data/processed/driver_images_real/turning_0994.jpg,turning
data/processed/driver_images_real/turning_0995.jpg,turning
data/processed/driver_images_real/turning_0996.jpg,turning
data/processed/driver_images_real/turning_0997.jpg,turning
data/processed/driver_images_real/turning_0998.jpg,turning
data/processed/driver_images_real/turning_0999.jpg,turning
data/processed/driver_images_real/turning_1000.jpg,turning
data/processed/driver_images_real/turning_1001.jpg,turning
data/processed/driver_images_real/turning_1002.jpg,turning
data/processed/driver_images_real/turning_1003.jpg,turning
data/processed/driver_images_real/turning_1004.jpg,turning
data/processed/driver_images_real/turning_1005.jpg,turning
data/processed/driver_images_real/turning_1006.jpg,turning
data/processed/driver_images_real/turning_1007.jpg,turning
data/processed/driver_images_real/turning_1008.jpg,turning
data/processed/driver_images_real/turning_1009.jpg,turning
data/processed/driver_images_real/turning_1010.jpg,turning
data/processed/driver_images_real/turning_1011.jpg,turning
data/processed/driver_images_real/turning_1012.jpg,turning
data/processed/driver_images_real/turning_1013.jpg,turning
data/processed/driver_images_real/turning_1014.jpg,turning
data/processed/driver_images_real/turning_1015.jpg,turning
data/processed/driver_images_real/turning_1016.jpg,turning
data/processed/driver_images_real/turning_1017.jpg,turning
data/processed/driver_images_real/turning_1018.jpg,turning
data/processed/driver_images_real/turning_1019.jpg,turning
data/processed/driver_images_real/turning_1020.jpg,turning
data/processed/driver_images_real/turning_1021.jpg,turning
data/processed/driver_images_real/turning_1022.jpg,turning
data/processed/driver_images_real/turning_1023.jpg,turning
data/processed/driver_images_real/turning_1024.jpg,turning
data/processed/driver_images_real/turning_1025.jpg,turning
data/processed/driver_images_real/turning_1026.jpg,turning
data/processed/driver_images_real/turning_1027.jpg,turning
data/processed/driver_images_real/turning_1028.jpg,turning
data/processed/driver_images_real/turning_1029.jpg,turning
data/processed/driver_images_real/turning_1030.jpg,turning
data/processed/driver_images_real/turning_1031.jpg,turning
data/processed/driver_images_real/turning_1032.jpg,turning
data/processed/driver_images_real/turning_1033.jpg,turning
data/processed/driver_images_real/turning_1034.jpg,turning
data/processed/driver_images_real/turning_1035.jpg,turning
data/processed/driver_images_real/turning_1036.jpg,turning
data/processed/driver_images_real/turning_1037.jpg,turning
data/processed/driver_images_real/turning_1038.jpg,turning
data/processed/driver_images_real/turning_1039.jpg,turning
data/processed/driver_images_real/turning_1040.jpg,turning
data/processed/driver_images_real/turning_1041.jpg,turning
data/processed/driver_images_real/turning_1042.jpg,turning
data/processed/driver_images_real/turning_1043.jpg,turning
data/processed/driver_images_real/turning_1044.jpg,turning
data/processed/driver_images_real/turning_1045.jpg,turning
data/processed/driver_images_real/turning_1046.jpg,turning
data/processed/driver_images_real/turning_1047.jpg,turning
data/processed/driver_images_real/turning_1048.jpg,turning
data/processed/driver_images_real/turning_1049.jpg,turning
data/processed/driver_images_real/turning_1050.jpg,turning
data/processed/driver_images_real/turning_1051.jpg,turning
data/processed/driver_images_real/turning_1052.jpg,turning
data/processed/driver_images_real/turning_1053.jpg,turning
data/processed/driver_images_real/turning_1054.jpg,turning
data/processed/driver_images_real/turning_1055.jpg,turning
data/processed/driver_images_real/turning_1056.jpg,turning
data/processed/driver_images_real/turning_1057.jpg,turning
data/processed/driver_images_real/turning_1058.jpg,turning
data/processed/driver_images_real/turning_1059.jpg,turning
data/processed/driver_images_real/turning_1060.jpg,turning
data/processed/driver_images_real/turning_1061.jpg,turning
data/processed/driver_images_real/turning_1062.jpg,turning
data/processed/driver_images_real/turning_1063.jpg,turning
data/processed/driver_images_real/turning_1064.jpg,turning
data/processed/driver_images_real/turning_1065.jpg,turning
data/processed/driver_images_real/turning_1066.jpg,turning
data/processed/driver_images_real/turning_1067.jpg,turning
data/processed/driver_images_real/turning_1068.jpg,turning
data/processed/driver_images_real/turning_1069.jpg,turning
data/processed/driver_images_real/turning_1070.jpg,turning
data/processed/driver_images_real/turning_1071.jpg,turning
data/processed/driver_images_real/turning_1072.jpg,turning
data/processed/driver_images_real/turning_1073.jpg,turning
data/processed/driver_images_real/turning_1074.jpg,turning
data/processed/driver_images_real/turning_1075.jpg,turning
data/processed/driver_images_real/turning_1076.jpg,turning
data/processed/driver_images_real/turning_1077.jpg,turning
data/processed/driver_images_real/turning_1078.jpg,turning
data/processed/driver_images_real/turning_1079.jpg,turning
data/processed/driver_images_real/turning_1080.jpg,turning
data/processed/driver_images_real/turning_1081.jpg,turning
data/processed/driver_images_real/turning_1082.jpg,turning
data/processed/driver_images_real/turning_1083.jpg,turning
data/processed/driver_images_real/turning_1084.jpg,turning
data/processed/driver_images_real/turning_1085.jpg,turning
data/processed/driver_images_real/turning_1086.jpg,turning
data/processed/driver_images_real/turning_1087.jpg,turning
data/processed/driver_images_real/turning_1088.jpg,turning
data/processed/driver_images_real/turning_1089.jpg,turning
data/processed/driver_images_real/turning_1090.jpg,turning
data/processed/driver_images_real/turning_1091.jpg,turning
data/processed/driver_images_real/turning_1092.jpg,turning
data/processed/driver_images_real/turning_1093.jpg,turning
data/processed/driver_images_real/turning_1094.jpg,turning
data/processed/driver_images_real/turning_1095.jpg,turning
data/processed/driver_images_real/turning_1096.jpg,turning
data/processed/driver_images_real/turning_1097.jpg,turning
data/processed/driver_images_real/turning_1098.jpg,turning
data/processed/driver_images_real/turning_1099.jpg,turning
data/processed/driver_images_real/turning_1100.jpg,turning
data/processed/driver_images_real/turning_1101.jpg,turning
data/processed/driver_images_real/turning_1102.jpg,turning
data/processed/driver_images_real/turning_1103.jpg,turning
data/processed/driver_images_real/turning_1104.jpg,turning
data/processed/driver_images_real/turning_1105.jpg,turning
data/processed/driver_images_real/turning_1106.jpg,turning
data/processed/driver_images_real/turning_1107.jpg,turning
data/processed/driver_images_real/turning_1108.jpg,turning
data/processed/driver_images_real/turning_1109.jpg,turning
data/processed/driver_images_real/turning_1110.jpg,turning
data/processed/driver_images_real/turning_1111.jpg,turning
data/processed/driver_images_real/turning_1112.jpg,turning
data/processed/driver_images_real/turning_1113.jpg,turning
data/processed/driver_images_real/turning_1114.jpg,turning
data/processed/driver_images_real/turning_1115.jpg,turning
data/processed/driver_images_real/turning_1116.jpg,turning
data/processed/driver_images_real/turning_1117.jpg,turning
data/processed/driver_images_real/turning_1118.jpg,turning
data/processed/driver_images_real/turning_1119.jpg,turning
data/processed/driver_images_real/turning_1120.jpg,turning
data/processed/driver_images_real/turning_1121.jpg,turning
data/processed/driver_images_real/turning_1122.jpg,turning
data/processed/driver_images_real/turning_1123.jpg,turning
data/processed/driver_images_real/turning_1124.jpg,turning
data/processed/driver_images_real/turning_1125.jpg,turning
data/processed/driver_images_real/turning_1126.jpg,turning
data/processed/driver_images_real/turning_1127.jpg,turning
data/processed/driver_images_real/turning_1128.jpg,turning
data/processed/driver_images_real/turning_1129.jpg,turning
data/processed/driver_images_real/turning_1130.jpg,turning
data/processed/driver_images_real/turning_1131.jpg,turning
data/processed/driver_images_real/turning_1132.jpg,turning
data/processed/driver_images_real/turning_1133.jpg,turning
data/processed/driver_images_real/turning_1134.jpg,turning
data/processed/driver_images_real/turning_1135.jpg,turning
data/processed/driver_images_real/turning_1136.jpg,turning
data/processed/driver_images_real/turning_1137.jpg,turning
data/processed/driver_images_real/turning_1138.jpg,turning
data/processed/driver_images_real/turning_1139.jpg,turning
data/processed/driver_images_real/turning_1140.jpg,turning
data/processed/driver_images_real/turning_1141.jpg,turning
data/processed/driver_images_real/turning_1142.jpg,turning
data/processed/driver_images_real/turning_1143.jpg,turning
data/processed/driver_images_real/turning_1144.jpg,turning
data/processed/driver_images_real/turning_1145.jpg,turning
data/processed/driver_images_real/turning_1146.jpg,turning
data/processed/driver_images_real/turning_1147.jpg,turning
data/processed/driver_images_real/turning_1148.jpg,turning
data/processed/driver_images_real/turning_1149.jpg,turning
data/processed/driver_images_real/turning_1150.jpg,turning
data/processed/driver_images_real/turning_1151.jpg,turning
data/processed/driver_images_real/turning_1152.jpg,turning
data/processed/driver_images_real/turning_1153.jpg,turning
data/processed/driver_images_real/turning_1154.jpg,turning
data/processed/driver_images_real/turning_1155.jpg,turning
data/processed/driver_images_real/turning_1156.jpg,turning
data/processed/driver_images_real/turning_1157.jpg,turning
data/processed/driver_images_real/turning_1158.jpg,turning
data/processed/driver_images_real/turning_1159.jpg,turning
data/processed/driver_images_real/turning_1160.jpg,turning
data/processed/driver_images_real/turning_1161.jpg,turning
data/processed/driver_images_real/turning_1162.jpg,turning
data/processed/driver_images_real/turning_1163.jpg,turning
data/processed/driver_images_real/turning_1164.jpg,turning
data/processed/driver_images_real/turning_1165.jpg,turning
data/processed/driver_images_real/turning_1166.jpg,turning
data/processed/driver_images_real/turning_1167.jpg,turning
data/processed/driver_images_real/turning_1168.jpg,turning
data/processed/driver_images_real/turning_1169.jpg,turning
data/processed/driver_images_real/turning_1170.jpg,turning
data/processed/driver_images_real/turning_1171.jpg,turning
data/processed/driver_images_real/turning_1172.jpg,turning
data/processed/driver_images_real/turning_1173.jpg,turning
data/processed/driver_images_real/turning_1174.jpg,turning
data/processed/driver_images_real/turning_1175.jpg,turning
data/processed/driver_images_real/turning_1176.jpg,turning
data/processed/driver_images_real/turning_1177.jpg,turning
data/processed/driver_images_real/turning_1178.jpg,turning
data/processed/driver_images_real/turning_1179.jpg,turning
data/processed/driver_images_real/turning_1180.jpg,turning
data/processed/driver_images_real/turning_1181.jpg,turning
data/processed/driver_images_real/turning_1182.jpg,turning
data/processed/driver_images_real/turning_1183.jpg,turning
data/processed/driver_images_real/turning_1184.jpg,turning
data/processed/driver_images_real/turning_1185.jpg,turning
data/processed/driver_images_real/turning_1186.jpg,turning
data/processed/driver_images_real/turning_1187.jpg,turning
data/processed/driver_images_real/turning_1188.jpg,turning
data/processed/driver_images_real/turning_1189.jpg,turning
data/processed/driver_images_real/turning_1190.jpg,turning
data/processed/driver_images_real/turning_1191.jpg,turning
data/processed/driver_images_real/turning_1192.jpg,turning
data/processed/driver_images_real/turning_1193.jpg,turning
data/processed/driver_images_real/turning_1194.jpg,turning
data/processed/driver_images_real/turning_1195.jpg,turning
data/processed/driver_images_real/turning_1196.jpg,turning
data/processed/driver_images_real/turning_1197.jpg,turning
data/processed/driver_images_real/turning_1198.jpg,turning
data/processed/driver_images_real/turning_1199.jpg,turning
data/processed/driver_images_real/turning_1200.jpg,turning
data/processed/driver_images_real/turning_1201.jpg,turning
data/processed/driver_images_real/turning_1202.jpg,turning
data/processed/driver_images_real/turning_1203.jpg,turning
data/processed/driver_images_real/turning_1204.jpg,turning
data/processed/driver_images_real/turning_1205.jpg,turning
data/processed/driver_images_real/turning_1206.jpg,turning
data/processed/driver_images_real/turning_1207.jpg,turning
data/processed/driver_images_real/turning_1208.jpg,turning
data/processed/driver_images_real/turning_1209.jpg,turning
data/processed/driver_images_real/turning_1210.jpg,turning
data/processed/driver_images_real/turning_1211.jpg,turning
data/processed/driver_images_real/turning_1212.jpg,turning
data/processed/driver_images_real/turning_1213.jpg,turning
data/processed/driver_images_real/turning_1214.jpg,turning
data/processed/driver_images_real/turning_1215.jpg,turning
data/processed/driver_images_real/turning_1216.jpg,turning
data/processed/driver_images_real/turning_1217.jpg,turning
data/processed/driver_images_real/turning_1218.jpg,turning
data/processed/driver_images_real/turning_1219.jpg,turning
data/processed/driver_images_real/turning_1220.jpg,turning
data/processed/driver_images_real/turning_1221.jpg,turning
data/processed/driver_images_real/turning_1222.jpg,turning
data/processed/driver_images_real/turning_1223.jpg,turning
data/processed/driver_images_real/turning_1224.jpg,turning
data/processed/driver_images_real/turning_1225.jpg,turning
data/processed/driver_images_real/turning_1226.jpg,turning
data/processed/driver_images_real/turning_1227.jpg,turning
data/processed/driver_images_real/turning_1228.jpg,turning
data/processed/driver_images_real/turning_1229.jpg,turning
data/processed/driver_images_real/turning_1230.jpg,turning
data/processed/driver_images_real/turning_1231.jpg,turning
data/processed/driver_images_real/turning_1232.jpg,turning
data/processed/driver_images_real/turning_1233.jpg,turning
data/processed/driver_images_real/turning_1234.jpg,turning
data/processed/driver_images_real/turning_1235.jpg,turning
data/processed/driver_images_real/turning_1236.jpg,turning
data/processed/driver_images_real/turning_1237.jpg,turning
data/processed/driver_images_real/turning_1238.jpg,turning
data/processed/driver_images_real/turning_1239.jpg,turning
data/processed/driver_images_real/turning_1240.jpg,turning
data/processed/driver_images_real/turning_1241.jpg,turning
data/processed/driver_images_real/turning_1242.jpg,turning
data/processed/driver_images_real/turning_1243.jpg,turning
data/processed/driver_images_real/turning_1244.jpg,turning
data/processed/driver_images_real/turning_1245.jpg,turning
data/processed/driver_images_real/turning_1246.jpg,turning
data/processed/driver_images_real/turning_1247.jpg,turning
data/processed/driver_images_real/turning_1248.jpg,turning
data/processed/driver_images_real/turning_1249.jpg,turning
data/processed/driver_images_real/turning_1250.jpg,turning
data/processed/driver_images_real/turning_1251.jpg,turning
data/processed/driver_images_real/turning_1252.jpg,turning
data/processed/driver_images_real/turning_1253.jpg,turning
data/processed/driver_images_real/turning_1254.jpg,turning
data/processed/driver_images_real/turning_1255.jpg,turning
data/processed/driver_images_real/turning_1256.jpg,turning
data/processed/driver_images_real/turning_1257.jpg,turning
data/processed/driver_images_real/turning_1258.jpg,turning
data/processed/driver_images_real/turning_1259.jpg,turning
data/processed/driver_images_real/turning_1260.jpg,turning
data/processed/driver_images_real/turning_1261.jpg,turning
data/processed/driver_images_real/turning_1262.jpg,turning
data/processed/driver_images_real/turning_1263.jpg,turning
data/processed/driver_images_real/turning_1264.jpg,turning
data/processed/driver_images_real/turning_1265.jpg,turning
data/processed/driver_images_real/turning_1266.jpg,turning
data/processed/driver_images_real/turning_1267.jpg,turning
data/processed/driver_images_real/turning_1268.jpg,turning
data/processed/driver_images_real/turning_1269.jpg,turning
data/processed/driver_images_real/turning_1270.jpg,turning
data/processed/driver_images_real/turning_1271.jpg,turning
data/processed/driver_images_real/turning_1272.jpg,turning
data/processed/driver_images_real/turning_1273.jpg,turning
data/processed/driver_images_real/turning_1274.jpg,turning
data/processed/driver_images_real/turning_1275.jpg,turning
data/processed/driver_images_real/turning_1276.jpg,turning
data/processed/driver_images_real/turning_1277.jpg,turning
data/processed/driver_images_real/turning_1278.jpg,turning
data/processed/driver_images_real/turning_1279.jpg,turning
data/processed/driver_images_real/turning_1280.jpg,turning
data/processed/driver_images_real/turning_1281.jpg,turning
data/processed/driver_images_real/turning_1282.jpg,turning
data/processed/driver_images_real/turning_1283.jpg,turning
data/processed/driver_images_real/turning_1284.jpg,turning
data/processed/driver_images_real/turning_1285.jpg,turning
data/processed/driver_images_real/turning_1286.jpg,turning
data/processed/driver_images_real/turning_1287.jpg,turning
data/processed/driver_images_real/turning_1288.jpg,turning
data/processed/driver_images_real/turning_1289.jpg,turning
data/processed/driver_images_real/turning_1290.jpg,turning
data/processed/driver_images_real/turning_1291.jpg,turning
data/processed/driver_images_real/turning_1292.jpg,turning
data/processed/driver_images_real/turning_1293.jpg,turning
data/processed/driver_images_real/turning_1294.jpg,turning
data/processed/driver_images_real/turning_1295.jpg,turning
data/processed/driver_images_real/turning_1296.jpg,turning
data/processed/driver_images_real/turning_1297.jpg,turning
data/processed/driver_images_real/turning_1298.jpg,turning
data/processed/driver_images_real/turning_1299.jpg,turning
data/processed/driver_images_real/turning_1300.jpg,turning
data/processed/driver_images_real/turning_1301.jpg,turning
data/processed/driver_images_real/turning_1302.jpg,turning
data/processed/driver_images_real/turning_1303.jpg,turning
data/processed/driver_images_real/turning_1304.jpg,turning
data/processed/driver_images_real/turning_1305.jpg,turning
data/processed/driver_images_real/turning_1306.jpg,turning
data/processed/driver_images_real/turning_1307.jpg,turning
data/processed/driver_images_real/turning_1308.jpg,turning
data/processed/driver_images_real/turning_1309.jpg,turning
data/processed/driver_images_real/turning_1310.jpg,turning
data/processed/driver_images_real/turning_1311.jpg,turning
data/processed/driver_images_real/turning_1312.jpg,turning
data/processed/driver_images_real/turning_1313.jpg,turning
data/processed/driver_images_real/turning_1314.jpg,turning
data/processed/driver_images_real/turning_1315.jpg,turning
data/processed/driver_images_real/turning_1316.jpg,turning
data/processed/driver_images_real/turning_1317.jpg,turning
data/processed/driver_images_real/turning_1318.jpg,turning
data/processed/driver_images_real/turning_1319.jpg,turning
data/processed/driver_images_real/turning_1320.jpg,turning
data/processed/driver_images_real/turning_1321.jpg,turning
data/processed/driver_images_real/turning_1322.jpg,turning
data/processed/driver_images_real/turning_1323.jpg,turning
data/processed/driver_images_real/turning_1324.jpg,turning
data/processed/driver_images_real/turning_1325.jpg,turning
data/processed/driver_images_real/turning_1326.jpg,turning
data/processed/driver_images_real/turning_1327.jpg,turning
data/processed/driver_images_real/turning_1328.jpg,turning
data/processed/driver_images_real/turning_1329.jpg,turning
data/processed/driver_images_real/turning_1330.jpg,turning
data/processed/driver_images_real/turning_1331.jpg,turning
data/processed/driver_images_real/turning_1332.jpg,turning
data/processed/driver_images_real/turning_1333.jpg,turning
data/processed/driver_images_real/turning_1334.jpg,turning
data/processed/driver_images_real/turning_1335.jpg,turning
data/processed/driver_images_real/turning_1336.jpg,turning
data/processed/driver_images_real/turning_1337.jpg,turning
data/processed/driver_images_real/turning_1338.png,turning
