date,route,passengers,prediction
2025-03-15,22,11764,14448.40666666667
2025-03-16,22,10003,9312.68794642857
2025-03-17,22,13599,12533.147579365079
2025-03-18,22,15181,13813.82044642857
2025-03-19,22,13927,14618.121607142859
2025-03-20,22,15022,13829.20209325397
2025-03-21,22,14448,14451.609444444448
2025-03-22,22,14263,13537.133392857148
2025-03-23,22,9866,9773.877738095236
2025-03-24,22,12542,12702.241468253971
2025-03-25,22,13691,14127.062162698416
2025-03-26,22,14105,13780.006914682539
2025-03-27,22,13742,13858.07639880953
2025-03-28,22,12705,13615.58088293651
2025-03-29,22,14238,13894.175297619047
2025-03-30,22,9655,9535.705853174599
2025-03-31,22,12431,11954.562777777779
2025-04-01,22,14236,13856.252926587304
2025-04-02,22,12579,13805.708700396828
2025-04-03,22,15617,13686.33580357143
2025-04-04,22,13847,14122.314503968257
2025-04-05,22,14350,13670.11362103175
2025-04-06,22,10684,9662.206547619044
2025-04-07,22,13211,12697.019437830686
2025-04-08,22,14694,13948.61858134921
2025-04-09,22,14330,14381.649206349208
2025-04-10,22,14569,13869.14098214286
2025-04-11,22,14292,14407.631309523811
2025-04-12,22,14320,13716.191398809528
2025-04-13,22,10335,9250.856929112551
2025-04-14,22,13459,12885.633743386246
2025-04-15,22,13834,13743.117599206347
2025-04-16,22,15278,13880.677867063494
2025-04-17,22,14644,14540.283055555561
2025-04-18,22,13052,14450.916111111113
2025-04-19,22,13490,13931.24043650794
2025-04-20,22,9525,10087.123720238094
2025-04-21,22,12794,12553.061210317459
2025-04-22,22,14081,14020.481051587303
2025-04-23,22,13920,13897.152589285717
2025-04-24,22,14999,13742.023482142862
2025-04-25,22,13618,14429.081765873018
2025-04-26,22,14157,13439.215109126988
2025-04-27,22,10970,9656.332142857138
2025-04-28,22,12691,12674.817579365079
2025-04-29,22,14285,14083.955218253972
2025-04-30,22,13936,13895.355843253968
2025-05-01,22,14332,13768.96500992064
2025-05-02,22,14412,13582.951954365084
2025-05-03,22,14657,13734.346259920638
2025-05-04,22,10627,9433.367311507936
2025-05-05,22,13345,12734.030350529096
2025-05-06,22,15529,13706.998015873016
2025-05-07,22,14983,14518.792777777779
2025-05-08,22,14091,14498.979583333337
2025-05-09,22,13511,13694.84092261905
2025-05-10,22,13806,13489.54199404762
2025-05-11,22,10452,9588.427226731603
2025-05-12,22,13489,12931.001937830688
2025-05-13,22,13720,13701.814126984127
2025-05-14,22,14485,13727.01435515873
2025-05-15,22,14527,14498.979583333337
2025-05-16,22,12919,14397.81867063492
2025-05-17,22,13267,13874.016130952385
2025-05-18,22,10887,9833.953575937949
2025-05-19,22,13183,13144.275376984127
2025-05-20,22,12890,13812.148432539685
2025-05-21,22,13698,14041.895793650798
2025-05-22,22,13687,13645.266775793654
2025-05-23,22,13045,13347.39826388889
2025-05-24,22,10939,13804.103214285715
2025-05-25,22,10716,8903.032867063494
2025-05-26,22,11711,12025.867066798943
2025-05-27,22,14224,12743.835882936513
2025-05-28,22,14143,13168.461339285717
2025-05-29,22,14461,13128.94989087302
2025-05-30,22,13543,13860.532440476189
2025-05-31,22,12993,11214.826220238096
2025-06-01,22,10508,9612.179191017314
2025-06-02,22,12575,12036.031898148147
2025-06-03,22,15154,14057.856329365082
2025-06-04,22,13772,14545.537301587303
2025-06-05,22,15029,13691.876498015876
2025-06-06,22,13602,14387.977837301589
2025-06-07,22,15315,13485.030962301593
2025-06-08,22,11295,9361.911393398268
2025-06-09,22,12664,12998.03061507936
2025-06-10,22,13942,14048.728551587303
2025-06-11,22,14339,13742.121537698413
2025-06-12,22,14054,13862.609037698418
2025-06-13,22,12499,13531.356815476194
2025-06-14,22,14606,13963.444186507937
2025-06-15,22,11230,13655.909642857143
2025-06-16,22,12512,12926.998531746029
2025-06-17,22,14420,14049.794246031748
2025-06-18,22,13416,13935.927172619047
2025-06-19,22,13042,13627.415873015874
2025-06-20,22,12841,13644.896626984122
2025-06-21,22,14326,13942.284047619052
2025-06-22,22,9201,10317.415783730157
2025-06-23,22,12676,11921.36857142857
2025-06-24,22,13411,13932.622493686866
2025-06-25,22,13428,13276.81301587302
2025-06-26,22,12653,13168.234662698414
2025-06-27,22,12988,13545.538581349207
2025-06-28,22,14063,13617.930688131317
2025-06-29,22,7475,9630.137460317457
2025-06-30,22,11998,10691.039960317457
2025-07-01,22,13992,12641.158571428568
2025-07-02,22,13504,13139.489444444447
2025-07-03,22,11037,12646.677486772483
2025-07-04,22,10352,11588.542390873017
2025-07-05,22,11032,12429.782648809522
2025-07-06,22,8602,8586.624603174605
2025-07-07,22,12048,11067.833958333329
2025-07-08,22,13240,12247.834527116402
2025-07-09,22,13922,12134.521527777779
2025-07-10,22,14518,11606.06505952381
2025-07-11,22,12782,11592.61128968254
2025-07-12,22,12965,11019.416011904768
2025-07-13,22,9706,9535.968829365078
2025-07-14,22,12938,11860.209553571427
2025-07-15,22,13329,13901.732371031743
2025-07-16,22,13117,13405.446977813852
2025-07-17,22,13885,13513.57766233767
2025-07-18,22,13383,12888.632996031745
2025-07-19,22,13612,13095.6855952381
2025-07-20,22,9815,9983.422817460314
2025-07-21,22,12622,12514.556785714289
2025-07-22,22,12985,13925.769355158727
2025-07-23,22,13250,13722.521140873017
2025-07-24,22,12424,13421.713088924964
2025-07-25,22,12453,13566.64875
2025-07-26,22,12179,13475.01926587302
2025-07-27,22,8693,9271.778948412697
2025-07-28,22,11778,10997.300932539682
2025-07-29,22,12814,12510.45577380952
2025-07-30,22,13528,12742.16824404762
2025-07-31,22,13992,12541.587916666671
2025-08-01,22,13483,12626.624659391537
2025-08-02,22,11198,12704.885218253972
2025-08-03,22,9815,9079.715932539684
2025-08-04,22,12277,11756.933045634923
2025-08-05,22,13312,13309.179404761904
2025-08-06,22,13848,12994.19764880953
2025-08-07,22,13833,13229.860717893223
2025-08-08,22,13260,13056.62857142858
2025-08-09,22,12992,11148.481250000006
2025-08-10,22,8851,10054.219980158725
2025-08-11,22,11899,11179.367351190474
2025-08-12,22,11379,13088.670654761903
2025-08-13,22,13606,12438.251157407407
2025-08-14,22,13365,12836.657156385283
2025-08-15,22,13079,12590.392529761908
2025-08-16,22,12735,12801.906845238096
2025-08-17,22,9247,9611.24527777778
2025-08-18,22,12804,11655.662490079363
2025-08-19,22,13374,12798.763710317466
2025-08-20,22,14214,12863.81879960318
2025-08-21,22,13818,13275.488432539687
2025-08-22,22,14067,13106.69136904762
2025-08-23,22,12616,13103.828234126986
2025-08-24,22,9263,10036.26694444444
2025-08-25,22,12970,11661.068015873017
2025-08-26,22,13541,13807.89594246032
2025-08-27,22,14198,13398.19356511544
2025-08-28,22,13648,13397.530757575762
2025-08-29,22,12714,13317.720797258296
2025-08-30,22,12502,13346.615932539682
2025-08-31,22,10817,9891.353095238093
2025-09-01,22,10082,11994.647321428574
2025-09-02,22,14694,12662.15621031746
2025-09-03,22,13874,13850.43964646465
2025-09-04,22,14110,13009.904861111116
2025-09-05,22,12613,12909.572718253965
2025-09-06,22,12847,13353.042738095237
2025-09-07,22,9821,9618.2929265873
2025-09-08,22,12693,11172.708336640208
2025-09-09,22,13837,13826.060023448774
2025-09-10,22,13240,13445.450618686871
2025-09-11,22,13560,13272.981204004334
2025-09-12,22,12781,12811.326339285712
2025-09-13,22,12011,13516.859702380953
2025-09-14,22,9929,9725.072400793648
2025-09-15,22,12789,12020.18744047619
2025-09-16,22,14260,13412.450301226556
2025-09-17,22,13363,13331.635019841273
2025-09-18,22,14332,12857.21004960318
2025-09-19,22,13512,13026.666488095236
2025-09-20,22,11425,12972.29908730159
2025-09-21,22,9738,9603.014642857139
2025-09-22,22,12212,11749.6648015873
2025-09-23,22,13775,13631.912956349206
2025-09-24,22,14208,13126.589642857149
2025-09-25,22,13592,13286.077662337666
2025-09-26,22,13221,12866.542103174606
2025-09-27,22,12939,12769.595833333335
2025-09-28,22,10074,9994.028869047617
2025-09-29,22,12441,11918.886091269836
2025-09-30,22,14042,13793.992043650795
2025-10-01,22,13894,13539.175023448777
2025-10-02,22,13474,13248.203472222227
2025-10-03,22,13472,13132.223958333336
2025-10-04,22,13728,13200.412440476193
2025-10-05,22,10242,9782.259474206347
2025-10-06,22,13007,12458.882202380948
2025-10-07,22,13818,13916.831111111116
2025-10-08,22,14452,13610.260595238098
2025-10-09,22,14123,13838.068273809531
2025-10-10,22,13169,13517.32420634921
2025-10-11,22,13729,13563.270912698417
2025-10-12,22,7356,9759.58280753968
2025-10-13,22,11148,11236.490039682534
2025-10-14,22,13537,12929.899305555555
2025-10-15,22,14155,13159.687592893224
2025-10-16,22,13956,13268.605579004336
2025-10-17,22,13445,13035.735079365084
2025-10-18,22,13144,12883.084861111118
2025-10-19,22,9785,9442.289265873016
2025-10-20,22,12676,11254.324279100529
2025-10-21,22,13733,13720.056716269843
2025-10-22,22,13677,13502.08138888889
2025-10-23,22,13621,13399.011829004328
2025-10-24,22,13941,13179.90630952381
2025-10-25,22,13210,13290.91507936508
2025-10-26,22,9929,9873.93242063492
2025-10-27,22,12278,12117.466924603174
2025-10-28,22,13774,13723.695654761907
2025-10-29,22,14154,13133.133194444448
2025-10-30,22,13638,13398.509682539687
2025-10-31,22,13705,13358.088611111112
2025-11-01,22,12654,13187.482301587304
2025-11-02,22,10120,9847.74071428571
2025-11-03,22,12859,11655.252738095234
2025-11-04,22,14336,13793.308472222223
2025-11-05,22,13971,13780.895039682544
2025-11-06,22,13772,13442.534404761911
2025-11-07,22,13525,13259.517361111117
2025-11-08,22,12199,13123.792103174603
2025-11-09,22,8777,9760.13984126984
2025-11-10,22,11251,11398.102301587298
2025-11-11,22,12646,12921.863333333335
2025-11-12,22,13788,13152.958912337665
2025-11-13,22,14166,12814.951253607509
2025-11-14,22,13380,12836.26694444445
2025-11-15,22,13240,12629.47642857143
2025-11-16,22,9582,9701.268511904764
2025-11-17,22,12853,11474.869252645502
2025-11-18,22,13433,13490.350972222217
2025-11-19,22,14336,13277.63124368687
2025-11-20,22,13855,13638.419265873023
2025-11-21,22,13804,13303.642123015878
2025-11-22,22,11000,13368.782400793656
2025-11-23,22,10026,9038.64837301587
2025-11-24,22,12289,12192.900198412699
2025-11-25,22,11791,13617.155833333332
2025-11-26,22,10437,13088.102916666667
2025-11-27,22,5097,11123.855039682541
2025-11-28,22,9781,9268.53033730159
2025-11-29,22,7126,10379.352777777776
2025-11-30,22,7911,6137.427162698412
2025-12-01,22,12854,9750.384583333334
2025-12-02,22,13741,12352.61912698413
2025-12-03,22,13901,11048.697609126986
2025-12-04,22,13580,12287.821071428567
2025-12-05,22,14599,11670.771904761903
2025-12-06,22,11636,9529.550843554594
2025-12-07,22,9640,9339.24490079365
2025-12-08,22,14727,10852.145654761904
2025-12-09,22,15237,14355.03444444445
2025-12-10,22,15682,14364.23444444445
2025-12-11,22,15301,14303.814126984133
2025-12-12,22,15527,14262.850238095243
2025-12-13,22,12093,13922.544880952386
2025-12-14,22,8877,9563.933650793648
2025-12-15,22,13235,10898.420039682536
2025-12-16,22,14726,13788.592668650797
2025-12-17,22,15083,14398.755555555561
2025-12-18,22,13321,14336.629682539691
2025-12-19,22,13523,13438.921597222226
2025-12-20,22,12170,12977.12146825397
2025-12-21,22,9573,9479.646984126985
2025-12-22,22,11334,11085.69976190476
2025-12-23,22,11393,12525.155992063494
2025-12-24,22,7411,12067.708042328042
2025-12-25,22,3631,8612.499285714286
2025-12-26,22,8877,8446.89007936508
2025-12-27,22,10401,9697.675486111111
2025-12-28,22,7365,7286.877698412701
2025-12-29,22,10282,10310.884166666665
2025-12-30,22,11053,9963.543194444444
2025-12-31,22,12328,9895.940605158732
2026-01-01,22,7455,9911.169265873015
2026-01-02,22,11440,9835.537080026454
2026-01-03,22,10261,10615.525681216934
2026-01-04,22,8780,7845.0864186507915
2026-01-05,22,11857,10180.716653439153
2026-01-06,22,13272,11388.33625
2026-01-07,22,13988,12088.106111111114
2026-01-08,22,12599,12196.51687169312
2026-01-09,22,13528,12441.394345238095
2026-01-10,22,13413,10108.688134920632
2026-01-11,22,9386,9671.286200396826
2026-01-12,22,12561,10751.405882936508
2026-01-13,22,13179,13830.012043650793
2026-01-14,22,12601,13456.377344877348
2026-01-15,22,13324,13457.208928571434
2026-01-16,22,13171,12883.566259920637
2026-01-17,22,12862,13292.6575
2026-01-18,22,10627,10154.333730158727
2026-01-19,22,8843,12384.235231481482
2026-01-20,22,12721,11126.449212962962
2026-01-21,22,13399,12942.659801587297
2026-01-22,22,13236,12870.641587301587
2026-01-23,22,5769,12806.26103174603
2026-01-24,22,8942,9255.828373015876
2026-01-25,22,7964,8301.25001443002
2026-01-26,22,11022,10163.583048941797
2026-01-27,22,13145,11805.15734126984
2026-01-28,22,11301,12146.648591269839
2026-01-29,22,13781,12053.743617724866
2026-01-30,22,13043,11873.961428571429
2026-01-31,22,13038,9145.746782407405
2026-02-01,22,9924,9190.782757936508
2026-02-02,22,12388,11630.651428571426
2026-02-03,22,14433,13434.168452380953
2026-02-04,22,13843,13154.25140873016
2026-02-05,22,13735,13439.174408369408
2026-02-06,22,13307,13267.15777777778
2026-02-07,22,13688,13211.379603174606
2026-02-08,22,10374,9856.560436507933
2026-02-09,22,12464,12519.293406084655
2026-02-10,22,13910,13992.66271825397
2026-02-11,22,14253,13616.410773809526
2026-02-12,22,14241,13596.897638888891
2026-02-13,22,13748,13608.036507936513
2026-02-14,22,13152,13224.846349206351
2026-02-15,22,11358,10118.402728174602
2026-02-16,22,11374,12841.503333333332
2026-02-17,22,13165,13349.73170634921
2026-02-18,22,13465,13833.4176984127
2026-02-19,22,14067,13410.309656385278
2026-02-20,22,12918,13177.85386904762
2026-02-21,22,13199,13738.487668650796
2026-02-22,22,10091,12746.195853174602
2026-02-23,22,12708,11482.438154761901
2026-02-24,22,13812,13901.126001984127
2026-02-25,22,13947,13580.47761904762
2026-02-26,22,14328,13601.068690476191
2026-02-27,22,14507,13492.644682539687
2026-02-28,22,14091,14299.002460317462
2026-03-01,22,10733,9750.0989781746
2026-03-02,22,13341,12759.677572751321
2026-03-03,22,14291,13654.071547619049
2026-03-04,22,14609,13946.995426587302
2026-03-05,22,14088,14562.359722222227
2026-03-06,22,13065,13724.63356150794
2026-03-07,22,16900,13915.531130952384
2026-03-08,22,11673,9250.856929112551
2026-03-09,22,14040,13472.515654761904
2026-03-10,22,14037,13908.177569444444
2026-03-11,22,13742,13899.793839285716
2026-03-12,22,14911,13751.18580357143
2026-03-13,22,14630,14435.341765873018
2026-03-14,22,14907,14448.40666666667
2026-03-15,22,9952,13903.7126984127
2026-03-16,22,12643,12779.361190476191
2026-03-17,22,14323,14113.623273809526
2026-03-18,22,14239,13848.736398809528
2026-03-19,22,14819,13891.217648809527
2026-03-20,22,15418,14451.609444444448
2026-03-21,22,16264,14448.40666666667
2026-03-22,22,9785,9707.053432539678
2026-03-23,22,13046,12170.946944444444
2026-03-24,22,13808,14116.842301587305
2026-03-25,22,13932,13908.81564484127
2026-03-26,22,14118,13829.20209325397
2026-03-27,22,13631,13736.362728174607
2026-03-28,22,14799,13584.436498015875
2026-03-29,22,10960,9671.985575396822
2026-03-30,22,14300,13125.915793650795
2026-03-31,22,13856,13913.219017857142
2025-03-15,3,11475,12711.193015873016
2025-03-16,3,8610,8670.575932539683
2025-03-17,3,15058,15035.060079365083
2025-03-18,3,15651,15925.070099206347
2025-03-19,3,15074,16118.92589285714
2025-03-20,3,15313,15349.087876984122
2025-03-21,3,14412,15347.433521825395
2025-03-22,3,11348,11218.400515873018
2025-03-23,3,7362,8639.564464285713
2025-03-24,3,12992,14406.49341269841
2025-03-25,3,13985,14567.563948412697
2025-03-26,3,14231,14656.525138888892
2025-03-27,3,14054,14488.284742063493
2025-03-28,3,14129,13718.730525793644
2025-03-29,3,11549,10818.692344576715
2025-03-30,3,8741,8404.243716931214
2025-03-31,3,13404,13714.835674603173
2025-04-01,3,14753,13956.555873015872
2025-04-02,3,12744,14392.838882275126
2025-04-03,3,16419,13932.513604497355
2025-04-04,3,15732,14218.713511904756
2025-04-05,3,11743,11722.04414351852
2025-04-06,3,8644,8354.948968253966
2025-04-07,3,14106,14239.900158730161
2025-04-08,3,14951,14843.004613095238
2025-04-09,3,14316,14809.753382936504
2025-04-10,3,15315,14549.015436507932
2025-04-11,3,17487,15253.921954365076
2025-04-12,3,14360,11874.887569444441
2025-04-13,3,11007,9234.466765873016
2025-04-14,3,15704,14827.994332010585
2025-04-15,3,15330,15697.83029431217
2025-04-16,3,15584,15518.466345899473
2025-04-17,3,15386,16129.378571428568
2025-04-18,3,15465,15630.502807539679
2025-04-19,3,13633,14262.631901455023
2025-04-20,3,10056,9478.648201058204
2025-04-21,3,14596,15454.481726190477
2025-04-22,3,14826,16065.24807539682
2025-04-23,3,15152,16062.486130952377
2025-04-24,3,15879,16042.918591269838
2025-04-25,3,14936,16175.018012566134
2025-04-26,3,12230,13641.046488095239
2025-04-27,3,10154,8617.024394841272
2025-04-28,3,16289,14781.692595899473
2025-04-29,3,16069,15682.319758597885
2025-04-30,3,15877,15862.602298280426
2025-05-01,3,15529,16189.799986772485
2025-05-02,3,16677,15648.44508597884
2025-05-03,3,12187,12472.440793650794
2025-05-04,3,9001,8581.587172619049
2025-05-05,3,15622,15211.0805952381
2025-05-06,3,16545,16130.79708333333
2025-05-07,3,16695,16337.757268518513
2025-05-08,3,16466,16345.56058201058
2025-05-09,3,16298,16147.414937169311
2025-05-10,3,13162,12468.390793650795
2025-05-11,3,10650,9166.644980158731
2025-05-12,3,15399,15579.4714484127
2025-05-13,3,16606,15951.003710317456
2025-05-14,3,16251,16304.514351851849
2025-05-15,3,16843,16237.767308201057
2025-05-16,3,17010,16262.723548280423
2025-05-17,3,11502,13390.280456349205
2025-05-18,3,10970,8424.926984126983
2025-05-19,3,16138,15671.895892857145
2025-05-20,3,14546,16330.379074074071
2025-05-21,3,15084,15671.91579365079
2025-05-22,3,16000,15494.73204365079
2025-05-23,3,15147,15879.19983796296
2025-05-24,3,11799,11742.087337962963
2025-05-25,3,9738,8389.571011904764
2025-05-26,3,9701,11745.281924603176
2025-05-27,3,14993,13453.70699404762
2025-05-28,3,14674,14940.408938492063
2025-05-29,3,16341,14618.326203703708
2025-05-30,3,15874,14969.140883838385
2025-05-31,3,12400,11943.027162698412
2025-06-01,3,9831,9202.309186507937
2025-06-02,3,15380,12737.231081349199
2025-06-03,3,15915,15653.114024470902
2025-06-04,3,13515,15620.855968915344
2025-06-05,3,15791,15204.349067460316
2025-06-06,3,16179,16108.0375760582
2025-06-07,3,12969,12525.926210317462
2025-06-08,3,10721,9722.322010582013
2025-06-09,3,15613,15649.179781746032
2025-06-10,3,14050,16177.824027777773
2025-06-11,3,16365,14829.87803571429
2025-06-12,3,15014,16280.850502645502
2025-06-13,3,13843,15704.26260912698
2025-06-14,3,11208,12635.294265873019
2025-06-15,3,10053,8420.800456349207
2025-06-16,3,14749,14705.26779761905
2025-06-17,3,15501,15167.032986111104
2025-06-18,3,13421,15380.11474206349
2025-06-19,3,13772,14711.043968253969
2025-06-20,3,16037,14298.382956349204
2025-06-21,3,12184,11978.385889550265
2025-06-22,3,10785,8563.851339285717
2025-06-23,3,14859,14430.568125
2025-06-24,3,14465,15656.862261904758
2025-06-25,3,15649,14892.356299603176
2025-06-26,3,14941,15278.15461309524
2025-06-27,3,14372,15729.653025793648
2025-06-28,3,12567,11914.55448412699
2025-06-29,3,9794,9095.25630952381
2025-06-30,3,14556,14528.511388888892
2025-07-01,3,15567,14826.5712797619
2025-07-02,3,15442,15719.305099206353
2025-07-03,3,14148,15282.73725859789
2025-07-04,3,8950,12162.670624999999
2025-07-05,3,9783,10843.24906746032
2025-07-06,3,7825,8588.953406084656
2025-07-07,3,13590,13336.172215608467
2025-07-08,3,14125,13405.182916666663
2025-07-09,3,15082,13894.052123015876
2025-07-10,3,15008,14056.629305555554
2025-07-11,3,14074,12187.818693783069
2025-07-12,3,12599,11082.188194444443
2025-07-13,3,9879,8960.188591269838
2025-07-14,3,15158,14284.085813492065
2025-07-15,3,15385,15049.931279761902
2025-07-16,3,14972,15399.00938161376
2025-07-17,3,14472,15226.157843915349
2025-07-18,3,15800,14914.834206349211
2025-07-19,3,12006,12520.773492063492
2025-07-20,3,10272,8556.157192460318
2025-07-21,3,15276,15039.226534391539
2025-07-22,3,14209,15991.934146825395
2025-07-23,3,15530,14882.884728835983
2025-07-24,3,14484,15208.79057208995
2025-07-25,3,13301,15306.423224206352
2025-07-26,3,11463,11275.781884920638
2025-07-27,3,10241,8568.455525793652
2025-07-28,3,13239,14786.804384920635
2025-07-29,3,14294,14244.399146825395
2025-07-30,3,13428,15000.203333333333
2025-07-31,3,14515,13498.04593253968
2025-08-01,3,15699,14192.802321428571
2025-08-02,3,11859,11716.043528439153
2025-08-03,3,10074,8581.060416666669
2025-08-04,3,14184,14074.325416666668
2025-08-05,3,14835,14905.682440476194
2025-08-06,3,15221,15101.558700396827
2025-08-07,3,15461,14849.527559523807
2025-08-08,3,14698,15524.840128968257
2025-08-09,3,9809,11704.562876984126
2025-08-10,3,9616,8633.473862433864
2025-08-11,3,14060,14274.424027777777
2025-08-12,3,11818,14730.369841269838
2025-08-13,3,14404,14212.672757936509
2025-08-14,3,15097,14678.641845238099
2025-08-15,3,15566,14338.748039021166
2025-08-16,3,12623,11889.304183201055
2025-08-17,3,11119,9367.997695105818
2025-08-18,3,14617,14493.773174603175
2025-08-19,3,15746,14490.896805555556
2025-08-20,3,15855,15490.000849867729
2025-08-21,3,15594,15858.750016534394
2025-08-22,3,16109,16179.729692460318
2025-08-23,3,12953,12524.954682539683
2025-08-24,3,9557,9449.504966931217
2025-08-25,3,16200,14908.005486111122
2025-08-26,3,16179,16477.746236772487
2025-08-27,3,16246,16460.512903439154
2025-08-28,3,15995,16457.061851851853
2025-08-29,3,14989,16192.34930224868
2025-08-30,3,14036,13099.56860119048
2025-08-31,3,11544,9681.901901455027
2025-09-01,3,9869,11865.030337301587
2025-09-02,3,15775,15292.843968253972
2025-09-03,3,15928,16106.182638888888
2025-09-04,3,16408,15935.345909391533
2025-09-05,3,15407,15682.680175264552
2025-09-06,3,12524,14237.649930555555
2025-09-07,3,10337,9125.986726190476
2025-09-08,3,15823,12662.626795634917
2025-09-09,3,16243,16380.838776455028
2025-09-10,3,16496,16464.64207010582
2025-09-11,3,15439,16321.407030423283
2025-09-12,3,16233,16179.10830357143
2025-09-13,3,11443,12516.904682539684
2025-09-14,3,9880,8376.273511904763
2025-09-15,3,16359,15479.839107142865
2025-09-16,3,16507,16414.542208994706
2025-09-17,3,15766,16385.618875661374
2025-09-18,3,17184,16291.596984126983
2025-09-19,3,16074,16367.276683201058
2025-09-20,3,10515,11842.834282407404
2025-09-21,3,9392,8403.180747354498
2025-09-22,3,16298,15151.982341269848
2025-09-23,3,15493,16424.70470899471
2025-09-24,3,17056,16232.363551587301
2025-09-25,3,15717,16174.3294510582
2025-09-26,3,15218,16132.559117063493
2025-09-27,3,13947,11979.248667328042
2025-09-28,3,10434,9426.963935185184
2025-09-29,3,16598,15397.002857142863
2025-09-30,3,16755,16549.771395502645
2025-10-01,3,16592,16138.867546296295
2025-10-02,3,16183,16382.124034391534
2025-10-03,3,16536,15934.65838293651
2025-10-04,3,13352,14163.036805555555
2025-10-05,3,11502,9269.429034391535
2025-10-06,3,16380,15396.864107142863
2025-10-07,3,14563,16308.167407407405
2025-10-08,3,16576,15714.85503968254
2025-10-09,3,20977,16318.068141534393
2025-10-10,3,23459,16352.83605820106
2025-10-11,3,16513,13783.797500000002
2025-10-12,3,7332,10001.597070105818
2025-10-13,3,13905,14769.607619047623
2025-10-14,3,16179,15186.623845899476
2025-10-15,3,15968,16365.242208994709
2025-10-16,3,16904,15966.229847883598
2025-10-17,3,15682,16124.859173280423
2025-10-18,3,11087,14977.64482142857
2025-10-19,3,10224,7870.795674603171
2025-10-20,3,15747,14752.387619047626
2025-10-21,3,15296,16204.920257936506
2025-10-22,3,15419,16114.742817460317
2025-10-23,3,15989,15703.735595238095
2025-10-24,3,16034,16234.235383597883
2025-10-25,3,13350,12062.755195105821
2025-10-26,3,10768,9545.448994708997
2025-10-27,3,15079,15660.785952380958
2025-10-28,3,16088,16171.086349206349
2025-10-29,3,16380,16473.12222883598
2025-10-30,3,16480,16340.336276455027
2025-10-31,3,16173,16285.794252645504
2025-11-01,3,12696,13696.372301587304
2025-11-02,3,9037,8597.438855820106
2025-11-03,3,16823,15113.515158730164
2025-11-04,3,16103,16427.70082010582
2025-11-05,3,16075,16375.469708994708
2025-11-06,3,16281,16319.872943121694
2025-11-07,3,16495,16273.566832010583
2025-11-08,3,11056,12582.474265873017
2025-11-09,3,8049,8379.7127281746
2025-11-10,3,12550,14822.931150793653
2025-11-11,3,11897,14926.638908730161
2025-11-12,3,15683,14585.565000000002
2025-11-13,3,15020,14855.358046536798
2025-11-14,3,15534,14750.093273809523
2025-11-15,3,11999,11653.107337962962
2025-11-16,3,9235,8585.053273809524
2025-11-17,3,15949,13486.051994047617
2025-11-18,3,14815,14641.787638888893
2025-11-19,3,15342,15850.65857142857
2025-11-20,3,15407,15467.458052248678
2025-11-21,3,14419,15836.496865079365
2025-11-22,3,10354,11610.610277777781
2025-11-23,3,9337,8473.676031746032
2025-11-24,3,13279,14591.020436507937
2025-11-25,3,12966,14741.75701388889
2025-11-26,3,11886,14612.151329365077
2025-11-27,3,6960,9438.597642195768
2025-11-28,3,9787,10183.193988095238
2025-11-29,3,8263,9332.713710317463
2025-11-30,3,7594,6685.70947420635
2025-12-01,3,14283,10972.611388888885
2025-12-02,3,14168,13453.439503968253
2025-12-03,3,15487,12946.824751984126
2025-12-04,3,13236,12089.462450396823
2025-12-05,3,13621,12825.572261904765
2025-12-06,3,7719,10852.721818783068
2025-12-07,3,6816,6657.0581051587305
2025-12-08,3,13414,12269.345274470901
2025-12-09,3,14652,12885.148594576716
2025-12-10,3,14607,14457.664623015875
2025-12-11,3,14874,14338.95333333333
2025-12-12,3,14312,14327.963386243384
2025-12-13,3,9708,10892.449695767198
2025-12-14,3,6782,7629.169460978837
2025-12-15,3,13567,12621.57732142857
2025-12-16,3,14355,13471.602658730157
2025-12-17,3,14861,14298.111865079361
2025-12-18,3,14142,14419.124226190474
2025-12-19,3,13464,13508.353399470903
2025-12-20,3,10974,11170.129375
2025-12-21,3,9320,8501.926299603176
2025-12-22,3,12262,13832.872371031744
2025-12-23,3,12721,13120.583723544974
2025-12-24,3,11536,13226.423882275129
2025-12-25,3,6494,9041.998634259264
2025-12-26,3,11381,10174.099867724866
2025-12-27,3,11375,8935.754930555557
2025-12-28,3,7241,8644.42171296296
2025-12-29,3,10252,11238.656299603173
2025-12-30,3,10901,10499.661765873016
2025-12-31,3,12127,10770.312222222225
2026-01-01,3,7321,11098.837976190469
2026-01-02,3,11451,10622.120625000001
2026-01-03,3,9810,10000.635479497352
2026-01-04,3,8103,7229.992314814817
2026-01-05,3,12518,10384.648462301586
2026-01-06,3,14949,12620.823554894181
2026-01-07,3,15063,13087.48556547619
2026-01-08,3,14316,12666.651491402117
2026-01-09,3,14414,13764.318750000006
2026-01-10,3,10963,11333.034107142854
2026-01-11,3,7809,8443.134421296296
2026-01-12,3,14348,13135.51364087301
2026-01-13,3,15135,14058.983214285714
2026-01-14,3,12328,14670.947251984126
2026-01-15,3,13994,13698.867632275134
2026-01-16,3,13501,13620.791220238088
2026-01-17,3,9506,10658.78308531746
2026-01-18,3,7981,7613.793978174604
2026-01-19,3,7637,13418.560486111108
2026-01-20,3,12767,12246.41822751323
2026-01-21,3,14041,12595.61413690476
2026-01-22,3,13430,13191.178148148147
2026-01-23,3,5666,12998.791011904765
2026-01-24,3,7333,8658.357123015872
2026-01-25,3,6048,5983.0430654761885
2026-01-26,3,11288,9426.281418650791
2026-01-27,3,13360,11778.187083333332
2026-01-28,3,14033,13214.174285714284
2026-01-29,3,14112,13453.826865079363
2026-01-30,3,13227,9989.719543650794
2026-01-31,3,10148,10330.320330687831
2026-02-01,3,7645,7776.399146825396
2026-02-02,3,14054,12283.592589285712
2026-02-03,3,15231,13895.500882936509
2026-02-04,3,15098,14460.974374999998
2026-02-05,3,14722,14144.606001984128
2026-02-06,3,13127,14016.52603174603
2026-02-07,3,12456,11190.348809523806
2026-02-08,3,8461,8573.603938492062
2026-02-09,3,14297,14015.452797619046
2026-02-10,3,16648,14974.35716269841
2026-02-11,3,16660,15542.153343253967
2026-02-12,3,15765,15070.226061507934
2026-02-13,3,16171,14670.220704365085
2026-02-14,3,14060,12529.875317460317
2026-02-15,3,11464,8855.191309523809
2026-02-16,3,13554,14737.179470899475
2026-02-17,3,13986,15223.654444444443
2026-02-18,3,16315,15337.330555555554
2026-02-19,3,15079,16293.388002645503
2026-02-20,3,13864,15715.199414682536
2026-02-21,3,10980,13559.972172619051
2026-02-22,3,7376,8445.283511904761
2026-02-23,3,13699,13630.18068452381
2026-02-24,3,14342,14202.525476190474
2026-02-25,3,14439,14399.839424603173
2026-02-26,3,14844,14546.460072751324
2026-02-27,3,15684,14097.114834656086
2026-02-28,3,11165,11651.312199074075
2026-03-01,3,8582,7988.226871693118
2026-03-02,3,14931,14267.443293650793
2026-03-03,3,14671,15172.533065476191
2026-03-04,3,15224,15213.606101190475
2026-03-05,3,15307,15223.421428571432
2026-03-06,3,13740,15239.943482142853
2026-03-07,3,12363,10452.416746031748
2026-03-08,3,9847,8674.211408730158
2026-03-09,3,15689,14430.224305555554
2026-03-10,3,14631,15383.99390542328
2026-03-11,3,14435,15350.4280952381
2026-03-12,3,15961,15002.275615079365
2026-03-13,3,13284,15087.555446428574
2026-03-14,3,12171,11727.049186507938
2026-03-15,3,8592,8643.369136904765
2026-03-16,3,13834,14769.663809523809
2026-03-17,3,13968,14681.8245734127
2026-03-18,3,14109,13670.202748015874
2026-03-19,3,15523,14500.94125
2026-03-20,3,15904,14313.826954365073
2026-03-21,3,13016,12354.226686507936
2026-03-22,3,8152,8761.892043650794
2026-03-23,3,12553,14315.387896825396
2026-03-24,3,13883,14401.161600529103
2026-03-25,3,14773,14632.116865079368
2026-03-26,3,13473,15318.979821428567
2026-03-27,3,15030,14169.21603174603
2026-03-28,3,12295,12405.835396825396
2026-03-29,3,10782,8702.254411375661
2026-03-30,3,16275,13655.375575396822
2026-03-31,3,14892,15085.754305555554
2025-03-15,4,11701,13749.66880291005
2025-03-16,4,7516,8503.064365079366
2025-03-17,4,13328,13470.709146825395
2025-03-18,4,14625,13446.826220238094
2025-03-19,4,13529,14324.255337301587
2025-03-20,4,13497,13619.24943783068
2025-03-21,4,13297,13473.754735449733
2025-03-22,4,11288,12009.023035714281
2025-03-23,4,7382,7829.424404761903
2025-03-24,4,11873,13146.831785714287
2025-03-25,4,12075,12806.330750661375
2025-03-26,4,12813,12648.95610780423
2025-03-27,4,12403,12212.257953042326
2025-03-28,4,12089,12029.537688492064
2025-03-29,4,11104,11020.147751322755
2025-03-30,4,7695,7823.081746031745
2025-03-31,4,12331,11422.101220238097
2025-04-01,4,13440,11949.666527777777
2025-04-02,4,11081,12479.604629629624
2025-04-03,4,15148,12085.683591269835
2025-04-04,4,14057,13263.997058080806
2025-04-05,4,12190,12099.292486772485
2025-04-06,4,8569,8381.151160714284
2025-04-07,4,14364,12780.335119047617
2025-04-08,4,13430,14272.769259259261
2025-04-09,4,12937,12877.66849206349
2025-04-10,4,13295,13316.196557539677
2025-04-11,4,13501,13352.232708333335
2025-04-12,4,12466,13141.928756613754
2025-04-13,4,8843,8286.203095238096
2025-04-14,4,15812,13478.238591269843
2025-04-15,4,13668,14169.203723544975
2025-04-16,4,14131,13918.040859788356
2025-04-17,4,13494,14376.211421957672
2025-04-18,4,12126,13645.927982804227
2025-04-19,4,12113,12564.802328042328
2025-04-20,4,8019,8268.207976190477
2025-04-21,4,13859,13533.509424603175
2025-04-22,4,14549,13925.948564814815
2025-04-23,4,13830,14203.086031746034
2025-04-24,4,14748,13934.43095899471
2025-04-25,4,13707,13749.790211640213
2025-04-26,4,11698,13428.518320105815
2025-04-27,4,8888,8214.578948412696
2025-04-28,4,15629,13572.735932539681
2025-04-29,4,14791,14296.734305555554
2025-04-30,4,14607,14345.506626984126
2025-05-01,4,13977,14232.90865079365
2025-05-02,4,15105,13987.401964285713
2025-05-03,4,12456,12842.975667989414
2025-05-04,4,8227,8291.307976190476
2025-05-05,4,15592,13436.79706349206
2025-05-06,4,14488,14193.299027777777
2025-05-07,4,14553,14225.192281746033
2025-05-08,4,14285,14315.691567460317
2025-05-09,4,14061,14060.641428571427
2025-05-10,4,12660,13736.232017195765
2025-05-11,4,8992,8499.33136904762
2025-05-12,4,14486,13455.340119047616
2025-05-13,4,14819,14211.085138888888
2025-05-14,4,13732,14207.406170634922
2025-05-15,4,14135,13871.817056878303
2025-05-16,4,14666,14100.993928571428
2025-05-17,4,11592,13776.806759259256
2025-05-18,4,8945,8676.624841269839
2025-05-19,4,13909,13455.340119047616
2025-05-20,4,12577,13922.233267195765
2025-05-21,4,13117,13397.805426587302
2025-05-22,4,14499,13319.586557539682
2025-05-23,4,13642,13811.396150793653
2025-05-24,4,11691,12577.109279100525
2025-05-25,4,8454,8689.514424603172
2025-05-26,4,8612,10532.54099206349
2025-05-27,4,13343,11534.041494708994
2025-05-28,4,13074,12718.208601190478
2025-05-29,4,13604,12628.044976851852
2025-05-30,4,14109,12763.295899470897
2025-05-31,4,13089,12401.841746031745
2025-06-01,4,9877,8480.389186507939
2025-06-02,4,14674,12263.970873015873
2025-06-03,4,15759,14241.325787037036
2025-06-04,4,12255,14253.753544973546
2025-06-05,4,13981,13310.550982142855
2025-06-06,4,13730,13946.00099206349
2025-06-07,4,12886,13545.919609788358
2025-06-08,4,9435,8743.983928571428
2025-06-09,4,12877,13437.233174603172
2025-06-10,4,13606,13317.76391865079
2025-06-11,4,14539,13832.007347883595
2025-06-12,4,13608,14315.691567460317
2025-06-13,4,12425,13724.69525132275
2025-06-14,4,13007,12727.775869708996
2025-06-15,4,10398,8737.867539682538
2025-06-16,4,12590,13188.591646825394
2025-06-17,4,13186,13296.797509920634
2025-06-18,4,10716,13385.356220238093
2025-06-19,4,11975,13088.553214285716
2025-06-20,4,12276,12304.37828042328
2025-06-21,4,12796,12121.570400132276
2025-06-22,4,10407,8772.814206349205
2025-06-23,4,12786,12300.573002645493
2025-06-24,4,12876,12642.485849867724
2025-06-25,4,14143,12148.878234126983
2025-06-26,4,13470,13879.306104497353
2025-06-27,4,13624,13410.587288359784
2025-06-28,4,12714,13330.660998677244
2025-06-29,4,9850,8841.025317460317
2025-06-30,4,14117,13253.05323412698
2025-07-01,4,15051,14169.125092592594
2025-07-02,4,14196,14187.934226190475
2025-07-03,4,13424,14294.648366402116
2025-07-04,4,9708,11646.726858465607
2025-07-05,4,10829,12850.202638888886
2025-07-06,4,9001,8587.845555555557
2025-07-07,4,14254,13088.11371031746
2025-07-08,4,13957,13908.598948412699
2025-07-09,4,14055,13583.96347222222
2025-07-10,4,13823,13616.877103174602
2025-07-11,4,13403,11738.082261904758
2025-07-12,4,13349,11645.444226190475
2025-07-13,4,10807,8697.57351190476
2025-07-14,4,13873,13379.28351190476
2025-07-15,4,14297,13909.582433862433
2025-07-16,4,13306,14301.618670634922
2025-07-17,4,13219,13420.881716269838
2025-07-18,4,14304,13338.886855158727
2025-07-19,4,12533,13843.116064814812
2025-07-20,4,10302,9770.310535714287
2025-07-21,4,13940,13412.9010515873
2025-07-22,4,13929,14028.733267195765
2025-07-23,4,14471,13969.739431216929
2025-07-24,4,12170,14241.818227513226
2025-07-25,4,12166,13161.924871031742
2025-07-26,4,12244,12581.727665343917
2025-07-27,4,10718,8715.270634920635
2025-07-28,4,12968,13322.998075396823
2025-07-29,4,13056,13264.690843253968
2025-07-30,4,12861,13247.392807539682
2025-07-31,4,14126,12830.47341269841
2025-08-01,4,14404,13714.20394179894
2025-08-02,4,14210,13418.15408068783
2025-08-03,4,11376,10398.434715608468
2025-08-04,4,13503,13125.590099206342
2025-08-05,4,14177,13722.134054232798
2025-08-06,4,14116,14293.018941798942
2025-08-07,4,13367,14227.776567460312
2025-08-08,4,13632,13298.969722222218
2025-08-09,4,13167,13446.974517195764
2025-08-10,4,11206,10046.280932539685
2025-08-11,4,12796,13367.497956349202
2025-08-12,4,11804,13294.403482142852
2025-08-13,4,13944,13199.070912698407
2025-08-14,4,13660,13991.010939153437
2025-08-15,4,14626,13546.20136243386
2025-08-16,4,12339,13760.478009259257
2025-08-17,4,10963,9964.155952380957
2025-08-18,4,14749,13080.362123015864
2025-08-19,4,15604,13616.096541005287
2025-08-20,4,16507,14235.538849206348
2025-08-21,4,15557,14242.32452380952
2025-08-22,4,15211,13921.054206349207
2025-08-23,4,13450,13578.445667989414
2025-08-24,4,10586,10235.166825396827
2025-08-25,4,15785,13403.558809523807
2025-08-26,4,16574,14149.607083333332
2025-08-27,4,16325,14169.035059523807
2025-08-28,4,15334,14176.751428571426
2025-08-29,4,15459,13921.054206349207
2025-08-30,4,13204,13714.151362433859
2025-08-31,4,12423,8740.00503968254
2025-09-01,4,11563,11378.48028769841
2025-09-02,4,16709,13302.396904761901
2025-09-03,4,16259,14169.035059523807
2025-09-04,4,16535,14176.751428571426
2025-09-05,4,16277,13921.054206349207
2025-09-06,4,14026,13748.610390211637
2025-09-07,4,11188,11940.454259259255
2025-09-08,4,16375,12193.07692460317
2025-09-09,4,16222,14149.607083333332
2025-09-10,4,16139,14169.035059523807
2025-09-11,4,16489,14176.751428571426
2025-09-12,4,15469,13921.054206349207
2025-09-13,4,12051,13734.154305555554
2025-09-14,4,10948,9836.13910714286
2025-09-15,4,15775,13364.375198412694
2025-09-16,4,15590,14149.607083333332
2025-09-17,4,16188,14169.035059523807
2025-09-18,4,15860,14176.751428571426
2025-09-19,4,15640,13921.054206349207
2025-09-20,4,12617,13509.461739417986
2025-09-21,4,10533,9796.146468253972
2025-09-22,4,15441,13405.149087301583
2025-09-23,4,15856,14149.607083333332
2025-09-24,4,16322,14169.035059523807
2025-09-25,4,16039,14176.751428571426
2025-09-26,4,15008,13921.054206349207
2025-09-27,4,14239,13726.568029100525
2025-09-28,4,11153,8790.685873015873
2025-09-29,4,16309,13355.233531746027
2025-09-30,4,16207,14149.607083333332
2025-10-01,4,18365,14167.017003968253
2025-10-02,4,16466,14174.73337301587
2025-10-03,4,16889,13919.036150793649
2025-10-04,4,13657,13697.731388888886
2025-10-05,4,10871,10560.197493386244
2025-10-06,4,15555,13382.075476190474
2025-10-07,4,14834,14147.589027777776
2025-10-08,4,16624,14167.017003968253
2025-10-09,4,15875,14174.73337301587
2025-10-10,4,15732,13919.036150793649
2025-10-11,4,13391,13736.92708333333
2025-10-12,4,9053,9738.35
2025-10-13,4,12909,13408.255535714283
2025-10-14,4,16903,13293.289593253963
2025-10-15,4,16170,14167.017003968253
2025-10-16,4,16123,14174.73337301587
2025-10-17,4,15741,13919.036150793649
2025-10-18,4,13637,13746.592334656081
2025-10-19,4,9691,8423.343194444442
2025-10-20,4,15902,13196.286825396819
2025-10-21,4,15030,14147.589027777776
2025-10-22,4,15633,14167.017003968253
2025-10-23,4,15470,14174.73337301587
2025-10-24,4,15610,13919.036150793649
2025-10-25,4,13421,13736.92708333333
2025-10-26,4,11175,8306.909166666666
2025-10-27,4,14791,13334.727976190472
2025-10-28,4,16423,14147.589027777776
2025-10-29,4,15867,14167.017003968253
2025-10-30,4,15432,14174.73337301587
2025-10-31,4,17874,13919.036150793649
2025-11-01,4,13543,13746.592334656081
2025-11-02,4,9388,10474.60802910053
2025-11-03,4,15834,13401.54482142857
2025-11-04,4,15544,14147.589027777776
2025-11-05,4,15512,14167.017003968253
2025-11-06,4,15465,14174.73337301587
2025-11-07,4,16089,13919.036150793649
2025-11-08,4,11910,13712.519140211636
2025-11-09,4,8900,8213.028888888888
2025-11-10,4,12592,13401.54482142857
2025-11-11,4,11280,13254.838204365076
2025-11-12,4,16318,13331.459325396823
2025-11-13,4,15443,14174.73337301587
2025-11-14,4,15677,13919.036150793649
2025-11-15,4,13757,13022.526917989415
2025-11-16,4,10541,8054.892658730158
2025-11-17,4,16563,13149.142103174596
2025-11-18,4,14557,13219.763842592589
2025-11-19,4,15846,14184.803115079363
2025-11-20,4,13761,14174.73337301587
2025-11-21,4,15080,13681.691779100527
2025-11-22,4,12502,13732.13625
2025-11-23,4,10053,8319.98740079365
2025-11-24,4,13773,13382.23857142857
2025-11-25,4,13886,13858.544933862431
2025-11-26,4,11364,13916.408743386242
2025-11-27,4,7421,10652.921031746031
2025-11-28,4,9522,12280.199986772488
2025-11-29,4,8274,11535.010241402118
2025-11-30,4,7905,7004.226468253967
2025-12-01,4,15071,11351.476071428571
2025-12-02,4,14125,12581.404712301588
2025-12-03,4,15622,12361.760079365076
2025-12-04,4,13145,11648.122093253973
2025-12-05,4,13076,11397.757936507933
2025-12-06,4,9375,10340.10125
2025-12-07,4,9043,7027.8930555555535
2025-12-08,4,14365,13395.213015873016
2025-12-09,4,14676,14089.70166666667
2025-12-10,4,14883,14084.436448412702
2025-12-11,4,14318,14158.196025132276
2025-12-12,4,15140,13963.567632275133
2025-12-13,4,9510,11281.236359126982
2025-12-14,4,7432,7417.603571428568
2025-12-15,4,13307,13135.171626984125
2025-12-16,4,14139,13405.39286706349
2025-12-17,4,14708,14155.403115079367
2025-12-18,4,14027,14059.209206349207
2025-12-19,4,12546,13784.492678571429
2025-12-20,4,11965,10762.156140873012
2025-12-21,4,9255,8150.379355158729
2025-12-22,4,12323,13244.239027777774
2025-12-23,4,11424,13178.18320436508
2025-12-24,4,10824,13104.671686507936
2025-12-25,4,6775,9422.825681216931
2025-12-26,4,9625,11297.57408730159
2025-12-27,4,10114,10444.592612433862
2025-12-28,4,7946,7516.683908730159
2025-12-29,4,9984,10734.249797378543
2025-12-30,4,10388,10296.006352813854
2025-12-31,4,11231,10326.216051587304
2026-01-01,4,7828,11379.55858465609
2026-01-02,4,11604,9839.192380952381
2026-01-03,4,10124,9834.676369047624
2026-01-04,4,8698,7615.572999338622
2026-01-05,4,12440,10808.651498015875
2026-01-06,4,14800,11642.515763888892
2026-01-07,4,14349,12813.69896825397
2026-01-08,4,13960,12016.485833333338
2026-01-09,4,14055,13026.262559523806
2026-01-10,4,10574,11353.334345238092
2026-01-11,4,9034,8099.721190476193
2026-01-12,4,14277,13256.893035714285
2026-01-13,4,14438,14384.98861111111
2026-01-14,4,12256,14262.636587301587
2026-01-15,4,13796,13220.602232142855
2026-01-16,4,13161,13650.568167989417
2026-01-17,4,8777,10977.998829365084
2026-01-18,4,7657,7455.15238095238
2026-01-19,4,7237,12464.465601851853
2026-01-20,4,12940,10913.437847222223
2026-01-21,4,14633,12325.684126984128
2026-01-22,4,13343,12888.932876984127
2026-01-23,4,6003,12266.621216931224
2026-01-24,4,7777,9259.249583333341
2026-01-25,4,6095,6509.261428571429
2026-01-26,4,11620,11433.070386904763
2026-01-27,4,13182,11834.34853174603
2026-01-28,4,13764,12316.443792989412
2026-01-29,4,12515,12657.245221560845
2026-01-30,4,13691,12167.460079365084
2026-01-31,4,10235,8370.048363095237
2026-02-01,4,9071,6903.8116071428585
2026-02-02,4,14689,11700.257480158727
2026-02-03,4,14998,14163.513306878307
2026-02-04,4,15517,14228.394543650795
2026-02-05,4,13133,14282.040211640213
2026-02-06,4,13147,13426.141101190475
2026-02-07,4,11190,10991.762261904763
2026-02-08,4,8926,8498.826626984124
2026-02-09,4,14457,13537.03095238095
2026-02-10,4,14736,14303.480833333331
2026-02-11,4,15226,14293.601865079365
2026-02-12,4,13770,14358.867691798943
2026-02-13,4,15191,13869.593399470898
2026-02-14,4,12268,12551.440535714284
2026-02-15,4,10484,8396.869226190476
2026-02-16,4,11878,13516.258035714283
2026-02-17,4,13638,13363.096001984122
2026-02-18,4,14913,13970.431937830685
2026-02-19,4,14644,14358.399246031744
2026-02-20,4,13208,14033.93490079365
2026-02-21,4,10717,12857.076329365078
2026-02-22,4,8284,8662.127718253969
2026-02-23,4,13112,12258.247956349203
2026-02-24,4,14965,13459.172807539686
2026-02-25,4,15447,14111.548531746033
2026-02-26,4,13945,14083.01490079365
2026-02-27,4,15207,13868.09451058201
2026-02-28,4,11799,12227.24650132275
2026-03-01,4,8920,8481.329424603175
2026-03-02,4,15060,13487.05962301587
2026-03-03,4,15896,14296.734305555554
2026-03-04,4,14446,14304.641448412698
2026-03-05,4,14007,14408.031607142855
2026-03-06,4,14245,14028.699325396825
2026-03-07,4,12239,13188.82009259259
2026-03-08,4,10928,8406.096726190477
2026-03-09,4,15832,13493.838253968252
2026-03-10,4,14386,14296.734305555554
2026-03-11,4,14498,14362.123392857142
2026-03-12,4,15603,14412.926845238091
2026-03-13,4,14515,14053.348373015871
2026-03-14,4,11527,13660.455191798941
2026-03-15,4,8721,9552.354880952384
2026-03-16,4,13314,13582.98595238095
2026-03-17,4,12418,13567.015803571428
2026-03-18,4,13454,13347.941279761902
2026-03-19,4,15608,13525.101203703702
2026-03-20,4,15187,13851.191984126986
2026-03-21,4,12577,12681.540297619043
2026-03-22,4,8248,8216.513630952382
2026-03-23,4,12479,13481.697123015872
2026-03-24,4,12753,13177.071210317457
2026-03-25,4,13880,13338.171676587297
2026-03-26,4,12814,13984.850667989414
2026-03-27,4,11876,13191.615565476188
2026-03-28,4,12227,12149.614070767197
2026-03-29,4,10355,8484.91025793651
2026-03-30,4,16116,13117.01720238095
2026-03-31,4,14103,14159.004973544974
2025-03-15,49,13664,12269.808154761906
2025-03-16,49,8582,8647.449966931217
2025-03-17,49,13089,11979.093253968253
2025-03-18,49,13417,13081.364047619045
2025-03-19,49,13143,13095.717043650797
2025-03-20,49,13356,13315.500515873016
2025-03-21,49,13547,13339.978941798943
2025-03-22,49,12434,12252.911984126986
2025-03-23,49,8952,8760.48597222222
2025-03-24,49,10786,12501.642361111106
2025-03-25,49,12052,12593.989017857144
2025-03-26,49,12088,13220.830208333333
2025-03-27,49,11699,12718.762976190477
2025-03-28,49,11825,12235.793501984126
2025-03-29,49,11820,11982.247063492065
2025-03-30,49,8943,8804.95285714286
2025-03-31,49,11678,10896.159080687827
2025-04-01,49,12959,11974.878690476187
2025-04-02,49,11303,12618.015942460315
2025-04-03,49,14201,11596.458650793655
2025-04-04,49,14249,12512.551240079365
2025-04-05,49,12633,12109.608392857148
2025-04-06,49,9923,8622.145601851857
2025-04-07,49,12528,12763.027638888889
2025-04-08,49,13335,13049.29820436508
2025-04-09,49,12443,13235.70465277778
2025-04-10,49,14101,13618.81664021164
2025-04-11,49,14273,14141.932132936508
2025-04-12,49,13185,12123.358670634923
2025-04-13,49,9395,9714.198978174602
2025-04-14,49,12943,12546.012450396827
2025-04-15,49,13497,13113.603194444444
2025-04-16,49,14043,13313.88130952381
2025-04-17,49,13819,13591.712966269843
2025-04-18,49,12134,13978.173442460316
2025-04-19,49,11750,12069.008035714283
2025-04-20,49,8524,9167.93413359788
2025-04-21,49,12571,12403.114583333334
2025-04-22,49,14088,13175.097870370368
2025-04-23,49,12416,13140.820013227514
2025-04-24,49,14093,13175.71220568783
2025-04-25,49,13949,13405.435952380956
2025-04-26,49,13762,12150.706884920637
2025-04-27,49,9582,8812.377876984126
2025-04-28,49,13219,12599.906200396828
2025-04-29,49,14113,13088.145654761902
2025-04-30,49,12727,13524.107390873016
2025-05-01,49,13587,12909.997797619048
2025-05-02,49,13755,13279.580416666664
2025-05-03,49,13128,12373.27910714286
2025-05-04,49,9846,9059.84421296296
2025-05-05,49,12704,12386.618501984127
2025-05-06,49,13658,13151.835138888888
2025-05-07,49,14001,13461.847390873012
2025-05-08,49,13760,13659.33386904762
2025-05-09,49,13654,13518.731249999993
2025-05-10,49,12779,12340.123432539684
2025-05-11,49,9193,9349.620882936508
2025-05-12,49,13376,12492.063005952385
2025-05-13,49,13850,13166.545489417993
2025-05-14,49,13718,13233.580734126985
2025-05-15,49,14206,13509.857757936501
2025-05-16,49,14274,13680.975535714282
2025-05-17,49,13330,12088.08672619048
2025-05-18,49,10173,9223.612308201056
2025-05-19,49,13555,12345.33447420635
2025-05-20,49,12354,13142.354424603172
2025-05-21,49,13592,13054.020925925926
2025-05-22,49,13715,13973.661587301585
2025-05-23,49,14590,13976.3973015873
2025-05-24,49,12487,12365.461845238102
2025-05-25,49,10433,9329.130416666665
2025-05-26,49,10428,9028.963472222218
2025-05-27,49,13483,12655.653482142861
2025-05-28,49,12853,13312.90922619048
2025-05-29,49,14525,12937.18136243386
2025-05-30,49,15268,14178.381091269839
2025-05-31,49,14712,12120.09686507937
2025-06-01,49,10880,9632.915277777782
2025-06-02,49,13927,12604.267718253972
2025-06-03,49,14459,13492.86331349206
2025-06-04,49,13061,13493.469335317459
2025-06-05,49,13361,13898.141567460314
2025-06-06,49,14479,13910.966428571428
2025-06-07,49,14006,12618.031666666671
2025-06-08,49,10004,9731.965972222224
2025-06-09,49,13611,12303.123125
2025-06-10,49,13887,13940.40214285714
2025-06-11,49,13472,13397.786408730155
2025-06-12,49,13719,13459.421111111114
2025-06-13,49,12443,13998.085218253966
2025-06-14,49,12784,11999.055555555555
2025-06-15,49,9981,9678.151200396826
2025-06-16,49,12795,12314.209136904761
2025-06-17,49,13737,12859.532539682534
2025-06-18,49,12305,13521.947579365078
2025-06-19,49,12535,12975.944616402116
2025-06-20,49,13707,13085.021269841263
2025-06-21,49,12812,12025.009424603182
2025-06-22,49,9768,9711.163164682537
2025-06-23,49,12070,12628.018333333337
2025-06-24,49,13805,13210.693928571429
2025-06-25,49,14376,13281.465198412701
2025-06-26,49,14025,13539.968363095239
2025-06-27,49,14360,13668.618591269837
2025-06-28,49,12137,12100.49783730159
2025-06-29,49,10622,9457.79506944444
2025-06-30,49,12919,12617.59821428572
2025-07-01,49,13946,12886.710595238092
2025-07-02,49,14047,13965.675357142854
2025-07-03,49,13568,13404.106924603173
2025-07-04,49,10446,10947.318968253969
2025-07-05,49,11549,12031.096726190479
2025-07-06,49,9926,9164.016170634923
2025-07-07,49,13591,12541.775912698415
2025-07-08,49,13860,12985.01292989418
2025-07-09,49,14215,12976.9341005291
2025-07-10,49,14281,13588.372361111113
2025-07-11,49,14659,13441.873561507937
2025-07-12,49,14195,12167.938035714289
2025-07-13,49,11060,9828.067728174601
2025-07-14,49,13921,12450.74640873016
2025-07-15,49,13757,13245.765535714281
2025-07-16,49,13613,13965.025119047617
2025-07-17,49,14332,13926.260337301586
2025-07-18,49,14089,14165.994424603174
2025-07-19,49,12996,12611.248333333338
2025-07-20,49,10834,9736.445833333337
2025-07-21,49,13467,12338.747827380952
2025-07-22,49,14092,13322.919503968255
2025-07-23,49,13692,13627.048035714288
2025-07-24,49,12779,13929.878948412696
2025-07-25,49,12180,12927.801011904758
2025-07-26,49,12184,11930.292896825396
2025-07-27,49,10456,9458.270734126987
2025-07-28,49,13124,12331.954970238095
2025-07-29,49,14335,13028.31017857142
2025-07-30,49,13022,13569.172757936507
2025-07-31,49,14331,13165.057549603176
2025-08-01,49,14620,13600.54735119048
2025-08-02,49,13000,12239.645992063497
2025-08-03,49,10946,9636.605416666669
2025-08-04,49,13400,12586.57662698413
2025-08-05,49,13352,13624.480773809519
2025-08-06,49,14028,13154.599117063492
2025-08-07,49,14281,13889.46837301587
2025-08-08,49,13670,13954.66337301587
2025-08-09,49,12674,12292.949781746032
2025-08-10,49,10178,9490.033750000002
2025-08-11,49,13371,12424.895029761907
2025-08-12,49,12417,13216.75160714286
2025-08-13,49,14276,12988.505787037035
2025-08-14,49,13773,13880.39476190476
2025-08-15,49,14462,13526.978988095236
2025-08-16,49,12847,12164.33932539683
2025-08-17,49,10674,9505.938333333334
2025-08-18,49,13947,12456.555347222222
2025-08-19,49,15327,13373.918948412695
2025-08-20,49,15220,13876.856289682537
2025-08-21,49,15491,13603.485773809522
2025-08-22,49,15301,13954.66337301587
2025-08-23,49,13713,12176.895853174608
2025-08-24,49,11469,9745.181111111113
2025-08-25,49,15464,12567.49609126984
2025-08-26,49,14655,13897.452678571424
2025-08-27,49,14783,13908.18198412698
2025-08-28,49,15423,13911.720456349203
2025-08-29,49,15495,13954.66337301587
2025-08-30,49,13419,12393.080277777783
2025-08-31,49,11501,9984.038412698417
2025-09-01,49,11003,9457.481865079364
2025-09-02,49,15484,12644.16201388889
2025-09-03,49,15310,13913.151428571427
2025-09-04,49,16456,13916.689900793648
2025-09-05,49,16881,13954.66337301587
2025-09-06,49,14635,12436.497460317467
2025-09-07,49,11598,10032.455575396829
2025-09-08,49,15281,12905.989920634926
2025-09-09,49,15275,13902.42212301587
2025-09-10,49,15337,13913.151428571427
2025-09-11,49,15079,13916.689900793648
2025-09-12,49,16506,13954.66337301587
2025-09-13,49,11995,12624.8903968254
2025-09-14,49,10886,9854.151091269841
2025-09-15,49,14780,12651.208958333335
2025-09-16,49,15565,13902.42212301587
2025-09-17,49,15160,13913.151428571427
2025-09-18,49,15102,13916.689900793648
2025-09-19,49,16031,13954.66337301587
2025-09-20,49,14007,12323.931111111113
2025-09-21,49,11464,9765.309682539686
2025-09-22,49,15829,12827.229722222224
2025-09-23,49,14497,13902.42212301587
2025-09-24,49,15060,13913.151428571427
2025-09-25,49,15219,13916.689900793648
2025-09-26,49,14602,13954.66337301587
2025-09-27,49,13695,12391.643293650797
2025-09-28,49,10801,10018.625019841274
2025-09-29,49,14859,12639.453402777779
2025-09-30,49,15571,13902.42212301587
2025-10-01,49,15698,13935.176845238095
2025-10-02,49,15675,13940.408373015873
2025-10-03,49,16811,13966.94351190476
2025-10-04,49,14946,12497.757043650798
2025-10-05,49,11843,9725.133849206351
2025-10-06,49,14761,13312.961527777778
2025-10-07,49,14486,13924.447539682536
2025-10-08,49,15308,13935.176845238095
2025-10-09,49,15703,13940.408373015873
2025-10-10,49,15266,13966.94351190476
2025-10-11,49,13157,12666.269424603177
2025-10-12,49,11214,10302.170000000002
2025-10-13,49,11425,12654.962380952382
2025-10-14,49,15513,12718.294325396826
2025-10-15,49,14949,13935.176845238095
2025-10-16,49,15287,13940.408373015873
2025-10-17,49,15401,13966.94351190476
2025-10-18,49,11988,12444.245952380956
2025-10-19,49,10961,9657.246507936507
2025-10-20,49,14188,12739.758750000008
2025-10-21,49,13608,13933.139206349204
2025-10-22,49,14255,13799.581567460316
2025-10-23,49,14697,13949.100039682538
2025-10-24,49,14109,13966.94351190476
2025-10-25,49,12873,12386.173333333338
2025-10-26,49,10402,9678.21496031746
2025-10-27,49,12627,12511.70800595238
2025-10-28,49,14352,12985.402261904763
2025-10-29,49,14656,13905.80115079365
2025-10-30,49,15382,13940.408373015873
2025-10-31,49,15702,13765.307023809522
2025-11-01,49,12832,12292.836785714288
2025-11-02,49,10135,9454.949682539682
2025-11-03,49,13996,12524.05150793651
2025-11-04,49,14205,13856.764206349204
2025-11-05,49,14794,13907.897956349208
2025-11-06,49,13897,13900.885039682536
2025-11-07,49,14249,13789.129107142855
2025-11-08,49,11828,12232.46011904762
2025-11-09,49,8955,9438.719454365078
2025-11-10,49,12947,11892.573720238097
2025-11-11,49,11345,13413.882718253966
2025-11-12,49,14050,12648.613571428574
2025-11-13,49,14359,13239.636541005291
2025-11-14,49,14390,13759.080575396825
2025-11-15,49,13337,12269.597916666673
2025-11-16,49,9753,8849.440284391536
2025-11-17,49,14161,12341.811845238097
2025-11-18,49,13830,13402.053561507937
2025-11-19,49,14533,13259.296944444442
2025-11-20,49,14643,13892.86837301587
2025-11-21,49,15247,13919.40351190476
2025-11-22,49,13016,12486.47065476191
2025-11-23,49,9765,9335.428323412692
2025-11-24,49,12338,12391.592311507935
2025-11-25,49,12276,12966.825
2025-11-26,49,11040,13377.598505291005
2025-11-27,49,6382,8813.68996031746
2025-11-28,49,9095,10916.571220238098
2025-11-29,49,8766,9958.033161375663
2025-11-30,49,8370,6967.277837301586
2025-12-01,49,13408,9923.153581349206
2025-12-02,49,14147,12072.22373015873
2025-12-03,49,13412,11982.340257936508
2025-12-04,49,13172,11901.53972222222
2025-12-05,49,13490,11616.930552849926
2025-12-06,49,9549,9816.942698412697
2025-12-07,49,9253,7864.712791005294
2025-12-08,49,13743,12380.521617063496
2025-12-09,49,13879,13498.926785714286
2025-12-10,49,13787,13349.602698412697
2025-12-11,49,14372,13400.0206547619
2025-12-12,49,15482,13674.125277777777
2025-12-13,49,10387,10120.002767857146
2025-12-14,49,7508,8883.61375
2025-12-15,49,13482,11444.701636904763
2025-12-16,49,14060,13096.547837301585
2025-12-17,49,14712,13590.454384920633
2025-12-18,49,13570,13891.264206349204
2025-12-19,49,12250,13752.669722222223
2025-12-20,49,11808,11307.161894841267
2025-12-21,49,9043,8605.699166666667
2025-12-22,49,11597,12128.792847222223
2025-12-23,49,11810,12636.931329365085
2025-12-24,49,8602,13155.529755291007
2025-12-25,49,5279,8033.647460317463
2025-12-26,49,9560,8257.529074074071
2025-12-27,49,9951,10018.072311507938
2025-12-28,49,7621,8019.980555555557
2025-12-29,49,9569,9743.581785714287
2025-12-30,49,10248,9513.736111111111
2025-12-31,49,11222,9693.27828373016
2026-01-01,49,7617,10888.071865079366
2026-01-02,49,10924,9423.659246031746
2026-01-03,49,10877,10213.927003968254
2026-01-04,49,8742,7287.952162698412
2026-01-05,49,11867,10802.416646825395
2026-01-06,49,13901,11573.598015873014
2026-01-07,49,14101,12353.913353174601
2026-01-08,49,13489,11781.306865079365
2026-01-09,49,14258,13155.655
2026-01-10,49,11743,11836.39918650794
2026-01-11,49,8788,8612.979087301586
2026-01-12,49,13819,12509.992222222225
2026-01-13,49,14664,13288.164632936505
2026-01-14,49,13081,13606.249216269842
2026-01-15,49,13290,13214.384199735448
2026-01-16,49,13516,13897.95363095238
2026-01-17,49,10668,12241.858928571432
2026-01-18,49,8065,8314.011944444446
2026-01-19,49,7540,12311.319136904762
2026-01-20,49,12834,11957.472116402116
2026-01-21,49,13322,12388.460694444444
2026-01-22,49,12931,12844.376587301584
2026-01-23,49,5887,12467.925357142853
2026-01-24,49,7443,8288.740456349207
2026-01-25,49,6492,5999.655998677248
2026-01-26,49,10789,9994.890456349207
2026-01-27,49,12384,11043.022996031745
2026-01-28,49,11508,11902.295873015873
2026-01-29,49,12687,11171.912589285716
2026-01-30,49,13288,11558.237916666661
2026-01-31,49,11221,9018.794543650793
2026-02-01,49,9101,8667.867797619047
2026-02-02,49,13467,11279.466335978832
2026-02-03,49,13879,13008.6494047619
2026-02-04,49,13991,13174.78168650794
2026-02-05,49,13659,13482.583402777782
2026-02-06,49,14081,13669.264494047618
2026-02-07,49,11938,12075.626250000005
2026-02-08,49,9076,8821.623948412698
2026-02-09,49,13592,12412.774613095238
2026-02-10,49,13945,13281.945089285708
2026-02-11,49,14070,13298.911855158729
2026-02-12,49,14206,13708.07699404762
2026-02-13,49,15077,13514.706438492063
2026-02-14,49,12862,12205.4995436508
2026-02-15,49,10188,8878.617883597883
2026-02-16,49,11069,12475.76294642857
2026-02-17,49,12588,12572.057857142858
2026-02-18,49,14907,12978.436944444442
2026-02-19,49,14325,14130.365188492064
2026-02-20,49,14325,14169.77060515873
2026-02-21,49,12675,12134.145059523813
2026-02-22,49,8707,9340.712916666667
2026-02-23,49,12999,12405.137407407408
2026-02-24,49,14040,13156.848138227511
2026-02-25,49,14467,14125.729771825398
2026-02-26,49,14312,14091.98560515873
2026-02-27,49,15707,14141.179632936508
2026-02-28,49,12575,12112.578809523813
2026-03-01,49,9817,8761.519113756613
2026-03-02,49,13929,12428.196666666665
2026-03-03,49,14403,13283.218799603172
2026-03-04,49,14427,14117.03810515873
2026-03-05,49,14710,14091.98560515873
2026-03-06,49,13724,14169.77060515873
2026-03-07,49,13053,12170.023611111113
2026-03-08,49,10085,9352.837113095236
2026-03-09,49,14566,12427.063640873013
2026-03-10,49,13640,14098.292132936507
2026-03-11,49,12891,13978.445267857143
2026-03-12,49,15021,13556.506825396824
2026-03-13,49,14646,13698.389355158728
2026-03-14,49,13088,12188.133392857148
2026-03-15,49,8491,9657.368283730157
2026-03-16,49,11947,12363.20239087302
2026-03-17,49,12502,13166.571726190474
2026-03-18,49,12850,13114.133402777781
2026-03-19,49,14701,13488.764880952378
2026-03-20,49,14853,14069.604751984127
2026-03-21,49,13948,12028.374841269844
2026-03-22,49,9401,8852.45908730159
2026-03-23,49,11460,12530.698115079365
2026-03-24,49,12200,12789.721498015873
2026-03-25,49,13065,13021.680486111118
2026-03-26,49,12272,13938.016249999997
2026-03-27,49,12834,13563.398167989415
2026-03-28,49,12824,12148.792291666668
2026-03-29,49,9676,9065.531157407408
2026-03-30,49,14593,12715.895912698412
2026-03-31,49,13810,13433.037708333339
2025-03-15,53,11618,10605.883650793652
2025-03-16,53,7596,7817.303412698412
2025-03-17,53,15485,15007.43986111111
2025-03-18,53,16041,16126.711408730162
2025-03-19,53,15112,16142.970476190481
2025-03-20,53,15247,15495.695654761908
2025-03-21,53,15154,15615.757956349213
2025-03-22,53,10704,13133.749212662335
2025-03-23,53,7726,7873.295545634922
2025-03-24,53,13222,15167.254027777779
2025-03-25,53,13926,15251.376924603177
2025-03-26,53,14439,14539.431587301591
2025-03-27,53,13794,14231.50851010101
2025-03-28,53,13900,13901.244216269846
2025-03-29,53,10888,9578.694672619045
2025-03-30,53,8035,7592.296091269842
2025-03-31,53,13490,13164.631345899474
2025-04-01,53,14940,14386.255337301593
2025-04-02,53,13590,14738.027478354978
2025-04-03,53,17081,14109.088928571435
2025-04-04,53,15774,15077.203065476195
2025-04-05,53,11203,10854.33958333333
2025-04-06,53,8732,7466.329434523808
2025-04-07,53,15400,14769.23569444445
2025-04-08,53,15885,15175.597351190483
2025-04-09,53,15676,15862.6270138889
2025-04-10,53,16207,16103.98670634921
2025-04-11,53,15884,15618.289771825399
2025-04-12,53,11071,12414.700595238095
2025-04-13,53,8691,7695.998482142856
2025-04-14,53,16577,15117.909543650796
2025-04-15,53,15350,16216.158859126988
2025-04-16,53,16068,15544.219503968256
2025-04-17,53,14765,16190.308789682544
2025-04-18,53,13322,15399.515813492064
2025-04-19,53,10661,11347.133938492061
2025-04-20,53,8175,7721.81326388889
2025-04-21,53,15772,15323.368988095239
2025-04-22,53,16572,15521.5216468254
2025-04-23,53,15685,16225.390119047623
2025-04-24,53,16370,15383.881805555562
2025-04-25,53,15962,15479.039682539686
2025-04-26,53,11691,10543.56476190476
2025-04-27,53,8915,7712.261765873015
2025-04-28,53,16926,15177.81121031746
2025-04-29,53,17081,16259.12249007937
2025-04-30,53,16748,16141.649742063495
2025-05-01,53,16018,16250.959593253969
2025-05-02,53,16857,15689.136626984131
2025-05-03,53,11112,13287.533075396825
2025-05-04,53,8320,7674.262509920634
2025-05-05,53,16655,15263.149821428575
2025-05-06,53,16924,16239.89749007937
2025-05-07,53,17018,16263.826656746036
2025-05-08,53,16028,16271.869226190476
2025-05-09,53,16880,15814.157321428576
2025-05-10,53,11800,11696.383988095236
2025-05-11,53,9313,7649.1973015873
2025-05-12,53,16471,15263.149821428575
2025-05-13,53,16200,16239.89749007937
2025-05-14,53,15868,16172.486468253976
2025-05-15,53,16040,16070.713492063496
2025-05-16,53,16343,15814.157321428576
2025-05-17,53,11094,13194.085158730159
2025-05-18,53,9162,7676.987926587301
2025-05-19,53,16368,15263.149821428575
2025-05-20,53,14233,16319.815138888893
2025-05-21,53,15479,15475.015922619048
2025-05-22,53,16256,16044.724613095244
2025-05-23,53,15263,15860.646924603177
2025-05-24,53,10676,11532.085376984123
2025-05-25,53,9042,7706.196458333333
2025-05-26,53,8765,8029.497751322751
2025-05-27,53,15219,14591.899358465605
2025-05-28,53,15122,14767.77788690476
2025-05-29,53,16226,14993.612582671954
2025-05-30,53,15007,15086.786785714283
2025-05-31,53,11076,9580.13026785714
2025-06-01,53,9193,7622.6732341269835
2025-06-02,53,16136,14187.203998015875
2025-06-03,53,16308,15826.517926587307
2025-06-04,53,15299,15908.876716269848
2025-06-05,53,16347,15733.647817460322
2025-06-06,53,15773,15567.760486111114
2025-06-07,53,11736,11402.849265873016
2025-06-08,53,8768,7710.860932539683
2025-06-09,53,16555,15253.83898809524
2025-06-10,53,16771,16256.866934523812
2025-06-11,53,15721,15937.953015873023
2025-06-12,53,15798,16044.571557539686
2025-06-13,53,13921,15474.607242063494
2025-06-14,53,10644,13070.954781746032
2025-06-15,53,9038,7704.709375
2025-06-16,53,14080,15248.108571428573
2025-06-17,53,13914,15506.26927579365
2025-06-18,53,12153,15096.200515873019
2025-06-19,53,12626,14681.257334656088
2025-06-20,53,14088,12903.487777777773
2025-06-21,53,10811,9478.696587301587
2025-06-22,53,8416,7556.957817460317
2025-06-23,53,13690,13664.077817460317
2025-06-24,53,13428,13814.222645502647
2025-06-25,53,13514,13548.190181878308
2025-06-26,53,14714,13198.722509920632
2025-06-27,53,14231,14503.378730158729
2025-06-28,53,11227,9628.727857142856
2025-06-29,53,9038,7485.8668253968235
2025-06-30,53,15023,14544.35955357143
2025-07-01,53,14892,14845.291934523813
2025-07-02,53,14665,15122.054563492065
2025-07-03,53,15291,14883.191805555552
2025-07-04,53,9158,10476.685925925924
2025-07-05,53,10413,11730.199930555558
2025-07-06,53,8635,7714.070724206349
2025-07-07,53,15666,12595.048373015876
2025-07-08,53,15175,15855.577030423277
2025-07-09,53,14426,14216.828837481966
2025-07-10,53,15168,14311.057336159209
2025-07-11,53,14927,12841.720178571433
2025-07-12,53,11707,10477.527182539685
2025-07-13,53,8704,7669.215357142856
2025-07-14,53,15093,15286.266071428576
2025-07-15,53,14091,14617.606309523817
2025-07-16,53,13854,14889.113869047615
2025-07-17,53,15438,14381.741230158736
2025-07-18,53,14714,14845.794444444447
2025-07-19,53,10633,13116.449533730158
2025-07-20,53,7979,7717.971279761901
2025-07-21,53,14344,14803.590248015877
2025-07-22,53,14099,14952.212184042812
2025-07-23,53,13533,14747.203336640214
2025-07-24,53,14008,14391.39406746032
2025-07-25,53,14112,13996.076868386244
2025-07-26,53,10539,9528.379384920634
2025-07-27,53,8471,7513.37294642857
2025-07-28,53,14191,14323.127509920632
2025-07-29,53,14191,14815.171541005293
2025-07-30,53,12700,14848.71916666667
2025-07-31,53,14427,13264.796190476189
2025-08-01,53,15630,14646.002539682542
2025-08-02,53,11468,9718.319206349206
2025-08-03,53,7803,7655.921220238091
2025-08-04,53,14300,14779.111630291007
2025-08-05,53,14265,14873.380638227512
2025-08-06,53,14242,14884.07996031746
2025-08-07,53,14351,14561.747876984125
2025-08-08,53,13992,14960.788773148144
2025-08-09,53,9716,12793.259242424241
2025-08-10,53,8642,7382.369682539682
2025-08-11,53,13850,14510.526259920634
2025-08-12,53,13353,14640.465995370372
2025-08-13,53,14637,13214.508095238092
2025-08-14,53,14063,14285.650049603175
2025-08-15,53,14678,13959.038449074073
2025-08-16,53,10821,10000.032314814818
2025-08-17,53,10642,7568.023908730157
2025-08-18,53,19612,14596.75021825397
2025-08-19,53,19304,15840.969394841277
2025-08-20,53,19781,15932.591021825405
2025-08-21,53,21346,15529.687569444448
2025-08-22,53,20585,15659.294930555561
2025-08-23,53,13536,10221.473439153437
2025-08-24,53,11392,7005.560628306878
2025-08-25,53,20135,15158.857182539685
2025-08-26,53,20388,16156.511478174603
2025-08-27,53,21295,16175.745644841272
2025-08-28,53,20432,16147.218621031747
2025-08-29,53,20766,15950.640525793651
2025-08-30,53,14095,14552.944394841272
2025-08-31,53,11829,8239.454338624339
2025-09-01,53,11713,7905.63914021164
2025-09-02,53,20516,15173.819126984128
2025-09-03,53,20506,16175.745644841272
2025-09-04,53,20887,16147.218621031747
2025-09-05,53,21010,15950.640525793651
2025-09-06,53,13900,14655.125644841271
2025-09-07,53,11625,8229.7559755291
2025-09-08,53,20672,14295.05177579365
2025-09-09,53,20754,16156.511478174603
2025-09-10,53,20422,16175.745644841272
2025-09-11,53,20611,16147.218621031747
2025-09-12,53,20505,15950.640525793651
2025-09-13,53,12500,14614.771478174605
2025-09-14,53,9735,7901.711352513227
2025-09-15,53,19462,15204.559682539684
2025-09-16,53,19985,16156.511478174603
2025-09-17,53,20336,16175.745644841272
2025-09-18,53,20515,16147.218621031747
2025-09-19,53,20277,15950.640525793651
2025-09-20,53,12414,14377.062936507939
2025-09-21,53,10665,6839.17796957672
2025-09-22,53,20058,15204.559682539684
2025-09-23,53,20395,16156.511478174603
2025-09-24,53,21068,16175.745644841272
2025-09-25,53,20763,16147.218621031747
2025-09-26,53,18217,15950.640525793651
2025-09-27,53,14526,14184.74765873016
2025-09-28,53,10662,6965.16781084656
2025-09-29,53,19681,15204.559682539684
2025-09-30,53,20478,16156.511478174603
2025-10-01,53,20741,16174.241577380955
2025-10-02,53,20451,16140.779831349208
2025-10-03,53,19355,15942.473263888889
2025-10-04,53,13072,14763.140704365082
2025-10-05,53,10629,6860.7923941798945
2025-10-06,53,19410,14577.585555555557
2025-10-07,53,19445,16155.007410714288
2025-10-08,53,20206,16174.241577380955
2025-10-09,53,20022,16140.779831349208
2025-10-10,53,19011,15942.473263888889
2025-10-11,53,12878,14490.349414682541
2025-10-12,53,10355,6869.434060846561
2025-10-13,53,14770,14577.585555555557
2025-10-14,53,20127,15428.770158730158
2025-10-15,53,19187,16174.241577380955
2025-10-16,53,20102,16140.779831349208
2025-10-17,53,20072,15942.473263888889
2025-10-18,53,12780,14481.568859126985
2025-10-19,53,9957,6873.74781084656
2025-10-20,53,19051,14230.036250000005
2025-10-21,53,18951,16155.007410714288
2025-10-22,53,19157,16174.241577380955
2025-10-23,53,19091,16140.779831349208
2025-10-24,53,18470,15942.473263888889
2025-10-25,53,12536,14488.270248015875
2025-10-26,53,10222,6829.813048941799
2025-10-27,53,16921,14577.585555555557
2025-10-28,53,19151,16155.007410714288
2025-10-29,53,19361,16174.241577380955
2025-10-30,53,19295,16140.779831349208
2025-10-31,53,19485,15942.473263888889
2025-11-01,53,12636,14439.259831349209
2025-11-02,53,10009,6729.459824735449
2025-11-03,53,19686,14510.510555555556
2025-11-04,53,19274,16155.007410714288
2025-11-05,53,19587,16174.241577380955
2025-11-06,53,19913,16140.779831349208
2025-11-07,53,19875,15942.473263888889
2025-11-08,53,12493,14458.507748015874
2025-11-09,53,8951,6811.312175925926
2025-11-10,53,17011,14493.167500000001
2025-11-11,53,14264,16155.007410714288
2025-11-12,53,19501,15294.359652777779
2025-11-13,53,19691,16140.779831349208
2025-11-14,53,20487,15942.473263888889
2025-11-15,53,13520,14317.511369047623
2025-11-16,53,10662,7908.98380952381
2025-11-17,53,20202,14510.510555555556
2025-11-18,53,18693,15716.025585317468
2025-11-19,53,19907,16174.241577380955
2025-11-20,53,19489,16140.779831349208
2025-11-21,53,19826,15942.473263888889
2025-11-22,53,13573,14485.827549603178
2025-11-23,53,10455,6874.745866402116
2025-11-24,53,16210,14510.510555555556
2025-11-25,53,16397,16074.261011904768
2025-11-26,53,14387,16174.241577380955
2025-11-27,53,7754,10169.967939814815
2025-11-28,53,12202,14360.161944444444
2025-11-29,53,8913,13074.106200396827
2025-11-30,53,8602,6479.48636243386
2025-12-01,53,18104,13303.987817460322
2025-12-02,53,18664,15827.430469576722
2025-12-03,53,18469,15633.404837962964
2025-12-04,53,17322,13712.080138888892
2025-12-05,53,17575,15010.892301587302
2025-12-06,53,11237,10035.285896164023
2025-12-07,53,9316,7578.031359126984
2025-12-08,53,17769,14493.167500000001
2025-12-09,53,19422,16155.007410714288
2025-12-10,53,19622,16174.241577380955
2025-12-11,53,18841,16140.779831349208
2025-12-12,53,18469,15942.473263888889
2025-12-13,53,11124,12172.548124999998
2025-12-14,53,8337,7664.402212301588
2025-12-15,53,16197,14493.167500000001
2025-12-16,53,17860,16055.817797619055
2025-12-17,53,19096,16174.241577380955
2025-12-18,53,17473,16140.779831349208
2025-12-19,53,17033,15942.473263888889
2025-12-20,53,12300,11873.848055555554
2025-12-21,53,9829,7670.53115079365
2025-12-22,53,15195,14530.635416666666
2025-12-23,53,15280,15665.432003968257
2025-12-24,53,12982,15690.492906746038
2025-12-25,53,6679,7182.081640211642
2025-12-26,53,12913,13903.154318783067
2025-12-27,53,11487,12345.811488095238
2025-12-28,53,8643,6510.98769179894
2025-12-29,53,12633,12552.270337301594
2025-12-30,53,13055,12778.301375661373
2025-12-31,53,12681,12801.172261904758
2026-01-01,53,7239,10164.526567460318
2026-01-02,53,13684,11915.530833333336
2026-01-03,53,10919,12853.22163690476
2026-01-04,53,9967,7148.439642857141
2026-01-05,53,16229,11926.712896825396
2026-01-06,53,18197,15182.8090244709
2026-01-07,53,19243,15469.584222883595
2026-01-08,53,17963,14401.243558201057
2026-01-09,53,18060,15635.684206349213
2026-01-10,53,12288,10819.499563492061
2026-01-11,53,9363,7025.695231481482
2026-01-12,53,18981,15064.595416666669
2026-01-13,53,19270,16259.12249007937
2026-01-14,53,16082,16283.051656746036
2026-01-15,53,17362,16138.752976190479
2026-01-16,53,16641,16064.575595238097
2026-01-17,53,11401,14368.603938492068
2026-01-18,53,8157,7795.8979960317465
2026-01-19,53,9817,15031.703472222223
2026-01-20,53,16007,15047.754583333333
2026-01-21,53,17474,16025.127480158733
2026-01-22,53,16747,16259.504067460315
2026-01-23,53,7477,15950.704345238097
2026-01-24,53,8051,12338.25625631313
2026-01-25,53,6919,7061.83763888889
2026-01-26,53,14692,13466.340615079363
2026-01-27,53,16941,14609.276626984123
2026-01-28,53,15274,15963.40937830688
2026-01-29,53,16482,15141.925353835977
2026-01-30,53,16496,14153.503988095234
2026-01-31,53,11154,9840.235357142858
2026-02-01,53,9282,7173.2316170634895
2026-02-02,53,17436,14799.669623015876
2026-02-03,53,18757,16259.12249007937
2026-02-04,53,18561,16006.257857142864
2026-02-05,53,19003,16282.175317460318
2026-02-06,53,18005,16064.575595238097
2026-02-07,53,12200,12433.262251984126
2026-02-08,53,10258,7784.213948412697
2026-02-09,53,18668,15280.124722222223
2026-02-10,53,19745,16259.12249007937
2026-02-11,53,18874,16283.051656746036
2026-02-12,53,18324,16282.175317460318
2026-02-13,53,18617,16064.575595238097
2026-02-14,53,12992,14098.185605158735
2026-02-15,53,11234,7028.865033068783
2026-02-16,53,14798,15256.811944444447
2026-02-17,53,16910,15520.674503968256
2026-02-18,53,20236,16283.051656746036
2026-02-19,53,18462,16282.175317460318
2026-02-20,53,17197,16064.575595238097
2026-02-21,53,12611,14725.471904761911
2026-02-22,53,9166,7544.272711640209
2026-02-23,53,17234,14804.818750000002
2026-02-24,53,18447,16259.12249007937
2026-02-25,53,18064,16283.051656746036
2026-02-26,53,17756,16282.175317460318
2026-02-27,53,18671,16064.575595238097
2026-02-28,53,13125,14724.207321428577
2026-03-01,53,10194,7979.59996031746
2026-03-02,53,18826,15284.095555555557
2026-03-03,53,20041,16259.12249007937
2026-03-04,53,19101,16283.051656746036
2026-03-05,53,19473,16284.327301587302
2026-03-06,53,17178,16066.72757936508
2026-03-07,53,13275,14711.562599206356
2026-03-08,53,11586,7028.5366997354495
2026-03-09,53,20399,15260.78277777778
2026-03-10,53,18323,16259.12249007937
2026-03-11,53,17727,16283.051656746036
2026-03-12,53,18807,16284.327301587302
2026-03-13,53,17483,16066.72757936508
2026-03-14,53,12297,14711.562599206356
2026-03-15,53,8999,8042.704447751322
2026-03-16,53,15767,15284.095555555557
2026-03-17,53,16349,16111.891031746034
2026-03-18,53,17354,16316.747212301592
2026-03-19,53,19029,16284.327301587302
2026-03-20,53,18900,16066.72757936508
2026-03-21,53,13545,14346.479335317465
2026-03-22,53,9630,8027.828273809523
2026-03-23,53,15363,15197.475694444445
2026-03-24,53,16305,15812.380426587304
2026-03-25,53,16819,16329.91512896826
2026-03-26,53,15327,16284.327301587302
2026-03-27,53,15468,15576.791626984132
2026-03-28,53,13906,14564.37396164022
2026-03-29,53,11328,7252.825330687831
2026-03-30,53,19579,15073.436805555557
2026-03-31,53,18028,16270.835684523812
2025-03-15,66,15212,13584.767212301585
2025-03-16,66,9910,10311.438263888887
2025-03-17,66,18883,18030.744305555556
2025-03-18,66,20340,19787.93218253968
2025-03-19,66,19477,20054.41865079365
2025-03-20,66,19324,20040.50559523809
2025-03-21,66,19206,19681.27062770563
2025-03-22,66,14934,14256.306666666667
2025-03-23,66,9861,10336.242083333336
2025-03-24,66,16132,18249.38980158731
2025-03-25,66,17988,19236.91990079365
2025-03-26,66,17943,19358.06265873016
2025-03-27,66,16898,19115.857103174603
2025-03-28,66,16353,18658.581448412697
2025-03-29,66,13169,13908.43074074074
2025-03-30,66,9425,10076.574375000002
2025-03-31,66,16025,15655.45380952381
2025-04-01,66,18773,17500.836805555555
2025-04-02,66,17457,18239.81092261905
2025-04-03,66,20969,17315.75623797499
2025-04-04,66,19000,17191.60539021164
2025-04-05,66,14157,13816.115813492064
2025-04-06,66,10773,10216.805846560845
2025-04-07,66,18497,16612.19654761905
2025-04-08,66,19364,19160.828888888893
2025-04-09,66,19093,18681.286567460324
2025-04-10,66,19589,19850.44198412698
2025-04-11,66,19478,19560.32953643579
2025-04-12,66,14910,13916.10998015873
2025-04-13,66,10681,10319.945525793653
2025-04-14,66,18602,18080.028194444447
2025-04-15,66,19541,19626.660853174606
2025-04-16,66,20033,19772.179853896105
2025-04-17,66,20116,19997.350178571425
2025-04-18,66,18249,19969.84392857143
2025-04-19,66,13869,13976.610833333332
2025-04-20,66,10060,10433.999474206352
2025-04-21,66,17626,18167.676944444447
2025-04-22,66,19469,19658.660357142857
2025-04-23,66,19721,20030.412956349206
2025-04-24,66,20842,19822.574623015877
2025-04-25,66,19104,18894.006190476197
2025-04-26,66,14823,13756.980456349205
2025-04-27,66,11659,10218.04652777778
2025-04-28,66,19708,17036.504444444443
2025-04-29,66,19903,20021.89087301587
2025-04-30,66,19934,20021.89087301587
2025-05-01,66,19696,19831.39577380952
2025-05-02,66,19855,19533.307056277063
2025-05-03,66,14317,13934.238333333331
2025-05-04,66,10503,10499.382867063487
2025-05-05,66,19316,18512.355753968255
2025-05-06,66,20649,19815.44476190476
2025-05-07,66,19875,19867.929484126984
2025-05-08,66,20617,19831.39577380952
2025-05-09,66,20106,19801.87563492063
2025-05-10,66,13972,14292.880734126982
2025-05-11,66,11081,10513.750049603175
2025-05-12,66,18762,18193.737420634923
2025-05-13,66,20633,19640.36468253968
2025-05-14,66,20125,19867.929484126984
2025-05-15,66,20338,19831.39577380952
2025-05-16,66,20398,19801.87563492063
2025-05-17,66,14559,13886.575099206346
2025-05-18,66,11932,10348.928144841264
2025-05-19,66,19145,17937.389861111114
2025-05-20,66,18199,19822.76198412698
2025-05-21,66,19896,19591.700654761906
2025-05-22,66,20014,19831.39577380952
2025-05-23,66,19977,19801.87563492063
2025-05-24,66,14540,14083.079583333332
2025-05-25,66,12885,10469.176339285712
2025-05-26,66,10848,10247.207767857146
2025-05-27,66,19812,17702.586220238092
2025-05-28,66,18799,19537.730634920637
2025-05-29,66,19705,19223.73464285714
2025-05-30,66,20190,19383.720476190476
2025-05-31,66,15352,14057.805972222222
2025-06-01,66,10961,10872.228849206353
2025-06-02,66,18208,16011.332123015873
2025-06-03,66,20372,19600.690238095238
2025-06-04,66,19812,19096.535330086586
2025-06-05,66,19571,19831.39577380952
2025-06-06,66,20635,19801.87563492063
2025-06-07,66,16350,14206.908055555554
2025-06-08,66,12060,10790.061617063488
2025-06-09,66,18690,17668.53361111111
2025-06-10,66,19533,19639.448293650792
2025-06-11,66,21206,19867.929484126984
2025-06-12,66,18265,19831.39577380952
2025-06-13,66,18554,19540.686587301585
2025-06-14,66,16381,16413.47041005291
2025-06-15,66,12285,10703.514970238095
2025-06-16,66,17069,17814.69472222222
2025-06-17,66,19574,19192.19089285714
2025-06-18,66,17550,19867.929484126984
2025-06-19,66,16988,18129.80303571429
2025-06-20,66,18673,18208.511319444442
2025-06-21,66,16270,16396.228326719578
2025-06-22,66,12201,10727.895089285714
2025-06-23,66,16655,16786.33680555555
2025-06-24,66,18888,18887.297956349208
2025-06-25,66,19637,18187.966666666667
2025-06-26,66,19661,17755.901706349203
2025-06-27,66,18433,18630.634642857145
2025-06-28,66,16136,16407.129338624338
2025-06-29,66,12937,10743.174255952381
2025-06-30,66,16718,16522.070704365073
2025-07-01,66,19741,18982.320297619048
2025-07-02,66,18978,19805.700853174603
2025-07-03,66,18616,19503.432956349207
2025-07-04,66,13523,12760.52367063492
2025-07-05,66,16106,15941.916547619043
2025-07-06,66,11634,10894.94065476191
2025-07-07,66,17675,16447.008809523802
2025-07-08,66,18545,19177.211865079364
2025-07-09,66,19460,19076.28226190476
2025-07-10,66,19420,18492.356111111112
2025-07-11,66,18337,16430.9064186508
2025-07-12,66,16371,16367.053743386241
2025-07-13,66,12612,10728.51675595238
2025-07-14,66,17395,17338.793124999997
2025-07-15,66,20331,18329.143392857142
2025-07-16,66,19450,19671.81441738817
2025-07-17,66,18543,19619.142453102453
2025-07-18,66,17738,18006.441775793654
2025-07-19,66,14767,16222.228710317462
2025-07-20,66,12119,10601.413849206354
2025-07-21,66,18053,16821.734523809522
2025-07-22,66,19909,19543.407222222228
2025-07-23,66,20247,19671.81441738817
2025-07-24,66,18262,18659.9378968254
2025-07-25,66,18279,18143.660486111112
2025-07-26,66,15448,14102.830138888885
2025-07-27,66,12399,10684.871775793652
2025-07-28,66,16238,17643.234444444442
2025-07-29,66,18808,18979.417678571426
2025-07-30,66,18554,19565.956468253968
2025-07-31,66,19351,17919.81798611111
2025-08-01,66,19410,18113.180357142857
2025-08-02,66,16117,15304.586011904757
2025-08-03,66,13039,10713.306200396828
2025-08-04,66,17908,16475.8064033189
2025-08-05,66,18703,19141.748492063492
2025-08-06,66,19219,18479.68571428571
2025-08-07,66,19048,19537.311897546893
2025-08-08,66,19597,19370.926877705628
2025-08-09,66,15939,16464.941660052908
2025-08-10,66,12326,10858.110238095243
2025-08-11,66,16828,17478.53597222222
2025-08-12,66,17157,18367.449960317463
2025-08-13,66,19545,19030.371587301586
2025-08-14,66,18800,19460.400984848486
2025-08-15,66,19460,19493.520039682542
2025-08-16,66,16105,16394.41582671957
2025-08-17,66,12937,10724.69703373016
2025-08-18,66,19686,16546.573551587295
2025-08-19,66,20863,18055.536765873017
2025-08-20,66,22534,19808.2383531746
2025-08-21,66,20233,19171.05656024531
2025-08-22,66,20671,19592.159814213566
2025-08-23,66,16438,16461.78610449735
2025-08-24,66,12422,10850.361765873016
2025-08-25,66,20251,18096.71783730159
2025-08-26,66,20181,19808.2383531746
2025-08-27,66,22254,19808.2383531746
2025-08-28,66,20460,19771.70464285714
2025-08-29,66,20837,19742.184503968256
2025-08-30,66,16191,16461.78610449735
2025-08-31,66,14607,10720.525367063494
2025-09-01,66,12241,10331.48831349207
2025-09-02,66,20968,18069.925059523808
2025-09-03,66,20386,19808.2383531746
2025-09-04,66,19804,19771.70464285714
2025-09-05,66,20397,19742.184503968256
2025-09-06,66,14148,16480.551660052904
2025-09-07,66,10774,10047.786150793652
2025-09-08,66,18306,16155.256071428574
2025-09-09,66,19419,19559.711884920634
2025-09-10,66,20736,19808.2383531746
2025-09-11,66,19292,19771.70464285714
2025-09-12,66,20012,19682.42478174603
2025-09-13,66,13671,14046.439305555554
2025-09-14,66,11838,10372.146180555557
2025-09-15,66,18848,17495.69305555556
2025-09-16,66,19814,19460.5146031746
2025-09-17,66,19938,19808.2383531746
2025-09-18,66,19318,19522.438980880233
2025-09-19,66,19816,19682.42478174603
2025-09-20,66,14018,13691.841309523808
2025-09-21,66,11959,10440.5314781746
2025-09-22,66,18089,17877.999781746028
2025-09-23,66,19469,19554.89799603175
2025-09-24,66,20187,19808.2383531746
2025-09-25,66,20721,19521.297314213567
2025-09-26,66,18946,19742.184503968256
2025-09-27,66,15373,13859.480615079365
2025-09-28,66,11597,10654.674692460316
2025-09-29,66,17672,17590.22898809524
2025-09-30,66,17113,19502.564781746027
2025-10-01,66,18992,19165.328531746032
2025-10-02,66,17394,19508.730595238096
2025-10-03,66,18108,18643.5548015873
2025-10-04,66,13141,14291.690555555553
2025-10-05,66,11563,10052.899510582012
2025-10-06,66,16773,16801.68850198412
2025-10-07,66,16903,17577.46857142857
2025-10-08,66,18561,18465.713571428565
2025-10-09,66,16958,17912.843928571438
2025-10-10,66,17420,17871.404861111114
2025-10-11,66,13499,13419.183214285715
2025-10-12,66,10547,10306.106865079366
2025-10-13,66,14646,16319.579265873012
2025-10-14,66,17257,17125.33740079365
2025-10-15,66,17383,17702.326874999995
2025-10-16,66,17272,16526.176478174606
2025-10-17,66,16434,16650.81494047619
2025-10-18,66,14716,12723.16677579365
2025-10-19,66,9680,10743.789801587305
2025-10-20,66,16616,15351.317013888893
2025-10-21,66,15999,17332.35617063492
2025-10-22,66,16091,16945.74659722222
2025-10-23,66,16475,16643.55434523809
2025-10-24,66,17166,16455.313065476188
2025-10-25,66,12816,14211.65536375661
2025-10-26,66,9990,9234.56222883598
2025-10-27,66,15395,15882.435714285713
2025-10-28,66,17525,16886.74376443001
2025-10-29,66,17142,17364.365753968254
2025-10-30,66,17795,16663.97331018518
2025-10-31,66,16994,16915.57544642857
2025-11-01,66,12356,12707.144999999999
2025-11-02,66,10532,9696.00981331169
2025-11-03,66,16792,15664.727777777785
2025-11-04,66,17079,17470.410188492067
2025-11-05,66,16576,17157.616772486774
2025-11-06,66,17202,17392.507979497354
2025-11-07,66,16805,16103.035522486776
2025-11-08,66,12088,12533.277837301586
2025-11-09,66,9246,9684.887104978357
2025-11-10,66,14734,15485.874781746033
2025-11-11,66,14278,16918.959513888894
2025-11-12,66,17578,14993.146547619042
2025-11-13,66,16784,16638.26228174603
2025-11-14,66,17225,16124.392638888887
2025-11-15,66,13027,12872.766349206348
2025-11-16,66,10030,8763.30595899471
2025-11-17,66,16608,15423.299940476201
2025-11-18,66,16337,16982.437817460315
2025-11-19,66,17152,17036.814404761906
2025-11-20,66,16793,16659.06043320106
2025-11-21,66,17679,16330.182043650793
2025-11-22,66,11419,12799.0946031746
2025-11-23,66,10168,9847.689118867245
2025-11-24,66,14367,15793.438115079367
2025-11-25,66,15014,16510.745093795096
2025-11-26,66,13746,16278.451111111111
2025-11-27,66,6333,6970.038769841267
2025-11-28,66,11348,11129.911564153439
2025-11-29,66,9157,11172.518363095238
2025-11-30,66,8801,7746.669801587305
2025-12-01,66,16746,11066.676610449742
2025-12-02,66,16466,16083.199642857138
2025-12-03,66,16998,15414.079206349204
2025-12-04,66,15772,15482.835701058204
2025-12-05,66,15897,15285.847311507938
2025-12-06,66,10908,12152.484007936508
2025-12-07,66,9787,8252.917202380953
2025-12-08,66,16198,14905.262242063496
2025-12-09,66,16146,16779.969126984124
2025-12-10,66,16993,16602.906461640207
2025-12-11,66,17246,16611.223005050506
2025-12-12,66,15938,15930.264652777778
2025-12-13,66,11139,12399.577817460318
2025-12-14,66,7325,8421.668730158734
2025-12-15,66,15673,13375.45041666667
2025-12-16,66,17443,16660.038462301585
2025-12-17,66,17569,16665.4777744709
2025-12-18,66,16710,16454.07547619047
2025-12-19,66,16183,15896.277480158731
2025-12-20,66,12370,12433.354166666666
2025-12-21,66,9270,8988.809067460323
2025-12-22,66,13400,15373.379553571434
2025-12-23,66,13759,15237.616001984126
2025-12-24,66,10564,13507.828382936505
2025-12-25,66,5832,6679.020178571426
2025-12-26,66,11894,11443.834054232802
2025-12-27,66,11447,11582.466686507943
2025-12-28,66,7925,8221.754424603174
2025-12-29,66,12204,12484.616150793649
2025-12-30,66,13682,11904.554884259263
2025-12-31,66,14311,12634.270710978835
2026-01-01,66,8481,11741.66486111111
2026-01-02,66,13045,12220.357490079361
2026-01-03,66,10825,11107.00656746032
2026-01-04,66,8566,8419.460451839828
2026-01-05,66,14216,13024.26633928571
2026-01-06,66,16693,14608.073611111115
2026-01-07,66,16896,15758.777321428568
2026-01-08,66,16368,13778.613164682542
2026-01-09,66,16789,15268.086944444445
2026-01-10,66,12045,12215.961468253972
2026-01-11,66,9114,8403.99868716931
2026-01-12,66,16862,14252.86453373016
2026-01-13,66,17267,16949.601944444446
2026-01-14,66,15393,16646.414424603172
2026-01-15,66,16606,16217.29338293651
2026-01-16,66,16105,15954.711577380953
2026-01-17,66,11093,12663.758313492066
2026-01-18,66,9200,9051.519642857145
2026-01-19,66,9348,14795.594027777777
2026-01-20,66,15199,15197.196494708998
2026-01-21,66,16127,15046.035833333333
2026-01-22,66,15662,16524.329742063488
2026-01-23,66,7507,15492.078353174602
2026-01-24,66,8527,11589.289963624342
2026-01-25,66,7332,8101.771994047622
2026-01-26,66,13314,12840.729160052906
2026-01-27,66,15457,14001.78496031746
2026-01-28,66,15285,15606.014007936505
2026-01-29,66,16224,15070.694126984128
2026-01-30,66,15814,13970.759940476191
2026-01-31,66,11216,12618.879067460317
2026-02-01,66,9494,8499.493402777778
2026-02-02,66,16155,14871.34791666667
2026-02-03,66,17079,16636.337132936507
2026-02-04,66,16525,16734.27480489418
2026-02-05,66,17124,16138.213720238093
2026-02-06,66,16109,15865.436656746031
2026-02-07,66,11426,12084.351676587301
2026-02-08,66,9045,9211.743472222222
2026-02-09,66,15250,15247.485337301585
2026-02-10,66,17203,16755.593333333334
2026-02-11,66,17201,16738.0317502405
2026-02-12,66,16992,16391.4301984127
2026-02-13,66,16977,15684.483273809521
2026-02-14,66,12687,12285.948085317465
2026-02-15,66,10209,9408.942301587298
2026-02-16,66,12684,15684.028293650794
2026-02-17,66,15639,16274.825978835977
2026-02-18,66,17060,16688.86009920635
2026-02-19,66,17014,16541.348065476188
2026-02-20,66,16309,16086.070982142855
2026-02-21,66,11664,12259.976527777779
2026-02-22,66,8862,9433.600052910051
2026-02-23,66,15155,14654.40441468254
2026-02-24,66,15976,16477.912420634922
2026-02-25,66,16367,16777.218941798943
2026-02-26,66,16731,16654.772698412697
2026-02-27,66,16375,15817.973472222217
2026-02-28,66,11978,12503.06350198413
2026-03-01,66,9120,8409.054761904763
2026-03-02,66,15723,14773.306488095239
2026-03-03,66,16598,16830.00678240741
2026-03-04,66,16064,16771.248770743146
2026-03-05,66,16285,16434.310734126986
2026-03-06,66,15839,15905.648303571426
2026-03-07,66,14174,12755.885787037036
2026-03-08,66,10795,9406.75761904762
2026-03-09,66,16031,16297.211051587297
2026-03-10,66,16489,17078.488134920633
2026-03-11,66,14947,17239.06434523809
2026-03-12,66,17326,16178.34303571429
2026-03-13,66,16437,16434.8798313492
2026-03-14,66,13616,13357.005509259257
2026-03-15,66,9148,10478.347222222226
2026-03-16,66,14903,15588.660595238096
2026-03-17,66,15443,16778.31816257816
2026-03-18,66,16026,16056.854206349208
2026-03-19,66,17716,16563.626825396826
2026-03-20,66,18281,16298.416994047619
2026-03-21,66,13583,13267.129887566138
2026-03-22,66,9280,8776.586805555557
2026-03-23,66,14669,15436.93996031746
2026-03-24,66,15583,16098.71743386243
2026-03-25,66,15829,16955.271884920636
2026-03-26,66,14640,16945.430499338625
2026-03-27,66,14948,16313.169335317456
2026-03-28,66,12532,13003.731653439154
2026-03-29,66,10310,8845.647638888888
2026-03-30,66,16558,14808.416471560848
2026-03-31,66,15993,16690.15117063492
2025-03-15,77,11865,10375.08426587302
2025-03-16,77,7216,7584.546160714283
2025-03-17,77,14637,14004.790476190476
2025-03-18,77,15302,15172.870982142855
2025-03-19,77,14633,15544.86943452381
2025-03-20,77,14720,15397.545486111108
2025-03-21,77,14581,14846.801279761905
2025-03-22,77,10303,11885.81554563492
2025-03-23,77,7415,7216.9155357142845
2025-03-24,77,12359,14010.120456349208
2025-03-25,77,13657,13762.828333333337
2025-03-26,77,13792,14132.78037698413
2025-03-27,77,13168,14530.882906746028
2025-03-28,77,12953,13493.854467592591
2025-03-29,77,10513,10402.374970238097
2025-03-30,77,7474,7361.523720238098
2025-03-31,77,13077,12762.227658730159
2025-04-01,77,14336,13532.146230158738
2025-04-02,77,13448,14312.248548280424
2025-04-03,77,15330,13642.824695767198
2025-04-04,77,14526,13983.518373015877
2025-04-05,77,10796,10308.473611111114
2025-04-06,77,8082,7535.126345899469
2025-04-07,77,14158,13249.66797619048
2025-04-08,77,15036,14571.223287037037
2025-04-09,77,13626,14664.433690476193
2025-04-10,77,15208,15058.441547619042
2025-04-11,77,14879,14272.741101190477
2025-04-12,77,11100,10575.341111111115
2025-04-13,77,8003,7697.11171626984
2025-04-14,77,14563,13913.58523809524
2025-04-15,77,15249,14973.658521825395
2025-04-16,77,15262,14780.628353174603
2025-04-17,77,15291,15298.162708333333
2025-04-18,77,12857,15013.290694444444
2025-04-19,77,9916,10701.299722222222
2025-04-20,77,6710,7286.330744047619
2025-04-21,77,13880,13724.329047619049
2025-04-22,77,15323,14784.76666666667
2025-04-23,77,15180,15141.103234126986
2025-04-24,77,15464,15307.30095238095
2025-04-25,77,14202,14141.725198412702
2025-04-26,77,11800,10379.337400793655
2025-04-27,77,8211,7480.260575396825
2025-04-28,77,14820,13839.523035714286
2025-04-29,77,15073,15312.174037698413
2025-04-30,77,14596,15292.81383928571
2025-05-01,77,14673,15379.17159722222
2025-05-02,77,14900,14065.542460317463
2025-05-03,77,10408,11927.389712301585
2025-05-04,77,7724,7351.871934523809
2025-05-05,77,14606,14156.5893452381
2025-05-06,77,15664,14995.93873015873
2025-05-07,77,15571,14694.89143849206
2025-05-08,77,15568,15015.18759920635
2025-05-09,77,14676,14994.034444444442
2025-05-10,77,10329,10496.112685185186
2025-05-11,77,7749,7522.8020535714295
2025-05-12,77,14494,14196.878789682543
2025-05-13,77,15338,15287.58173611111
2025-05-14,77,15048,15548.258095238096
2025-05-15,77,15249,15298.62821428571
2025-05-16,77,14862,14760.207718253967
2025-05-17,77,10765,10448.218974867727
2025-05-18,77,8303,7740.914216269839
2025-05-19,77,14207,13964.929682539685
2025-05-20,77,14135,15034.532886904759
2025-05-21,77,14975,14719.282619047615
2025-05-22,77,15187,14933.042499999994
2025-05-23,77,14782,14895.998075396823
2025-05-24,77,10597,10416.975085978836
2025-05-25,77,8304,7523.518184523809
2025-05-26,77,8589,6810.893482142856
2025-05-27,77,14708,13418.463541666664
2025-05-28,77,14696,14969.230376984127
2025-05-29,77,15124,15029.866653439156
2025-05-30,77,14374,14706.422109788358
2025-05-31,77,10952,10264.026349206351
2025-06-01,77,8244,7952.069067460317
2025-06-02,77,14336,12587.471617063491
2025-06-03,77,14862,14843.941101190472
2025-06-04,77,14558,15019.551359126983
2025-06-05,77,15124,15009.360099206346
2025-06-06,77,14553,14216.064216269842
2025-06-07,77,11036,11015.83351190476
2025-06-08,77,7918,7897.505595238095
2025-06-09,77,13934,13876.865099206356
2025-06-10,77,15230,14823.699236111106
2025-06-11,77,15655,14672.791914682539
2025-06-12,77,14883,15248.877232142857
2025-06-13,77,13204,14228.379236111108
2025-06-14,77,11263,11018.666180555554
2025-06-15,77,8370,8028.608154761904
2025-06-16,77,12822,13646.639841269844
2025-06-17,77,14151,13529.006726190475
2025-06-18,77,13572,15120.219305555553
2025-06-19,77,13234,14614.595343915344
2025-06-20,77,13327,13145.257916666667
2025-06-21,77,11046,10902.936527777774
2025-06-22,77,8451,8032.800297619047
2025-06-23,77,12833,12908.655714285715
2025-06-24,77,13820,13546.816349206345
2025-06-25,77,13836,14037.079722222215
2025-06-26,77,14223,13895.29318452381
2025-06-27,77,12748,13356.161686507934
2025-06-28,77,10644,10765.926273148145
2025-06-29,77,7833,7884.924265873015
2025-06-30,77,13201,12840.812599206354
2025-07-01,77,14306,13475.90572420635
2025-07-02,77,14278,14202.699632936501
2025-07-03,77,14091,14064.936511243382
2025-07-04,77,7829,9217.098759920633
2025-07-05,77,9955,10121.002612433862
2025-07-06,77,7646,7539.641369047618
2025-07-07,77,13719,12547.826249999995
2025-07-08,77,13968,14093.387791005285
2025-07-09,77,14982,14059.703075396821
2025-07-10,77,14444,14508.900625
2025-07-11,77,13068,12883.927146164022
2025-07-12,77,11214,10480.10820436508
2025-07-13,77,8502,8153.621388888889
2025-07-14,77,13351,13246.198075396826
2025-07-15,77,14937,13784.407013888895
2025-07-16,77,14287,15060.832976190472
2025-07-17,77,14785,14270.105449735449
2025-07-18,77,13683,13770.47009920635
2025-07-19,77,11055,10928.389087301584
2025-07-20,77,7709,8059.866223544976
2025-07-21,77,13785,13146.77488095238
2025-07-22,77,14405,14730.60393849206
2025-07-23,77,13848,14526.972850529099
2025-07-24,77,13071,14666.92899801587
2025-07-25,77,12904,13138.849404761906
2025-07-26,77,9295,10730.507817460313
2025-07-27,77,7706,7066.517678571429
2025-07-28,77,12317,13028.085734126982
2025-07-29,77,13962,13002.39392857143
2025-07-30,77,13938,14000.991025132273
2025-07-31,77,13610,13771.44610449736
2025-08-01,77,13811,13048.437876984128
2025-08-02,77,11203,9635.8258234127
2025-08-03,77,8109,8150.039563492063
2025-08-04,77,12784,13003.10617063492
2025-08-05,77,13870,13562.61921626984
2025-08-06,77,13308,14055.166944444447
2025-08-07,77,13558,13013.383839285712
2025-08-08,77,13021,13319.004107142862
2025-08-09,77,10643,10745.18309523809
2025-08-10,77,8042,7841.898769841269
2025-08-11,77,12773,12796.357248677254
2025-08-12,77,13303,13531.297291666668
2025-08-13,77,14383,13242.457132936504
2025-08-14,77,14141,13898.75872685185
2025-08-15,77,13364,13124.071924603177
2025-08-16,77,10981,10202.416785714286
2025-08-17,77,8060,8087.5294246031735
2025-08-18,77,13131,12958.223260582012
2025-08-19,77,14733,13374.470644841269
2025-08-20,77,15328,14429.501200396826
2025-08-21,77,15213,14570.506994047619
2025-08-22,77,14812,14112.217182539684
2025-08-23,77,10721,11080.574404761903
2025-08-24,77,8668,7886.7369973544955
2025-08-25,77,14570,13246.623452380953
2025-08-26,77,15517,15013.075615079364
2025-08-27,77,15478,15526.060644841271
2025-08-28,77,14771,15280.020248015873
2025-08-29,77,14858,14852.158799603174
2025-08-30,77,10792,10468.048339947092
2025-08-31,77,9124,7919.630281084655
2025-09-01,77,8314,6734.387718253967
2025-09-02,77,15504,13712.634821428574
2025-09-03,77,15162,15452.62514880952
2025-09-04,77,15591,14952.854728835977
2025-09-05,77,15521,14933.447433862433
2025-09-06,77,11662,10635.766944444445
2025-09-07,77,8544,7817.47767857143
2025-09-08,77,14647,13199.644573412697
2025-09-09,77,15647,15365.958918650791
2025-09-10,77,15751,15323.38671626984
2025-09-11,77,15544,15575.169652777779
2025-09-12,77,15027,15463.418144841271
2025-09-13,77,10980,11825.908035714285
2025-09-14,77,8762,8082.126570767197
2025-09-15,77,14402,13968.231845238099
2025-09-16,77,15845,15247.540724206347
2025-09-17,77,15872,15614.15548611111
2025-09-18,77,15214,15582.077291666668
2025-09-19,77,15164,15053.125744047622
2025-09-20,77,10031,11114.429404761904
2025-09-21,77,8439,7812.832797619048
2025-09-22,77,15012,13775.97525793651
2025-09-23,77,15308,15369.190724206348
2025-09-24,77,16115,15612.476736111112
2025-09-25,77,16229,15275.479275793652
2025-09-26,77,14283,15132.108581349205
2025-09-27,77,11246,10439.657182539684
2025-09-28,77,8302,8083.542632275134
2025-09-29,77,14135,13856.486845238098
2025-09-30,77,15307,15036.418283730158
2025-10-01,77,15596,15504.947013888892
2025-10-02,77,15466,15510.949513888894
2025-10-03,77,15526,14346.321001984126
2025-10-04,77,11020,11110.262757936505
2025-10-05,77,8054,7951.800171957672
2025-10-06,77,14393,13336.284702380955
2025-10-07,77,15067,15120.971736111112
2025-10-08,77,15408,15343.323363095238
2025-10-09,77,15382,15464.814930555562
2025-10-10,77,14482,15319.112867063497
2025-10-11,77,10581,11063.33718253968
2025-10-12,77,8370,7720.995132275133
2025-10-13,77,12020,13441.956507936507
2025-10-14,77,15673,13402.045218253968
2025-10-15,77,15197,15397.807556216932
2025-10-16,77,15556,15355.224272486774
2025-10-17,77,14692,14406.61770833333
2025-10-18,77,11936,10301.500522486776
2025-10-19,77,7829,8242.510271164023
2025-10-20,77,14674,13228.78490079365
2025-10-21,77,15784,15244.631041666666
2025-10-22,77,15476,15233.517490079365
2025-10-23,77,15318,15494.454236111116
2025-10-24,77,14513,14833.190753968254
2025-10-25,77,10493,12055.838015873012
2025-10-26,77,8246,7769.740178571429
2025-10-27,77,13587,13723.559345238096
2025-10-28,77,15350,14996.736577380949
2025-10-29,77,15530,15401.84215277778
2025-10-30,77,15632,15348.42116071429
2025-10-31,77,14946,14430.21548611111
2025-11-01,77,10248,10303.474718915348
2025-11-02,77,8110,7324.32404761905
2025-11-03,77,14159,12973.658630952383
2025-11-04,77,15177,15028.195109126982
2025-11-05,77,15539,15401.09729166667
2025-11-06,77,14881,15446.367916666672
2025-11-07,77,14615,14866.566101190478
2025-11-08,77,9896,10318.845859788364
2025-11-09,77,7398,7356.6312599206385
2025-11-10,77,13535,13474.3026984127
2025-11-11,77,12916,14750.99113095238
2025-11-12,77,15487,13143.976111111106
2025-11-13,77,15099,15010.243492063493
2025-11-14,77,14575,14224.513740079366
2025-11-15,77,10852,10258.31197089947
2025-11-16,77,8324,7598.464398148146
2025-11-17,77,14326,12701.69013888889
2025-11-18,77,14788,14476.055155423284
2025-11-19,77,15227,15258.993819444446
2025-11-20,77,15353,15048.72564484127
2025-11-21,77,15047,14321.434930555552
2025-11-22,77,11033,10703.366488095236
2025-11-23,77,8492,7975.212056878308
2025-11-24,77,12815,13138.969424603178
2025-11-25,77,12515,13434.835932539683
2025-11-26,77,11143,12992.680654761902
2025-11-27,77,4698,4861.022281746031
2025-11-28,77,8573,8277.231478174603
2025-11-29,77,7392,9756.160310846557
2025-11-30,77,7092,6138.38671626984
2025-12-01,77,14090,10779.225952380953
2025-12-02,77,15020,13991.244206349207
2025-12-03,77,15077,13179.803591269845
2025-12-04,77,13670,13229.273234126984
2025-12-05,77,13778,12277.16817791005
2025-12-06,77,9475,10207.542612433866
2025-12-07,77,8244,7212.219662698412
2025-12-08,77,13742,12814.964305555557
2025-12-09,77,14866,14783.720595238092
2025-12-10,77,15410,14998.68638558201
2025-12-11,77,14872,14565.878382936507
2025-12-12,77,14973,14111.516765873015
2025-12-13,77,9275,9784.016666666665
2025-12-14,77,6903,7098.935416666664
2025-12-15,77,12946,13046.95043650794
2025-12-16,77,14527,13187.491547619044
2025-12-17,77,15247,15107.043571428574
2025-12-18,77,14076,15024.005992063492
2025-12-19,77,13622,14586.035254629625
2025-12-20,77,10136,9740.824077380954
2025-12-21,77,7379,7392.0676058201025
2025-12-22,77,11172,12953.05319444445
2025-12-23,77,11378,12964.98884920635
2025-12-24,77,7725,12428.566230158727
2025-12-25,77,3382,4443.070753968254
2025-12-26,77,8680,8156.449404761906
2025-12-27,77,8349,8989.4125
2025-12-28,77,6433,6088.14361111111
2025-12-29,77,9672,9371.574246031747
2025-12-30,77,11035,9008.63849206349
2025-12-31,77,11114,9320.436964285716
2026-01-01,77,6148,8282.10931547619
2026-01-02,77,10807,10467.683310185183
2026-01-03,77,9305,8063.7353108465595
2026-01-04,77,7544,6468.455773809524
2026-01-05,77,12062,9946.338538359787
2026-01-06,77,14735,11750.070820105819
2026-01-07,77,14613,13269.936355820108
2026-01-08,77,14441,13145.384742063488
2026-01-09,77,14227,12394.798878968253
2026-01-10,77,9005,9742.179999999998
2026-01-11,77,8110,7064.296488095235
2026-01-12,77,14196,12917.779900793648
2026-01-13,77,15311,14701.267986111105
2026-01-14,77,14088,14517.201299603177
2026-01-15,77,14851,14433.955767195765
2026-01-16,77,14300,14121.883224206356
2026-01-17,77,9661,9653.539027777779
2026-01-18,77,7593,7160.281438492063
2026-01-19,77,8614,13707.69507936508
2026-01-20,77,13993,12709.369702380955
2026-01-21,77,14955,13956.16085978836
2026-01-22,77,14470,14753.924143518516
2026-01-23,77,6114,13018.028217592599
2026-01-24,77,7328,9307.203898809523
2026-01-25,77,6416,5844.590982142855
2026-01-26,77,11892,11662.173115079366
2026-01-27,77,14327,12342.738849206351
2026-01-28,77,12088,14568.207976190473
2026-01-29,77,14751,12265.028650793653
2026-01-30,77,14138,12744.073888888883
2026-01-31,77,10518,10163.558809523814
2026-02-01,77,8020,6902.114811507938
2026-02-02,77,13979,12717.761964285713
2026-02-03,77,15511,14239.247215608471
2026-02-04,77,15271,14458.70650793651
2026-02-05,77,15100,14950.283412698413
2026-02-06,77,14546,14288.26535714286
2026-02-07,77,10585,10210.881150793653
2026-02-08,77,8195,7517.709156746031
2026-02-09,77,14062,13752.919841269842
2026-02-10,77,15698,15077.044246031744
2026-02-11,77,15577,15181.369831349206
2026-02-12,77,15346,15231.00953373016
2026-02-13,77,14825,14328.112569444442
2026-02-14,77,10965,10249.882222222226
2026-02-15,77,8590,7683.710248015871
2026-02-16,77,11959,13774.235813492065
2026-02-17,77,14077,13817.14424603175
2026-02-18,77,15800,15138.418730158726
2026-02-19,77,15415,15459.618244047617
2026-02-20,77,14288,14821.664669312167
2026-02-21,77,10525,10894.788928571428
2026-02-22,77,7895,7848.545843253968
2026-02-23,77,13962,12966.765972222223
2026-02-24,77,15157,14564.131193783069
2026-02-25,77,15609,15481.821706349203
2026-02-26,77,15657,15488.518680555553
2026-02-27,77,15152,14381.71703373016
2026-02-28,77,10849,10254.136388888894
2026-03-01,77,8121,7530.879930555552
2026-03-02,77,14155,13828.319841269842
2026-03-03,77,15810,14810.916240079363
2026-03-04,77,15632,15581.974236111111
2026-03-05,77,15463,15574.157986111113
2026-03-06,77,13992,15131.209414682535
2026-03-07,77,11029,10571.319513888891
2026-03-08,77,8848,7706.294414682538
2026-03-09,77,15219,13824.3491468254
2026-03-10,77,15153,15506.391041666668
2026-03-11,77,15165,15547.304375000002
2026-03-12,77,16175,15553.186795634922
2026-03-13,77,14928,14431.27970238095
2026-03-14,77,13680,11090.15378968254
2026-03-15,77,7790,8397.65677579365
2026-03-16,77,13561,14052.37142857143
2026-03-17,77,14353,14763.635882936509
2026-03-18,77,14723,15049.266775793649
2026-03-19,77,15945,15441.182847222219
2026-03-20,77,15549,14997.648333333333
2026-03-21,77,12110,14224.681507936504
2026-03-22,77,8248,7951.536835317456
2026-03-23,77,12716,13437.277718253967
2026-03-24,77,13843,14050.500972222224
2026-03-25,77,13962,14685.329513888886
2026-03-26,77,13288,15219.41240079365
2026-03-27,77,13512,13916.700853174601
2026-03-28,77,11590,12438.538015873013
2026-03-29,77,9259,7882.839811507934
2026-03-30,77,15320,13157.113075396825
2026-03-31,77,15188,14889.760244708994
2025-03-15,79,13946,13286.413829365078
2025-03-16,79,9553,10149.874027777778
2025-03-17,79,17520,16159.005238095238
2025-03-18,79,18950,17902.405396825397
2025-03-19,79,17740,18402.64107142857
2025-03-20,79,18052,17768.75001984127
2025-03-21,79,18074,17986.53779761905
2025-03-22,79,13115,13501.221329365077
2025-03-23,79,9273,9945.725813492063
2025-03-24,79,15105,16179.586428571429
2025-03-25,79,16390,15882.218194444444
2025-03-26,79,16781,17031.15816468254
2025-03-27,79,15954,16892.51072420635
2025-03-28,79,15664,16219.20616732805
2025-03-29,79,12837,12331.311825396833
2025-03-30,79,10160,9961.368025793652
2025-03-31,79,15649,15836.923462301585
2025-04-01,79,18165,15859.721021825397
2025-04-02,79,15045,16920.189781746034
2025-04-03,79,20492,15691.596299603174
2025-04-04,79,19011,17512.91190476191
2025-04-05,79,13366,13010.022929894178
2025-04-06,79,11491,9922.74009920635
2025-04-07,79,17627,16507.56060515873
2025-04-08,79,17723,17702.564821428572
2025-04-09,79,17040,17684.12291666667
2025-04-10,79,18195,17637.406369047625
2025-04-11,79,17584,17996.665396825403
2025-04-12,79,13916,13201.98591269841
2025-04-13,79,11171,10400.976425264553
2025-04-14,79,17744,16529.15910714286
2025-04-15,79,17601,17558.33662698413
2025-04-16,79,18351,17468.922023809526
2025-04-17,79,18866,18211.676587301594
2025-04-18,79,16783,18179.976230158736
2025-04-19,79,13494,13437.901746031743
2025-04-20,79,10594,10362.624540343915
2025-04-21,79,15981,16701.992162698418
2025-04-22,79,18215,17393.141031746032
2025-04-23,79,17638,18098.95126984127
2025-04-24,79,19285,17526.679087301585
2025-04-25,79,18151,18037.182817460318
2025-04-26,79,13837,13238.082996031742
2025-04-27,79,10919,10008.396011904762
2025-04-28,79,17692,16490.420049603174
2025-04-29,79,19896,17730.369126984133
2025-04-30,79,18329,18402.30287698413
2025-05-01,79,19365,18157.520476190482
2025-05-02,79,18617,18109.871230158737
2025-05-03,79,14048,13437.920396825393
2025-05-04,79,10093,10485.903587962965
2025-05-05,79,18558,17312.666250000002
2025-05-06,79,19704,18240.26773809524
2025-05-07,79,18984,18302.509265873017
2025-05-08,79,19168,18232.493115079367
2025-05-09,79,19396,18088.657341269845
2025-05-10,79,15557,13979.787480158728
2025-05-11,79,11293,10800.070019841274
2025-05-12,79,17188,16645.172718253973
2025-05-13,79,18203,17664.918611111112
2025-05-14,79,18446,18183.883849206355
2025-05-15,79,17466,18167.99464285715
2025-05-16,79,18246,17633.336825396822
2025-05-17,79,12481,17651.014980158732
2025-05-18,79,11195,10412.248369708996
2025-05-19,79,17013,16549.850079365082
2025-05-20,79,15836,17660.62416666667
2025-05-21,79,17990,17105.47361832612
2025-05-22,79,18405,17134.725694444445
2025-05-23,79,17857,17788.88406746032
2025-05-24,79,13376,12845.455995370372
2025-05-25,79,10872,10353.975929232807
2025-05-26,79,11525,11886.477569444445
2025-05-27,79,18160,15453.024821428575
2025-05-28,79,17933,16922.279861111103
2025-05-29,79,19293,16726.27279761904
2025-05-30,79,18976,17109.256626984126
2025-05-31,79,14702,13168.2796031746
2025-06-01,79,12376,11160.235932539685
2025-06-02,79,19247,15820.361855158731
2025-06-03,79,19646,18318.78912698413
2025-06-04,79,16265,18354.01426587302
2025-06-05,79,18865,17471.36158730159
2025-06-06,79,18120,18071.901785714286
2025-06-07,79,14503,17307.641865079368
2025-06-08,79,10898,10196.132298280427
2025-06-09,79,17654,16488.002440476193
2025-06-10,79,18776,17646.51857142857
2025-06-11,79,18432,18179.644841269845
2025-06-12,79,18228,18158.33630952381
2025-06-13,79,17221,18004.337480158734
2025-06-14,79,14243,15622.94676587302
2025-06-15,79,12024,10771.487615740743
2025-06-16,79,17855,16359.808134920639
2025-06-17,79,17738,17848.893095238094
2025-06-18,79,15387,17724.652123015876
2025-06-19,79,15362,16801.758003246756
2025-06-20,79,17684,15472.125880230884
2025-06-21,79,13699,14077.754464285712
2025-06-22,79,12154,10102.348201058201
2025-06-23,79,16163,14774.20263888889
2025-06-24,79,17489,16883.347857142853
2025-06-25,79,17930,17323.360833333332
2025-06-26,79,17446,17258.066765873013
2025-06-27,79,16542,17357.952658730163
2025-06-28,79,15757,13095.251071428569
2025-06-29,79,12770,10234.64461309524
2025-06-30,79,18152,16197.59199404762
2025-07-01,79,19714,17950.07611111111
2025-07-02,79,18225,18343.193432539687
2025-07-03,79,18820,18095.318670634926
2025-07-04,79,13247,16269.642619047618
2025-07-05,79,14467,16069.281021825404
2025-07-06,79,12024,10186.963964947094
2025-07-07,79,17504,16515.232440476193
2025-07-08,79,18185,17710.11365079365
2025-07-09,79,17904,17955.617103174598
2025-07-10,79,18531,17675.129920634914
2025-07-11,79,17993,16170.100069444441
2025-07-12,79,14622,15898.718154761907
2025-07-13,79,11751,10238.160631613759
2025-07-14,79,17609,16383.756884920636
2025-07-15,79,17470,17672.21734126984
2025-07-16,79,16056,17632.72281746032
2025-07-17,79,18561,17445.404642857146
2025-07-18,79,18083,18047.935396825404
2025-07-19,79,13681,16701.27025793651
2025-07-20,79,11703,10115.930740740741
2025-07-21,79,17754,16313.869801587303
2025-07-22,79,18478,17360.756150793655
2025-07-23,79,17238,18126.064821428572
2025-07-24,79,15962,17453.669484126985
2025-07-25,79,14640,17270.84291666667
2025-07-26,79,12825,12854.195105820108
2025-07-27,79,11314,10130.556435185188
2025-07-28,79,16158,14557.090357142857
2025-07-29,79,17911,16794.375436507937
2025-07-30,79,15810,16646.685158730153
2025-07-31,79,17398,15616.803935786442
2025-08-01,79,19384,16697.69654761905
2025-08-02,79,15160,12853.579520502648
2025-08-03,79,11569,10910.669553571435
2025-08-04,79,16964,16262.842410714286
2025-08-05,79,17436,17332.838740079365
2025-08-06,79,16943,17181.09172619048
2025-08-07,79,17202,17109.08249007937
2025-08-08,79,17385,17360.131577380955
2025-08-09,79,12500,16847.090059523813
2025-08-10,79,12347,10128.012321428574
2025-08-11,79,16205,15966.458392857148
2025-08-12,79,15092,16948.239583333336
2025-08-13,79,17947,15742.862110389611
2025-08-14,79,17450,16617.05521825397
2025-08-15,79,18174,16602.494454365078
2025-08-16,79,14388,12805.277853835982
2025-08-17,79,12437,10165.811696428575
2025-08-18,79,17138,16238.996160714287
2025-08-19,79,18379,17145.52757936508
2025-08-20,79,19531,18281.564404761906
2025-08-21,79,18656,18166.064365079368
2025-08-22,79,18793,18023.17345238096
2025-08-23,79,13838,15811.287003968257
2025-08-24,79,11681,10003.765376984129
2025-08-25,79,18598,16446.259662698416
2025-08-26,79,19728,18216.851765873016
2025-08-27,79,19639,18237.00371031746
2025-08-28,79,20078,18170.51255952381
2025-08-29,79,19894,18036.171230158732
2025-08-30,79,14684,13415.916507936503
2025-08-31,79,12866,10373.318541666671
2025-09-01,79,13175,11876.430486111112
2025-09-02,79,19319,16623.35716269842
2025-09-03,79,19018,18237.00371031746
2025-09-04,79,19615,18170.51255952381
2025-09-05,79,19030,18036.171230158732
2025-09-06,79,15888,17100.16404761905
2025-09-07,79,12162,10050.905029761907
2025-09-08,79,19700,15630.730605158731
2025-09-09,79,17802,18237.163432539684
2025-09-10,79,19988,17735.29837301587
2025-09-11,79,19755,18170.51255952381
2025-09-12,79,20547,18036.171230158732
2025-09-13,79,13747,17532.149265873024
2025-09-14,79,12471,9903.560654761906
2025-09-15,79,18154,16483.86049603175
2025-09-16,79,19463,18050.218988095232
2025-09-17,79,19744,18237.00371031746
2025-09-18,79,19799,18170.51255952381
2025-09-19,79,18925,18036.171230158732
2025-09-20,79,12989,13321.63317460317
2025-09-21,79,11814,9885.65621031746
2025-09-22,79,19528,16471.471190476193
2025-09-23,79,18526,18237.163432539684
2025-09-24,79,19631,18210.69759920635
2025-09-25,79,19040,18170.51255952381
2025-09-26,79,17356,18036.171230158732
2025-09-27,79,14199,12951.492275132274
2025-09-28,79,12360,10077.23537698413
2025-09-29,79,19265,16483.86049603175
2025-09-30,79,19932,18237.163432539684
2025-10-01,79,21274,18261.25148809524
2025-10-02,79,20451,18190.822837301588
2025-10-03,79,19389,18060.993313492065
2025-10-04,79,14812,14193.70948412698
2025-10-05,79,11924,9906.474890873018
2025-10-06,79,19540,16425.013829365085
2025-10-07,79,18705,18261.411210317463
2025-10-08,79,20493,18261.25148809524
2025-10-09,79,20244,18190.822837301588
2025-10-10,79,19158,18056.48150793651
2025-10-11,79,13530,17463.46321428572
2025-10-12,79,11967,9794.549821428573
2025-10-13,79,15178,16425.013829365085
2025-10-14,79,19098,16785.866190476194
2025-10-15,79,19943,18261.25148809524
2025-10-16,79,20365,18190.822837301588
2025-10-17,79,18741,18056.48150793651
2025-10-18,79,13990,13150.613869047618
2025-10-19,79,10279,9790.864404761905
2025-10-20,79,18445,16790.99011904762
2025-10-21,79,18113,18237.05996031746
2025-10-22,79,18923,18065.415376984125
2025-10-23,79,20037,18190.822837301588
2025-10-24,79,17812,18056.48150793651
2025-10-25,79,13919,13500.261924603174
2025-10-26,79,11426,10270.980982142859
2025-10-27,79,16610,16400.524801587304
2025-10-28,79,18467,17584.27951388889
2025-10-29,79,18613,18236.90023809524
2025-10-30,79,19389,18157.75908730159
2025-10-31,79,19441,18103.076785714293
2025-11-01,79,14251,13401.873730158728
2025-11-02,79,12450,10079.199017857145
2025-11-03,79,19626,16413.33507936508
2025-11-04,79,19025,18252.319543650796
2025-11-05,79,19811,18261.25148809524
2025-11-06,79,18995,18190.822837301588
2025-11-07,79,20869,18056.48150793651
2025-11-08,79,13284,14183.634484126982
2025-11-09,79,10221,8993.890724206347
2025-11-10,79,15907,16986.453194444446
2025-11-11,79,14603,17412.189176587304
2025-11-12,79,19664,16792.18049603175
2025-11-13,79,18588,17996.22275793651
2025-11-14,79,17549,17821.625178571434
2025-11-15,79,15224,12990.742103174603
2025-11-16,79,11684,10998.749791666669
2025-11-17,79,18372,16222.277857142855
2025-11-18,79,18235,17926.698710317454
2025-11-19,79,17450,18177.71329365079
2025-11-20,79,17956,17521.266240079367
2025-11-21,79,17875,17564.183908730163
2025-11-22,79,13802,17218.969880952383
2025-11-23,79,11621,9154.983164682539
2025-11-24,79,15377,16375.428690476192
2025-11-25,79,15621,16800.442857142858
2025-11-26,79,13710,15741.175714285717
2025-11-27,79,9379,11148.103055555555
2025-11-28,79,11425,14870.987334656087
2025-11-29,79,9919,11551.101170634918
2025-11-30,79,9114,8191.671170634921
2025-12-01,79,17291,13199.208363095235
2025-12-02,79,16957,15650.547658730158
2025-12-03,79,17765,14695.03875
2025-12-04,79,15966,16193.385297619045
2025-12-05,79,16528,15937.78712962963
2025-12-06,79,10447,11021.894057539686
2025-12-07,79,10124,8823.67117724868
2025-12-08,79,17382,15498.000049603175
2025-12-09,79,17273,15911.562159391533
2025-12-10,79,17411,16085.793710317457
2025-12-11,79,17935,15522.606319444445
2025-12-12,79,17047,16808.055337301586
2025-12-13,79,10498,11425.871994047617
2025-12-14,79,8493,9105.95619047619
2025-12-15,79,16047,15369.054404761906
2025-12-16,79,17008,16019.512261904767
2025-12-17,79,17840,16120.40628968254
2025-12-18,79,16836,16269.635922619043
2025-12-19,79,16605,16477.266498015866
2025-12-20,79,12571,11507.601369047616
2025-12-21,79,11339,9366.294305555553
2025-12-22,79,14673,14836.55095238095
2025-12-23,79,15852,15810.587857142866
2025-12-24,79,14787,16233.65795634921
2025-12-25,79,8089,11573.74111111111
2025-12-26,79,13516,11569.017205687833
2025-12-27,79,11642,10904.460654761904
2025-12-28,79,8758,9205.401785714284
2025-12-29,79,12369,13383.383392857144
2025-12-30,79,13529,13044.41425595238
2025-12-31,79,13776,13303.391468253969
2026-01-01,79,8424,12401.004652777774
2026-01-02,79,13875,12485.786779100528
2026-01-03,79,11423,11254.551021825395
2026-01-04,79,10417,8686.068002645503
2026-01-05,79,14723,13408.222043650794
2026-01-06,79,17725,14310.44017857143
2026-01-07,79,18728,15121.911924603175
2026-01-08,79,17272,16953.634325396823
2026-01-09,79,18018,16070.224315476189
2026-01-10,79,13386,12349.777552910053
2026-01-11,79,10883,10044.780238095236
2026-01-12,79,18280,15936.286557539683
2026-01-13,79,17870,18398.104960317458
2026-01-14,79,14976,17982.88583333333
2026-01-15,79,17415,16301.727142857148
2026-01-16,79,16889,17542.622142857148
2026-01-17,79,10936,13224.378670634922
2026-01-18,79,9265,9467.99183531746
2026-01-19,79,10216,14440.642936507938
2026-01-20,79,16463,15191.202301587304
2026-01-21,79,18194,16159.465902777772
2026-01-22,79,16831,17249.08623015873
2026-01-23,79,8848,16887.180992063488
2026-01-24,79,8932,9533.203214285715
2026-01-25,79,7674,8033.499146825398
2026-01-26,79,13600,15995.813809523814
2026-01-27,79,15924,15039.908898809523
2026-01-28,79,16789,16169.889312169313
2026-01-29,79,17411,16686.559325396825
2026-01-30,79,16480,16633.797936507937
2026-01-31,79,11237,10304.939434523812
2026-02-01,79,10181,9201.551871693124
2026-02-02,79,17040,15286.673204365086
2026-02-03,79,17120,16117.00459325397
2026-02-04,79,18130,17095.441583994703
2026-02-05,79,16488,16971.240208333333
2026-02-06,79,16981,17008.91421626984
2026-02-07,79,12323,12399.926064814814
2026-02-08,79,10735,9875.639176587301
2026-02-09,79,17016,15395.467767857144
2026-02-10,79,18609,17144.060248015867
2026-02-11,79,18498,17866.206646825394
2026-02-12,79,17860,18090.44998015873
2026-02-13,79,19075,17691.832222222223
2026-02-14,79,13599,12698.988971560844
2026-02-15,79,10822,10098.564890873013
2026-02-16,79,15283,16643.472023809525
2026-02-17,79,15555,16877.409682539685
2026-02-18,79,18975,16686.544590548343
2026-02-19,79,17696,18163.717420634915
2026-02-20,79,16817,17625.82454365079
2026-02-21,79,11698,13182.180892857143
2026-02-22,79,9672,10014.019275793653
2026-02-23,79,16064,14840.930039682542
2026-02-24,79,16957,17062.401180555553
2026-02-25,79,18470,17288.80126984127
2026-02-26,79,18235,17354.17407738095
2026-02-27,79,19450,17425.511458333334
2026-02-28,79,13291,12497.511818783065
2026-03-01,79,11258,9949.081091269842
2026-03-02,79,17167,16482.37088293651
2026-03-03,79,17192,17648.61299603175
2026-03-04,79,17847,17837.473055555558
2026-03-05,79,16537,17935.50003968254
2026-03-06,79,16341,17694.44029761905
2026-03-07,79,13394,12967.00621031746
2026-03-08,79,11560,10371.727457010582
2026-03-09,79,17411,15483.996170634926
2026-03-10,79,15852,17382.021954365082
2026-03-11,79,15144,16696.34671626984
2026-03-12,79,17862,16173.186812770566
2026-03-13,79,16736,17374.1962797619
2026-03-14,79,12472,13043.14984126984
2026-03-15,79,9394,10150.14601851852
2026-03-16,79,14075,14476.299543650794
2026-03-17,79,14099,15542.22068452381
2026-03-18,79,14234,15451.66813161376
2026-03-19,79,18718,15456.857023809518
2026-03-20,79,18033,17444.633591269845
2026-03-21,79,13764,12393.239970238094
2026-03-22,79,10449,9960.090853174603
2026-03-23,79,14876,15412.913581349214
2026-03-24,79,14817,15847.47999007937
2026-03-25,79,15631,15734.98995039683
2026-03-26,79,15072,16120.037527056278
2026-03-27,79,15795,15931.738346560845
2026-03-28,79,12679,12521.790449735447
2026-03-29,79,11549,10148.292301587302
2026-03-30,79,18324,15408.437847222229
2026-03-31,79,17160,17695.705039682543
2025-03-15,8,15560,13055.14142857143
2025-03-16,8,8975,10023.879226190482
2025-03-17,8,18686,17254.92305555555
2025-03-18,8,19473,19455.445502645503
2025-03-19,8,18394,19485.990790343913
2025-03-20,8,19313,19462.527609126984
2025-03-21,8,18226,18801.633293650797
2025-03-22,8,13715,17313.49536706349
2025-03-23,8,8809,9396.091031746035
2025-03-24,8,13998,17370.123531746027
2025-03-25,8,15592,17091.6006084656
2025-03-26,8,15693,17201.731299603176
2025-03-27,8,14794,17182.927043650794
2025-03-28,8,14035,14624.712876984126
2025-03-29,8,12675,13399.716678391056
2025-03-30,8,9498,8379.56388888889
2025-03-31,8,16917,15352.457013888892
2025-04-01,8,20000,17306.503657407407
2025-04-02,8,16743,17980.867400793657
2025-04-03,8,20148,17460.545763888895
2025-04-04,8,18258,17050.20333333333
2025-04-05,8,13834,12626.638452380957
2025-04-06,8,9603,9572.323412698413
2025-04-07,8,17706,16919.38674603174
2025-04-08,8,19137,19463.817331349208
2025-04-09,8,18590,18901.747347883596
2025-04-10,8,18968,19462.527609126984
2025-04-11,8,18096,18389.941200396825
2025-04-12,8,13750,14552.923759920637
2025-04-13,8,10006,9646.202579365081
2025-04-14,8,18211,17302.756646825394
2025-04-15,8,19912,19288.932536375658
2025-04-16,8,20053,19194.675730820105
2025-04-17,8,18927,19461.45411706349
2025-04-18,8,17082,18130.77802579365
2025-04-19,8,13331,14419.19822420635
2025-04-20,8,8920,9316.068095238095
2025-04-21,8,17466,17342.47738095238
2025-04-22,8,19092,19493.207232142857
2025-04-23,8,19353,19322.695185185185
2025-04-24,8,20028,19088.58231150794
2025-04-25,8,16993,17716.388419312167
2025-04-26,8,13929,12878.279990079365
2025-04-27,8,10237,9578.98172619048
2025-04-28,8,17764,17261.78732142857
2025-04-29,8,19556,19258.004758597883
2025-04-30,8,19365,19499.236921296295
2025-05-01,8,19271,19474.102847222224
2025-05-02,8,19119,17730.30141534391
2025-05-03,8,13414,14557.39806547619
2025-05-04,8,9442,9365.422354497354
2025-05-05,8,17415,17297.259920634915
2025-05-06,8,19037,19474.9908234127
2025-05-07,8,18243,19453.344113756615
2025-05-08,8,18182,19525.24872023809
2025-05-09,8,17283,18354.062678571427
2025-05-10,8,13990,12678.53054563492
2025-05-11,8,9484,9712.33396825397
2025-05-12,8,15554,17077.64692460317
2025-05-13,8,17323,17850.00918650794
2025-05-14,8,17110,18080.938402777774
2025-05-15,8,16986,17594.026081349202
2025-05-16,8,16041,16076.237853835975
2025-05-17,8,12288,13769.089206349205
2025-05-18,8,9842,8466.352787698412
2025-05-19,8,15785,15837.480416666667
2025-05-20,8,15776,16982.998802910057
2025-05-21,8,17143,16555.674424603178
2025-05-22,8,17248,17360.778105158734
2025-05-23,8,16273,16522.645734126985
2025-05-24,8,13673,11904.764533730156
2025-05-25,8,10090,9336.898174603173
2025-05-26,8,9548,7684.779503968253
2025-05-27,8,16495,15361.594305555558
2025-05-28,8,16683,16565.021044973542
2025-05-29,8,17254,16461.61659060847
2025-05-30,8,15809,15996.758287037035
2025-05-31,8,13993,13207.526666666667
2025-06-01,8,10198,9673.585912698414
2025-06-02,8,16048,13599.007529761908
2025-06-03,8,18199,17129.13592592593
2025-06-04,8,16494,18426.743368506493
2025-06-05,8,17046,17499.327757936506
2025-06-06,8,16723,16497.61309523809
2025-06-07,8,14091,14046.438263888887
2025-06-08,8,10047,9824.230687830686
2025-06-09,8,15507,15967.224742063492
2025-06-10,8,17725,16849.18591600529
2025-06-11,8,17862,17972.692674062044
2025-06-12,8,17359,18135.15546626984
2025-06-13,8,15706,16825.938032407405
2025-06-14,8,15024,13724.49742063492
2025-06-15,8,10762,9789.559345238094
2025-06-16,8,14962,16337.948154761903
2025-06-17,8,17086,16667.428425925922
2025-06-18,8,15615,17678.999434523812
2025-06-19,8,14591,16602.547509920638
2025-06-20,8,14071,15135.273551587301
2025-06-21,8,11953,14948.87658730159
2025-06-22,8,8938,7818.768134920636
2025-06-23,8,14067,15029.800515873018
2025-06-24,8,16502,16390.666795634916
2025-06-25,8,16280,16726.052040343915
2025-06-26,8,16025,16068.299183201065
2025-06-27,8,14975,15586.526517857146
2025-06-28,8,13262,11813.85472222222
2025-06-29,8,8030,8640.584722222222
2025-06-30,8,15299,15199.47089285714
2025-07-01,8,16880,16020.609126984124
2025-07-02,8,16674,16691.100975529098
2025-07-03,8,15296,16774.446054894175
2025-07-04,8,8801,8212.498154761903
2025-07-05,8,11571,12471.03191468254
2025-07-06,8,8906,8498.960000000001
2025-07-07,8,15442,14606.035773809526
2025-07-08,8,16584,15824.718174603177
2025-07-09,8,16678,16344.612926587304
2025-07-10,8,16638,16440.982278439154
2025-07-11,8,15455,15241.283462301584
2025-07-12,8,13267,11836.09208333333
2025-07-13,8,10055,8645.329166666666
2025-07-14,8,15182,15854.713511904763
2025-07-15,8,16728,16080.11240079365
2025-07-16,8,16022,17517.12638888889
2025-07-17,8,16511,16666.17688492064
2025-07-18,8,15996,16237.90541666667
2025-07-19,8,13480,12113.864682539683
2025-07-20,8,10332,9144.469484126983
2025-07-21,8,15501,15835.9251984127
2025-07-22,8,17031,16641.159715608468
2025-07-23,8,15728,17671.920982142856
2025-07-24,8,15447,16472.606706349205
2025-07-25,8,14197,15046.378085317458
2025-07-26,8,13335,12343.910317460319
2025-07-27,8,10274,9127.090628306878
2025-07-28,8,14934,15586.98277777778
2025-07-29,8,16910,16295.081031746035
2025-07-30,8,15804,16732.021590608467
2025-07-31,8,16457,15674.464305555557
2025-08-01,8,16385,16074.961805555562
2025-08-02,8,13849,12282.61748015873
2025-08-03,8,9980,9605.650370370371
2025-08-04,8,13777,15785.304325396826
2025-08-05,8,15168,16457.074761904765
2025-08-06,8,14219,15290.458095238097
2025-08-07,8,14466,15366.401240079362
2025-08-08,8,11521,14664.96111111111
2025-08-09,8,9592,13009.02640873016
2025-08-10,8,7127,7445.589454365078
2025-08-11,8,13069,12802.03253968254
2025-08-12,8,13958,14382.096630291006
2025-08-13,8,14672,14132.436620370368
2025-08-14,8,15069,14207.820184583932
2025-08-15,8,13993,13979.717261904765
2025-08-16,8,11579,10676.792807539687
2025-08-17,8,8141,8272.074708994713
2025-08-18,8,14146,13262.508859126981
2025-08-19,8,16087,14546.193892195766
2025-08-20,8,16255,15544.664421296298
2025-08-21,8,16305,16500.18769510582
2025-08-22,8,15574,15827.182003968259
2025-08-23,8,11808,11625.930367063493
2025-08-24,8,9371,8506.220138888886
2025-08-25,8,18018,15468.825763888888
2025-08-26,8,18437,18262.93234126984
2025-08-27,8,18239,18137.414494047618
2025-08-28,8,18620,18356.736091269835
2025-08-29,8,17604,17295.89046626984
2025-08-30,8,12176,12329.908492063492
2025-08-31,8,8960,8760.218174603175
2025-09-01,8,8770,8643.87029100529
2025-09-02,8,18866,16780.436894841267
2025-09-03,8,18179,18350.795443121693
2025-09-04,8,19213,18080.60103835979
2025-09-05,8,17783,16889.734126984127
2025-09-06,8,12399,12382.359097222223
2025-09-07,8,9355,8395.004543650795
2025-09-08,8,17880,14241.827539682537
2025-09-09,8,18722,18534.144490740742
2025-09-10,8,17951,18663.94341931217
2025-09-11,8,17464,18870.863720238096
2025-09-12,8,17069,17340.382162698403
2025-09-13,8,11282,12158.708829365078
2025-09-14,8,9391,8415.951914682539
2025-09-15,8,17388,16936.679874338624
2025-09-16,8,18754,17941.663690476187
2025-09-17,8,18650,18387.048978174604
2025-09-18,8,18975,18352.131249999995
2025-09-19,8,17255,17302.377916666668
2025-09-20,8,12333,12213.510962301585
2025-09-21,8,9991,8704.75023809524
2025-09-22,8,17780,17175.821646825396
2025-09-23,8,18060,18539.056712962964
2025-09-24,8,18806,18449.822976190477
2025-09-25,8,18426,18416.029275793655
2025-09-26,8,16635,17199.833492063488
2025-09-27,8,12746,11967.607192460311
2025-09-28,8,9656,8777.042053571427
2025-09-29,8,17560,17007.267949735447
2025-09-30,8,17475,18493.447499999995
2025-10-01,8,17399,18338.793105158726
2025-10-02,8,17759,18402.605158730155
2025-10-03,8,17473,17272.02431547619
2025-10-04,8,12043,12206.202579365081
2025-10-05,8,8212,8087.305059523808
2025-10-06,8,17384,16068.31523148148
2025-10-07,8,17941,17955.209523809517
2025-10-08,8,17868,18508.036974206345
2025-10-09,8,17898,18323.058244047614
2025-10-10,8,17183,16530.444424603174
2025-10-11,8,13139,12272.234345238096
2025-10-12,8,6014,8395.488515211639
2025-10-13,8,14700,14295.113148148148
2025-10-14,8,18422,16430.242876984128
2025-10-15,8,16980,18289.436626984123
2025-10-16,8,17201,17755.650902777776
2025-10-17,8,17059,16254.155099206351
2025-10-18,8,13411,12542.608769841268
2025-10-19,8,7983,10948.48142857143
2025-10-20,8,16995,14250.729087301585
2025-10-21,8,16683,18270.07432539682
2025-10-22,8,17401,17565.94662698412
2025-10-23,8,16994,17777.673134920635
2025-10-24,8,16646,16319.158382936504
2025-10-25,8,13163,12304.854146825395
2025-10-26,8,9839,8568.64214285714
2025-10-27,8,16057,16420.5030489418
2025-10-28,8,17582,17050.080945767197
2025-10-29,8,17618,18142.237757936506
2025-10-30,8,18497,18366.399761904755
2025-10-31,8,16053,17252.261121031745
2025-11-01,8,11341,12023.39954365079
2025-11-02,8,8817,8241.860019841268
2025-11-03,8,18027,15970.145486111112
2025-11-04,8,17353,18261.33361111111
2025-11-05,8,17122,17887.84097222222
2025-11-06,8,17267,17976.25672619047
2025-11-07,8,15224,16535.79136904762
2025-11-08,8,10767,11531.03448412698
2025-11-09,8,7871,7102.6719444444425
2025-11-10,8,14251,15658.968184523808
2025-11-11,8,14652,16169.457867063487
2025-11-12,8,17527,14560.055565476185
2025-11-13,8,17121,16985.250436507937
2025-11-14,8,16113,15957.87472222222
2025-11-15,8,11671,11183.048425925923
2025-11-16,8,8882,8322.343432539683
2025-11-17,8,16390,15294.549672619045
2025-11-18,8,16337,16812.776101190484
2025-11-19,8,17376,17072.223392857144
2025-11-20,8,17190,17685.705238095237
2025-11-21,8,16049,16505.881924603174
2025-11-22,8,11849,11556.85853174603
2025-11-23,8,8666,7697.384523809523
2025-11-24,8,14933,15918.860456349212
2025-11-25,8,14266,16012.152757936514
2025-11-26,8,11367,14752.96222222222
2025-11-27,8,4368,6815.586329365078
2025-11-28,8,8670,9341.9646031746
2025-11-29,8,7149,9921.31246031746
2025-11-30,8,6579,6410.271835317459
2025-12-01,8,16147,12958.748991402112
2025-12-02,8,16467,15616.301980820108
2025-12-03,8,16685,15068.93245039683
2025-12-04,8,15434,15206.091309523812
2025-12-05,8,15231,14316.667063492063
2025-12-06,8,9023,11560.422142857144
2025-12-07,8,8087,7244.574146825397
2025-12-08,8,15683,14556.220000000003
2025-12-09,8,15638,16033.4775
2025-12-10,8,15708,15436.721607142854
2025-12-11,8,16172,15530.515575396823
2025-12-12,8,15158,15248.08476190476
2025-12-13,8,9859,10564.470274470897
2025-12-14,8,6436,6951.809037698412
2025-12-15,8,11967,14203.57570436508
2025-12-16,8,14836,14331.926256613751
2025-12-17,8,14455,14793.140218253962
2025-12-18,8,13360,14564.033511904758
2025-12-19,8,12179,13009.468174603177
2025-12-20,8,10605,9230.185555555556
2025-12-21,8,7689,7626.567698412698
2025-12-22,8,11241,13469.32407738095
2025-12-23,8,10797,13148.150674603172
2025-12-24,8,8246,12547.539027777779
2025-12-25,8,3836,3829.440575396825
2025-12-26,8,8709,9382.854656084655
2025-12-27,8,8322,9006.867708333333
2025-12-28,8,6265,6365.785674603174
2025-12-29,8,9641,10292.654229497355
2025-12-30,8,10611,9904.463442460317
2025-12-31,8,10601,8535.633432539682
2026-01-01,8,5881,8217.045575396827
2026-01-02,8,11398,10178.382499999998
2026-01-03,8,9850,9134.692271825397
2026-01-04,8,7643,6668.345790343915
2026-01-05,8,13306,11465.92575727513
2026-01-06,8,14780,13790.966587301593
2026-01-07,8,14775,14387.339206349205
2026-01-08,8,14250,14503.95484126984
2026-01-09,8,14342,13292.241269841274
2026-01-10,8,10895,10983.520456349208
2026-01-11,8,8372,7968.295634920634
2026-01-12,8,16498,14734.993382936507
2026-01-13,8,17815,17036.039831349204
2026-01-14,8,15833,17528.90413900914
2026-01-15,8,16861,15867.067341269843
2026-01-16,8,15333,16334.69236111111
2026-01-17,8,10515,11314.983057359308
2026-01-18,8,8193,7929.442787698412
2026-01-19,8,8899,14793.33684523809
2026-01-20,8,17018,15466.305138888885
2026-01-21,8,17573,16904.66186507936
2026-01-22,8,16698,17313.04120039683
2026-01-23,8,6535,16371.285496031745
2026-01-24,8,8009,10053.728214285713
2026-01-25,8,6303,7129.4818948412685
2026-01-26,8,14268,12755.939110449739
2026-01-27,8,16702,15562.753015873015
2026-01-28,8,17035,17240.50753968254
2026-01-29,8,16385,17155.898005952382
2026-01-30,8,15114,14124.948194444445
2026-01-31,8,10809,10907.428194444443
2026-02-01,8,9229,7968.3133719983725
2026-02-02,8,16254,15884.793462301594
2026-02-03,8,17785,17160.31091269841
2026-02-04,8,17991,17739.29685515873
2026-02-05,8,17923,17932.219916125538
2026-02-06,8,17442,17106.082847222224
2026-02-07,8,11710,11767.097781084656
2026-02-08,8,8779,8669.537807539682
2026-02-09,8,16600,15844.46728174603
2026-02-10,8,17953,17782.852202380946
2026-02-11,8,18561,17886.826339285715
2026-02-12,8,17884,17861.868303571435
2026-02-13,8,17144,16299.887876984123
2026-02-14,8,12097,12358.551458333332
2026-02-15,8,9678,8690.607628968251
2026-02-16,8,14243,16063.13121031746
2026-02-17,8,17418,16424.56972222222
2026-02-18,8,18041,17666.66657738095
2026-02-19,8,18039,17665.11180555556
2026-02-20,8,16271,16594.838085317457
2026-02-21,8,11726,11874.545853174604
2026-02-22,8,8853,8459.821071428572
2026-02-23,8,16402,15939.513164682543
2026-02-24,8,17898,17327.617331349204
2026-02-25,8,18045,17578.4239484127
2026-02-26,8,17122,17623.52648809524
2026-02-27,8,17441,16533.67716269841
2026-02-28,8,11803,12395.512847222222
2026-03-01,8,9464,8686.480932539685
2026-03-02,8,17000,15735.22964285714
2026-03-03,8,17663,17585.441994047615
2026-03-04,8,17587,17735.32157738095
2026-03-05,8,18273,18012.403373015874
2026-03-06,8,15834,16342.70106812169
2026-03-07,8,13182,11928.808442460318
2026-03-08,8,9921,9120.022976190476
2026-03-09,8,17657,16640.236164021164
2026-03-10,8,17709,18236.85663690476
2026-03-11,8,16798,18284.948005952374
2026-03-12,8,18526,17996.061329365075
2026-03-13,8,16774,17020.050625
2026-03-14,8,13099,12405.865009920635
2026-03-15,8,8141,9217.471567460316
2026-03-16,8,15618,15923.833584656079
2026-03-17,8,17268,17116.35350529101
2026-03-18,8,17067,17649.83859126984
2026-03-19,8,18449,17549.29030753968
2026-03-20,8,17571,17038.615363756617
2026-03-21,8,12378,12616.695803571432
2026-03-22,8,8393,8667.778015873013
2026-03-23,8,13567,15642.304087301593
2026-03-24,8,14127,16142.778640873019
2026-03-25,8,14643,15377.725833333334
2026-03-26,8,13053,15011.434682539682
2026-03-27,8,13390,14517.130545634918
2026-03-28,8,11809,11499.08939664502
2026-03-29,8,9132,8486.77713293651
2026-03-30,8,17679,13724.41498346561
2026-03-31,8,17345,16885.51287698413
2025-03-15,9,18401,16677.13198412698
2025-03-16,9,11675,13365.332371031744
2025-03-17,9,16924,15685.018414502167
2025-03-18,9,17603,17072.91506613757
2025-03-19,9,15857,17274.39169973545
2025-03-20,9,17404,17106.059272486775
2025-03-21,9,17850,17653.644133597885
2025-03-22,9,16011,16950.07131613756
2025-03-23,9,12564,12408.69196428571
2025-03-24,9,14604,16333.581448412691
2025-03-25,9,15201,16012.050358946608
2025-03-26,9,15315,16172.18787367725
2025-03-27,9,15321,16363.174466089466
2025-03-28,9,14937,15844.339146825398
2025-03-29,9,16302,15641.678088624341
2025-03-30,9,12688,12097.967053571427
2025-03-31,9,15228,14998.910446428568
2025-04-01,9,17287,15769.402450396828
2025-04-02,9,14015,16628.885972222222
2025-04-03,9,18586,15005.897863756614
2025-04-04,9,18017,16769.28900793651
2025-04-05,9,17051,16485.465813492057
2025-04-06,9,13911,13082.190138888891
2025-04-07,9,16654,16056.761924603177
2025-04-08,9,17441,16639.940206830208
2025-04-09,9,16665,17334.725248015875
2025-04-10,9,17736,17295.22245370371
2025-04-11,9,18180,17210.205317460317
2025-04-12,9,17337,16792.543363095232
2025-04-13,9,13924,12797.381894841268
2025-04-14,9,16729,16514.6539484127
2025-04-15,9,17465,17121.69095418471
2025-04-16,9,17809,17461.602708333336
2025-04-17,9,17123,17166.44491071429
2025-04-18,9,15283,17282.64490410053
2025-04-19,9,16340,16459.443454184704
2025-04-20,9,12059,12216.326319444439
2025-04-21,9,16019,16608.737420634916
2025-04-22,9,17215,16129.093325216447
2025-04-23,9,16333,16827.608521825397
2025-04-24,9,17942,16230.193902116398
2025-04-25,9,17127,16579.698988095242
2025-04-26,9,17642,16229.775714285712
2025-04-27,9,14385,13264.225254629628
2025-04-28,9,17144,16202.000869709002
2025-04-29,9,17991,17201.26929232804
2025-04-30,9,16815,17233.451498015875
2025-05-01,9,17813,17281.557175925933
2025-05-02,9,17954,16953.709990079366
2025-05-03,9,18001,16832.231765873014
2025-05-04,9,12988,12780.128323412697
2025-05-05,9,18129,16012.285873015875
2025-05-06,9,18968,17368.825935846562
2025-05-07,9,18358,17615.536478174603
2025-05-08,9,18015,17682.815426587305
2025-05-09,9,17770,16941.38236441799
2025-05-10,9,16841,16740.77239087301
2025-05-11,9,14211,12747.888343253968
2025-05-12,9,17126,16397.36863095238
2025-05-13,9,18509,17215.229950396824
2025-05-14,9,18168,17663.69579695768
2025-05-15,9,17029,17432.34940806879
2025-05-16,9,18377,17372.03830687831
2025-05-17,9,17549,16767.997648809516
2025-05-18,9,14386,12780.128323412697
2025-05-19,9,16672,16238.999206349205
2025-05-20,9,15825,17188.609027777784
2025-05-21,9,17486,16886.881990740745
2025-05-22,9,17371,17436.886200396824
2025-05-23,9,18341,17347.345423280425
2025-05-24,9,17625,17071.4310515873
2025-05-25,9,14292,12780.128323412697
2025-05-26,9,13421,11743.039930555555
2025-05-27,9,17781,16012.979818121694
2025-05-28,9,16918,17575.28433531746
2025-05-29,9,17748,17474.006205507456
2025-05-30,9,18088,17361.546577380956
2025-05-31,9,18731,17119.93379960317
2025-06-01,9,14920,12842.894851190475
2025-06-02,9,18126,16097.90735449736
2025-06-03,9,18448,17448.88598214286
2025-06-04,9,15972,17524.363819444443
2025-06-05,9,17845,16855.02388888889
2025-06-06,9,18774,16852.790767195766
2025-06-07,9,17701,17071.90579365079
2025-06-08,9,14096,13128.924295634917
2025-06-09,9,17826,16369.705436507935
2025-06-10,9,17729,16994.105727513226
2025-06-11,9,16860,17145.181498015874
2025-06-12,9,17849,17324.71328703704
2025-06-13,9,16513,16853.32104497354
2025-06-14,9,17806,17007.04427910053
2025-06-15,9,14145,12860.04554563492
2025-06-16,9,16405,16391.152936507937
2025-06-17,9,17067,17262.96455026455
2025-06-18,9,14528,17228.94978835979
2025-06-19,9,14288,16551.85099206349
2025-06-20,9,15892,16098.198376322753
2025-06-21,9,15461,16511.9714484127
2025-06-22,9,12417,12006.07444444444
2025-06-23,9,15950,14290.94279761905
2025-06-24,9,16363,15774.706507936506
2025-06-25,9,17491,15946.63070436508
2025-06-26,9,16277,16798.02903769841
2025-06-27,9,16330,16172.621478174608
2025-06-28,9,16927,15824.894298941797
2025-06-29,9,13354,13329.648263888883
2025-06-30,9,16842,15975.300433201059
2025-07-01,9,18367,16684.2146957672
2025-07-02,9,17269,17489.441626984128
2025-07-03,9,16472,17116.885992063493
2025-07-04,9,12999,12739.415605158725
2025-07-05,9,15192,16169.486210317456
2025-07-06,9,14082,12424.639712301581
2025-07-07,9,17219,16486.77722222222
2025-07-08,9,17070,16660.281646825395
2025-07-09,9,17307,16606.528124999997
2025-07-10,9,17144,16969.614523809527
2025-07-11,9,16540,16245.224464285711
2025-07-12,9,17929,16183.914282407402
2025-07-13,9,14970,12871.524712301585
2025-07-14,9,16862,16295.617916666668
2025-07-15,9,18128,17092.261653439156
2025-07-16,9,16690,17431.279037698416
2025-07-17,9,17084,17003.327023809525
2025-07-18,9,17091,17093.679510582013
2025-07-19,9,17426,16906.866302910053
2025-07-20,9,14855,13127.672351190473
2025-07-21,9,16748,16426.515734126984
2025-07-22,9,17337,17288.01032407408
2025-07-23,9,15780,17432.135267857146
2025-07-24,9,16364,16898.34876984127
2025-07-25,9,15938,16659.118458994708
2025-07-26,9,17387,16368.910448232322
2025-07-27,9,14190,13054.022450396822
2025-07-28,9,15804,16644.937291666665
2025-07-29,9,16951,16198.573444264066
2025-07-30,9,15058,16419.640357142856
2025-07-31,9,17689,16117.966068121692
2025-08-01,9,19857,17031.61758597884
2025-08-02,9,20190,17233.04109126984
2025-08-03,9,14901,12877.083462301585
2025-08-04,9,16910,15979.350532407412
2025-08-05,9,17364,17050.92744708995
2025-08-06,9,16866,17343.336855158734
2025-08-07,9,17328,17443.87802910053
2025-08-08,9,16400,17325.507023809525
2025-08-09,9,17007,16871.30521164021
2025-08-10,9,14703,13077.43276785714
2025-08-11,9,15861,16477.200376984125
2025-08-12,9,15110,16399.833275613277
2025-08-13,9,17011,16701.83429563492
2025-08-14,9,17289,17268.708503787882
2025-08-15,9,16731,17205.362149470908
2025-08-16,9,17937,16562.58864087301
2025-08-17,9,15316,13067.369996693122
2025-08-18,9,17089,15945.040631613761
2025-08-19,9,18659,17151.18667328043
2025-08-20,9,19086,17681.78756944444
2025-08-21,9,19123,17770.83931547619
2025-08-22,9,17971,17592.122579365077
2025-08-23,9,17998,16767.491349206342
2025-08-24,9,14431,13244.878263888886
2025-08-25,9,17429,16320.761746031745
2025-08-26,9,18593,17424.271031746026
2025-08-27,9,19017,17732.868019179896
2025-08-28,9,18552,17724.20746362434
2025-08-29,9,18886,17588.337433862438
2025-08-30,9,17440,17065.770654761902
2025-08-31,9,15754,12877.083462301585
2025-09-01,9,13299,12765.191845238094
2025-09-02,9,19019,16287.976547619046
2025-09-03,9,18623,17788.399963624342
2025-09-04,9,18321,17841.837185846565
2025-09-05,9,19247,17491.969933862438
2025-09-06,9,18562,17149.177599206345
2025-09-07,9,14586,13385.882986111108
2025-09-08,9,18124,16136.96649801588
2025-09-09,9,18084,17351.430519179896
2025-09-10,9,18947,17405.923435846562
2025-09-11,9,18254,17829.24024140212
2025-09-12,9,18297,17491.969933862438
2025-09-13,9,15490,17046.4881547619
2025-09-14,9,13361,12580.747619047614
2025-09-15,9,16487,16286.069464285714
2025-09-16,9,16907,17198.695138888896
2025-09-17,9,18561,17400.538716931223
2025-09-18,9,17595,18104.668819444447
2025-09-19,9,18583,17585.219474206348
2025-09-20,9,17201,16722.418908730153
2025-09-21,9,14260,12869.15659722222
2025-09-22,9,17765,16273.51418650794
2025-09-23,9,17196,17097.721200396823
2025-09-24,9,18307,17659.743878968253
2025-09-25,9,17994,17722.63820436508
2025-09-26,9,17445,17044.45361441799
2025-09-27,9,17635,16601.29472222222
2025-09-28,9,14243,12870.802767857142
2025-09-29,9,17069,16377.889226190477
2025-09-30,9,18017,17239.444133597885
2025-10-01,9,19340,17182.908773148145
2025-10-02,9,18633,17905.866213624344
2025-10-03,9,18380,17903.396507936508
2025-10-04,9,17749,17192.325238095236
2025-10-05,9,14027,12870.802767857142
2025-10-06,9,17059,16347.058829365082
2025-10-07,9,16720,17410.98991071429
2025-10-08,9,18714,17360.585019841274
2025-10-09,9,18642,17900.665380291008
2025-10-10,9,18276,17823.09951719577
2025-10-11,9,17406,17145.74857142857
2025-10-12,9,13275,12870.802767857142
2025-10-13,9,13602,16151.502817460318
2025-10-14,9,18053,16490.857321428575
2025-10-15,9,17562,17463.866299603174
2025-10-16,9,18397,17785.22176256614
2025-10-17,9,17442,18101.55590277778
2025-10-18,9,16573,17070.76379298942
2025-10-19,9,13269,12511.146160714286
2025-10-20,9,16965,16252.107063492065
2025-10-21,9,17356,17413.442271825403
2025-10-22,9,17509,17909.79750330688
2025-10-23,9,16622,17788.06261904762
2025-10-24,9,17207,17475.497336459834
2025-10-25,9,16545,16108.296881613753
2025-10-26,9,13496,12503.81421626984
2025-10-27,9,15321,15976.610892857143
2025-10-28,9,17198,16151.08203553391
2025-10-29,9,17255,17465.96107323233
2025-10-30,9,18050,17416.114292328046
2025-10-31,9,18574,17013.382668650793
2025-11-01,9,16261,16719.10112103174
2025-11-02,9,12988,12037.27157738095
2025-11-03,9,17543,15931.70970238096
2025-11-04,9,18545,17578.317860449733
2025-11-05,9,17725,17745.56151785714
2025-11-06,9,17583,17213.862969576716
2025-11-07,9,18260,17300.268366402117
2025-11-08,9,16070,16573.559999999994
2025-11-09,9,10882,11697.579494047619
2025-11-10,9,14881,15642.385436507937
2025-11-11,9,14131,16179.941230158729
2025-11-12,9,17814,16700.99053571428
2025-11-13,9,17671,17103.876329365077
2025-11-14,9,18237,17382.060419973543
2025-11-15,9,17642,16341.849186507932
2025-11-16,9,13358,13466.23525462963
2025-11-17,9,16034,15919.205962301594
2025-11-18,9,16781,16416.366779100532
2025-11-19,9,18631,17605.462328042337
2025-11-20,9,18004,17989.684176587303
2025-11-21,9,18532,17100.219626322752
2025-11-22,9,15491,17195.832876984125
2025-11-23,9,14014,12262.031527777774
2025-11-24,9,14682,16111.435274470909
2025-11-25,9,14210,16444.030753968258
2025-11-26,9,13442,16363.946884920633
2025-11-27,9,7683,10967.876646825393
2025-11-28,9,11316,10698.047546296297
2025-11-29,9,10805,13168.000482804233
2025-11-30,9,10223,8578.681398809524
2025-12-01,9,17137,12230.886785714283
2025-12-02,9,16578,15262.021746031745
2025-12-03,9,16978,15171.71405753968
2025-12-04,9,15855,15013.196001984128
2025-12-05,9,16650,15073.631785714297
2025-12-06,9,12804,15427.136626984122
2025-12-07,9,11742,10946.540793650796
2025-12-08,9,17021,15663.849980158728
2025-12-09,9,16748,16852.413750000003
2025-12-10,9,16497,16968.897916666665
2025-12-11,9,16686,16409.117500000004
2025-12-12,9,15950,16823.831884920637
2025-12-13,9,12871,15669.3498776455
2025-12-14,9,9237,10826.456534391535
2025-12-15,9,14294,13263.782638888888
2025-12-16,9,16880,14061.056726190478
2025-12-17,9,17283,15824.868025793648
2025-12-18,9,15506,16122.570585317453
2025-12-19,9,14985,15164.327278439156
2025-12-20,9,14576,14618.433832671959
2025-12-21,9,11853,12213.321587301583
2025-12-22,9,13807,14544.57814484127
2025-12-23,9,15514,14415.324722222222
2025-12-24,9,12208,15106.872480158729
2025-12-25,9,6402,9400.422169312173
2025-12-26,9,11800,10907.241051587303
2025-12-27,9,13110,12413.609859307358
2025-12-28,9,10385,10566.740049603173
2025-12-29,9,12090,12399.595753968253
2025-12-30,9,13335,12536.532202380955
2025-12-31,9,13735,12168.817996031748
2026-01-01,9,8914,10248.807688492067
2026-01-02,9,14177,11599.251560846556
2026-01-03,9,14397,13681.29882575757
2026-01-04,9,11873,11173.659067460314
2026-01-05,9,16561,13659.364613095233
2026-01-06,9,18013,15791.483948412695
2026-01-07,9,18225,16153.056587301584
2026-01-08,9,17245,16124.230615079361
2026-01-09,9,17743,16525.915307539686
2026-01-10,9,16069,16274.97301587301
2026-01-11,9,12169,12256.079900793644
2026-01-12,9,18506,16142.736825396825
2026-01-13,9,18385,17722.44739087302
2026-01-14,9,16263,17632.569864417997
2026-01-15,9,16965,16849.80990740741
2026-01-16,9,17629,17720.16486111111
2026-01-17,9,12995,16555.92654761904
2026-01-18,9,11252,10688.92972222222
2026-01-19,9,9456,15643.650099206343
2026-01-20,9,16083,12227.76481150794
2026-01-21,9,17665,15877.673521825398
2026-01-22,9,17246,16071.592599206348
2026-01-23,9,7964,16239.889871031746
2026-01-24,9,10342,11258.389831349206
2026-01-25,9,9138,9766.46900793651
2026-01-26,9,14463,13201.631319444446
2026-01-27,9,16848,14517.709755291009
2026-01-28,9,16978,15789.137589285716
2026-01-29,9,16955,15721.386597222223
2026-01-30,9,16973,15683.59216269841
2026-01-31,9,14681,15618.567847222226
2026-02-01,9,12000,11730.32536706349
2026-02-02,9,17031,15562.183690476191
2026-02-03,9,18601,16429.371716269838
2026-02-04,9,18383,17313.26507936508
2026-02-05,9,18040,17395.73658399471
2026-02-06,9,18207,17234.57523809524
2026-02-07,9,16275,16598.557162698406
2026-02-08,9,12754,12609.117962962955
2026-02-09,9,17635,16074.768789682537
2026-02-10,9,18923,17193.174755291002
2026-02-11,9,19027,17690.736392195766
2026-02-12,9,18512,17676.703614417995
2026-02-13,9,20518,17472.394140211643
2026-02-14,9,15972,16682.902083333327
2026-02-15,9,13820,12231.441210317458
2026-02-16,9,14946,16277.36071428571
2026-02-17,9,17051,16527.99501984127
2026-02-18,9,19527,17309.914533730163
2026-02-19,9,17448,17686.226392195775
2026-02-20,9,17351,17196.74525793651
2026-02-21,9,15291,16383.419980158727
2026-02-22,9,12184,12344.654107142851
2026-02-23,9,16531,15780.858670634916
2026-02-24,9,18051,16673.917903439156
2026-02-25,9,18546,17564.47430555556
2026-02-26,9,18180,17445.478343253973
2026-02-27,9,19141,17738.947728174608
2026-02-28,9,16137,16696.232460317457
2026-03-01,9,13062,12474.32508597883
2026-03-02,9,18229,16354.02759920635
2026-03-03,9,18940,17548.603336640215
2026-03-04,9,19032,17716.608336640216
2026-03-05,9,18457,17706.025281084658
2026-03-06,9,18055,17468.319140211643
2026-03-07,9,18663,16556.16232142857
2026-03-08,9,13854,12789.650942460317
2026-03-09,9,18865,16425.526269841266
2026-03-10,9,17886,17660.97389219577
2026-03-11,9,17230,17011.09673941799
2026-03-12,9,19793,17531.65889880953
2026-03-13,9,18849,17537.127473544977
2026-03-14,9,17627,17072.015833333327
2026-03-15,9,11855,12809.240228174602
2026-03-16,9,16191,16028.092182539682
2026-03-17,9,16302,16980.998611111114
2026-03-18,9,17864,16858.550681216937
2026-03-19,9,20109,16962.613961640214
2026-03-20,9,20469,17497.790251322753
2026-03-21,9,18453,17127.304305555554
2026-03-22,9,11577,13416.833958333329
2026-03-23,9,15568,15876.716686507942
2026-03-24,9,16401,16312.444570105827
2026-03-25,9,16824,17236.250000000007
2026-03-26,9,16020,17259.431759259267
2026-03-27,9,17091,16696.72656746032
2026-03-28,9,17104,16552.239940476193
2026-03-29,9,14534,13386.287430555554
2026-03-30,9,18688,16047.109970238102
2026-03-31,9,17785,17777.435297619046
